Workbook

Sheet สัปดาห์ที่ 1
A1: แบบบันทึกการเล่นตามมุมประสบการณ์ของเด็กปฐมวัยรายสัปดาห์
A2: โรงเรียนเทศบาลบ้านเพ ๑ สังกัดกองการศึกษา เทศบาลตำบลบ้านเพ ชั้น อ.๑/๓
A3: สัปดาห์ที่ 1 | D3: วันที่ .............. ถึง .............. เดือน .............. พ.ศ. ..............
D4: มุมเสริมประสบการณ์แหล่งเรียนรู้ นอกห้องเรียน | J4: สรุปมุม ที่เล่น | K4: หมายเหตุ
A5: ที่ | B5: ชื่อ | C5: นามสกุล | D5: คัดแยกขยะ (mRS) | E5: ขยะอินทรีย์ | F5: แปลงปลูกผัก | G5: ห้องแหล่ง เรียนรู้ | H5: ห้อง คอมพิวเตอร์ | I5: เครื่องหมาย จราจร | J5: จำนวน มุม
A6: 1 | B6: เด็กชายชวคริต | J6: =COUNTIF(D6:I6,"✓") -> 0
A7: 2 | B7: เด็กชายตะวัน | C7: เจริญผล | J7: =COUNTIF(D7:I7,"✓") -> 0
A8: 3 | B8: เด็กชายภิมรภัทร | C8: คำนึงคิด | J8: =COUNTIF(D8:I8,"✓") -> 0
A9: 4 | B9: เด็กชายธิรพงศ์ | C9: อู่อ่อน | J9: =COUNTIF(D9:I9,"✓") -> 0
A10: 5 | B10: เด็กชายสรวิชญ์ | C10: เตชสงค์ | J10: =COUNTIF(D10:I10,"✓") -> 0
A11: 6 | B11: เด็กหญิงธัญญามาศ | C11: วิมลศรี | J11: =COUNTIF(D11:I11,"✓") -> 0
A12: 7 | B12: เด็กชายวสิน | C12: เม็ด | J12: =COUNTIF(D12:I12,"✓") -> 0
A13: 8 | B13: เด็กหญิงลีนา | C13: ออง | J13: =COUNTIF(D13:I13,"✓") -> 0
A14: 9 | B14: เด็กชายพชร | C14: ธรรมหลวง | J14: =COUNTIF(D14:I14,"✓") -> 0
A15: 10 | B15: เด็กชายศิวกรณ์ | C15: ถึงวงศ์ | J15: =COUNTIF(D15:I15,"✓") -> 0
A16: 11 | B16: เด็กหญิงนิตยาภรณ์ | C16: กาสิงห์ | J16: =COUNTIF(D16:I16,"✓") -> 0
A17: 12 | B17: เด็กชายภาณุวิชญ์ | C17: โยชนะ | J17: =COUNTIF(D17:I17,"✓") -> 0
A18: 13 | B18: เด็กหญิงธรรณชนก | C18: ขอบอรัญ | J18: =COUNTIF(D18:I18,"✓") -> 0
... A23: 18 | B23: เด็กหญิงพิชญาพร | C23: อุดร | J23: =COUNTIF(D23:I23,"✓") -> 0
A24: 19 | J24: =COUNTIF(D24:I24,"✓") -> 0
A25: 20 | J25: =COUNTIF(D25:I25,"✓") -> 0
A26: 21 | J26: =COUNTIF(D26:I26,"✓") -> 0
A27: 22 | J27: =COUNTIF(D27:I27,"✓") -> 0
A28: 23 | J28: =COUNTIF(D28:I28,"✓") -> 0
A29: รวมจำนวนนักเรียนที่เล่นแต่ละมุม | D29: =COUNTIF(D6:D28,"✓") -> 0 | E29: =COUNTIF(E6:E28,"✓") -> 0 | F29: =COUNTIF(F6:F28,"✓") -> 0 | G29: =COUNTIF(G6:G28,"✓") -> 0 | H29: =COUNTIF(H6:H28,"✓") -> 0 | I29: =COUNTIF(I6:I28,"✓") -> 0 | J29: =SUM(J6:J28) -> 0
A31: ลงชื่อ .................................................. ผู้บันทึก ( นางสาววรพรรณ เจนการกิจ )

Sheet สัปดาห์ที่ 2
A1: แบบบันทึกการเล่นตามมุมประสบการณ์ของเด็กปฐมวัยรายสัปดาห์
A2: โรงเรียนเทศบาลบ้านเพ ๑ สังกัดกองการศึกษา เทศบาลตำบลบ้านเพ ชั้น อ.๑/๓
A3: สัปดาห์ที่ 2 | D3: วันที่ .............. ถึง .............. เดือน .............. พ.ศ. ..............
D4: มุมเสริมประสบการณ์แหล่งเรียนรู้ นอกห้องเรียน | J4: สรุปมุม ที่เล่น | K4: หมายเหตุ
A5: ที่ | B5: ชื่อ | C5: นามสกุล | D5: คัดแยกขยะ (mRS) | E5: ขยะอินทรีย์ | F5: แปลงปลูกผัก | G5: ห้องแหล่ง เรียนรู้ | H5: ห้อง คอมพิวเตอร์ | I5: เครื่องหมาย จราจร | J5: จำนวน มุม
A6: 1 | B6: เด็กชายชวคริต | J6: =COUNTIF(D6:I6,"✓") -> 0
A7: 2 | B7: เด็กชายตะวัน | C7: เจริญผล | J7: =COUNTIF(D7:I7,"✓") -> 0
A8: 3 | B8: เด็กชายภิมรภัทร | C8: คำนึงคิด | J8: =COUNTIF(D8:I8,"✓") -> 0
A9: 4 | B9: เด็กชายธิรพงศ์ | C9: อู่อ่อน | J9: =COUNTIF(D9:I9,"✓") -> 0
A10: 5 | B10: เด็กชายสรวิชญ์ | C10: เตชสงค์ | J10: =COUNTIF(D10:I10,"✓") -> 0
A11: 6 | B11: เด็กหญิงธัญญามาศ | C11: วิมลศรี | J11: =COUNTIF(D11:I11,"✓") -> 0
A12: 7 | B12: เด็กชายวสิน | C12: เม็ด | J12: =COUNTIF(D12:I12,"✓") -> 0
A13: 8 | B13: เด็กหญิงลีนา | C13: ออง | J13: =COUNTIF(D13:I13,"✓") -> 0
A14: 9 | B14: เด็กชายพชร | C14: ธรรมหลวง | J14: =COUNTIF(D14:I14,"✓") -> 0
A15: 10 | B15: เด็กชายศิวกรณ์ | C15: ถึงวงศ์ | J15: =COUNTIF(D15:I15,"✓") -> 0
A16: 11 | B16: เด็กหญิงนิตยาภรณ์ | C16: กาสิงห์ | J16: =COUNTIF(D16:I16,"✓") -> 0
A17: 12 | B17: เด็กชายภาณุวิชญ์ | C17: โยชนะ | J17: =COUNTIF(D17:I17,"✓") -> 0
A18: 13 | B18: เด็กหญิงธรรณชนก | C18: ขอบอรัญ | J18: =COUNTIF(D18:I18,"✓") -> 0
... A23: 18 | B23: เด็กหญิงพิชญาพร | C23: อุดร | J23: =COUNTIF(D23:I23,"✓") -> 0
A24: 19 | J24: =COUNTIF(D24:I24,"✓") -> 0
A25: 20 | J25: =COUNTIF(D25:I25,"✓") -> 0
A26: 21 | J26: =COUNTIF(D26:I26,"✓") -> 0
A27: 22 | J27: =COUNTIF(D27:I27,"✓") -> 0
A28: 23 | J28: =COUNTIF(D28:I28,"✓") -> 0
A29: รวมจำนวนนักเรียนที่เล่นแต่ละมุม | D29: =COUNTIF(D6:D28,"✓") -> 0 | E29: =COUNTIF(E6:E28,"✓") -> 0 | F29: =COUNTIF(F6:F28,"✓") -> 0 | G29: =COUNTIF(G6:G28,"✓") -> 0 | H29: =COUNTIF(H6:H28,"✓") -> 0 | I29: =COUNTIF(I6:I28,"✓") -> 0 | J29: =SUM(J6:J28) -> 0
A31: ลงชื่อ .................................................. ผู้บันทึก ( นางสาววรพรรณ เจนการกิจ )

Sheet สัปดาห์ที่ 3
A1: แบบบันทึกการเล่นตามมุมประสบการณ์ของเด็กปฐมวัยรายสัปดาห์
A2: โรงเรียนเทศบาลบ้านเพ ๑ สังกัดกองการศึกษา เทศบาลตำบลบ้านเพ ชั้น อ.๑/๓
A3: สัปดาห์ที่ 3 | D3: วันที่ .............. ถึง .............. เดือน .............. พ.ศ. ..............
D4: มุมเสริมประสบการณ์แหล่งเรียนรู้ นอกห้องเรียน | J4: สรุปมุม ที่เล่น | K4: หมายเหตุ
A5: ที่ | B5: ชื่อ | C5: นามสกุล | D5: คัดแยกขยะ (mRS) | E5: ขยะอินทรีย์ | F5: แปลงปลูกผัก | G5: ห้องแหล่ง เรียนรู้ | H5: ห้อง คอมพิวเตอร์ | I5: เครื่องหมาย จราจร | J5: จำนวน มุม
A6: 1 | B6: เด็กชายชวคริต | J6: =COUNTIF(D6:I6,"✓") -> 0
A7: 2 | B7: เด็กชายตะวัน | C7: เจริญผล | J7: =COUNTIF(D7:I7,"✓") -> 0
A8: 3 | B8: เด็กชายภิมรภัทร | C8: คำนึงคิด | J8: =COUNTIF(D8:I8,"✓") -> 0
A9: 4 | B9: เด็กชายธิรพงศ์ | C9: อู่อ่อน | J9: =COUNTIF(D9:I9,"✓") -> 0
A10: 5 | B10: เด็กชายสรวิชญ์ | C10: เตชสงค์ | J10: =COUNTIF(D10:I10,"✓") -> 0
A11: 6 | B11: เด็กหญิงธัญญามาศ | C11: วิมลศรี | J11: =COUNTIF(D11:I11,"✓") -> 0
A12: 7 | B12: เด็กชายวสิน | C12: เม็ด | J12: =COUNTIF(D12:I12,"✓") -> 0
A13: 8 | B13: เด็กหญิงลีนา | C13: ออง | J13: =COUNTIF(D13:I13,"✓") -> 0
A14: 9 | B14: เด็กชายพชร | C14: ธรรมหลวง | J14: =COUNTIF(D14:I14,"✓") -> 0
A15: 10 | B15: เด็กชายศิวกรณ์ | C15: ถึงวงศ์ | J15: =COUNTIF(D15:I15,"✓") -> 0
A16: 11 | B16: เด็กหญิงนิตยาภรณ์ | C16: กาสิงห์ | J16: =COUNTIF(D16:I16,"✓") -> 0
A17: 12 | B17: เด็กชายภาณุวิชญ์ | C17: โยชนะ | J17: =COUNTIF(D17:I17,"✓") -> 0
A18: 13 | B18: เด็กหญิงธรรณชนก | C18: ขอบอรัญ | J18: =COUNTIF(D18:I18,"✓") -> 0
... A23: 18 | B23: เด็กหญิงพิชญาพร | C23: อุดร | J23: =COUNTIF(D23:I23,"✓") -> 0
A24: 19 | J24: =COUNTIF(D24:I24,"✓") -> 0
A25: 20 | J25: =COUNTIF(D25:I25,"✓") -> 0
A26: 21 | J26: =COUNTIF(D26:I26,"✓") -> 0
A27: 22 | J27: =COUNTIF(D27:I27,"✓") -> 0
A28: 23 | J28: =COUNTIF(D28:I28,"✓") -> 0
A29: รวมจำนวนนักเรียนที่เล่นแต่ละมุม | D29: =COUNTIF(D6:D28,"✓") -> 0 | E29: =COUNTIF(E6:E28,"✓") -> 0 | F29: =COUNTIF(F6:F28,"✓") -> 0 | G29: =COUNTIF(G6:G28,"✓") -> 0 | H29: =COUNTIF(H6:H28,"✓") -> 0 | I29: =COUNTIF(I6:I28,"✓") -> 0 | J29: =SUM(J6:J28) -> 0
A31: ลงชื่อ .................................................. ผู้บันทึก ( นางสาววรพรรณ เจนการกิจ )

Sheet สัปดาห์ที่ 4
A1: แบบบันทึกการเล่นตามมุมประสบการณ์ของเด็กปฐมวัยรายสัปดาห์
A2: โรงเรียนเทศบาลบ้านเพ ๑ สังกัดกองการศึกษา เทศบาลตำบลบ้านเพ ชั้น อ.๑/๓
A3: สัปดาห์ที่ 4 | D3: วันที่ .............. ถึง .............. เดือน .............. พ.ศ. ..............
D4: มุมเสริมประสบการณ์แหล่งเรียนรู้ นอกห้องเรียน | J4: สรุปมุม ที่เล่น | K4: หมายเหตุ
A5: ที่ | B5: ชื่อ | C5: นามสกุล | D5: คัดแยกขยะ (mRS) | E5: ขยะอินทรีย์ | F5: แปลงปลูกผัก | G5: ห้องแหล่ง เรียนรู้ | H5: ห้อง คอมพิวเตอร์ | I5: เครื่องหมาย จราจร | J5: จำนวน มุม
A6: 1 | B6: เด็กชายชวคริต | J6: =COUNTIF(D6:I6,"✓") -> 0
A7: 2 | B7: เด็กชายตะวัน | C7: เจริญผล | J7: =COUNTIF(D7:I7,"✓") -> 0
A8: 3 | B8: เด็กชายภิมรภัทร | C8: คำนึงคิด | J8: =COUNTIF(D8:I8,"✓") -> 0
A9: 4 | B9: เด็กชายธิรพงศ์ | C9: อู่อ่อน | J9: =COUNTIF(D9:I9,"✓") -> 0
A10: 5 | B10: เด็กชายสรวิชญ์ | C10: เตชสงค์ | J10: =COUNTIF(D10:I10,"✓") -> 0
A11: 6 | B11: เด็กหญิงธัญญามาศ | C11: วิมลศรี | J11: =COUNTIF(D11:I11,"✓") -> 0
A12: 7 | B12: เด็กชายวสิน | C12: เม็ด | J12: =COUNTIF(D12:I12,"✓") -> 0
A13: 8 | B13: เด็กหญิงลีนา | C13: ออง | J13: =COUNTIF(D13:I13,"✓") -> 0
A14: 9 | B14: เด็กชายพชร | C14: ธรรมหลวง | J14: =COUNTIF(D14:I14,"✓") -> 0
A15: 10 | B15: เด็กชายศิวกรณ์ | C15: ถึงวงศ์ | J15: =COUNTIF(D15:I15,"✓") -> 0
A16: 11 | B16: เด็กหญิงนิตยาภรณ์ | C16: กาสิงห์ | J16: =COUNTIF(D16:I16,"✓") -> 0
A17: 12 | B17: เด็กชายภาณุวิชญ์ | C17: โยชนะ | J17: =COUNTIF(D17:I17,"✓") -> 0
A18: 13 | B18: เด็กหญิงธรรณชนก | C18: ขอบอรัญ | J18: =COUNTIF(D18:I18,"✓") -> 0
... A23: 18 | B23: เด็กหญิงพิชญาพร | C23: อุดร | J23: =COUNTIF(D23:I23,"✓") -> 0
A24: 19 | J24: =COUNTIF(D24:I24,"✓") -> 0
A25: 20 | J25: =COUNTIF(D25:I25,"✓") -> 0
A26: 21 | J26: =COUNTIF(D26:I26,"✓") -> 0
A27: 22 | J27: =COUNTIF(D27:I27,"✓") -> 0
A28: 23 | J28: =COUNTIF(D28:I28,"✓") -> 0
A29: รวมจำนวนนักเรียนที่เล่นแต่ละมุม | D29: =COUNTIF(D6:D28,"✓") -> 0 | E29: =COUNTIF(E6:E28,"✓") -> 0 | F29: =COUNTIF(F6:F28,"✓") -> 0 | G29: =COUNTIF(G6:G28,"✓") -> 0 | H29: =COUNTIF(H6:H28,"✓") -> 0 | I29: =COUNTIF(I6:I28,"✓") -> 0 | J29: =SUM(J6:J28) -> 0
A31: ลงชื่อ .................................................. ผู้บันทึก ( นางสาววรพรรณ เจนการกิจ )

Sheet สัปดาห์ที่ 5
A1: แบบบันทึกการเล่นตามมุมประสบการณ์ของเด็กปฐมวัยรายสัปดาห์
A2: โรงเรียนเทศบาลบ้านเพ ๑ สังกัดกองการศึกษา เทศบาลตำบลบ้านเพ ชั้น อ.๑/๓
A3: สัปดาห์ที่ 5 | D3: วันที่ .............. ถึง .............. เดือน .............. พ.ศ. ..............
D4: มุมเสริมประสบการณ์แหล่งเรียนรู้ นอกห้องเรียน | J4: สรุปมุม ที่เล่น | K4: หมายเหตุ
A5: ที่ | B5: ชื่อ | C5: นามสกุล | D5: คัดแยกขยะ (mRS) | E5: ขยะอินทรีย์ | F5: แปลงปลูกผัก | G5: ห้องแหล่ง เรียนรู้ | H5: ห้อง คอมพิวเตอร์ | I5: เครื่องหมาย จราจร | J5: จำนวน มุม
A6: 1 | B6: เด็กชายชวคริต | J6: =COUNTIF(D6:I6,"✓") -> 0
A7: 2 | B7: เด็กชายตะวัน | C7: เจริญผล | J7: =COUNTIF(D7:I7,"✓") -> 0
A8: 3 | B8: เด็กชายภิมรภัทร | C8: คำนึงคิด | J8: =COUNTIF(D8:I8,"✓") -> 0
A9: 4 | B9: เด็กชายธิรพงศ์ | C9: อู่อ่อน | J9: =COUNTIF(D9:I9,"✓") -> 0
A10: 5 | B10: เด็กชายสรวิชญ์ | C10: เตชสงค์ | J10: =COUNTIF(D10:I10,"✓") -> 0
A11: 6 | B11: เด็กหญิงธัญญามาศ | C11: วิมลศรี | J11: =COUNTIF(D11:I11,"✓") -> 0
A12: 7 | B12: เด็กชายวสิน | C12: เม็ด | J12: =COUNTIF(D12:I12,"✓") -> 0
A13: 8 | B13: เด็กหญิงลีนา | C13: ออง | J13: =COUNTIF(D13:I13,"✓") -> 0
A14: 9 | B14: เด็กชายพชร | C14: ธรรมหลวง | J14: =COUNTIF(D14:I14,"✓") -> 0
A15: 10 | B15: เด็กชายศิวกรณ์ | C15: ถึงวงศ์ | J15: =COUNTIF(D15:I15,"✓") -> 0
A16: 11 | B16: เด็กหญิงนิตยาภรณ์ | C16: กาสิงห์ | J16: =COUNTIF(D16:I16,"✓") -> 0
A17: 12 | B17: เด็กชายภาณุวิชญ์ | C17: โยชนะ | J17: =COUNTIF(D17:I17,"✓") -> 0
A18: 13 | B18: เด็กหญิงธรรณชนก | C18: ขอบอรัญ | J18: =COUNTIF(D18:I18,"✓") -> 0
... A23: 18 | B23: เด็กหญิงพิชญาพร | C23: อุดร | J23: =COUNTIF(D23:I23,"✓") -> 0
A24: 19 | J24: =COUNTIF(D24:I24,"✓") -> 0
A25: 20 | J25: =COUNTIF(D25:I25,"✓") -> 0
A26: 21 | J26: =COUNTIF(D26:I26,"✓") -> 0
A27: 22 | J27: =COUNTIF(D27:I27,"✓") -> 0
A28: 23 | J28: =COUNTIF(D28:I28,"✓") -> 0
A29: รวมจำนวนนักเรียนที่เล่นแต่ละมุม | D29: =COUNTIF(D6:D28,"✓") -> 0 | E29: =COUNTIF(E6:E28,"✓") -> 0 | F29: =COUNTIF(F6:F28,"✓") -> 0 | G29: =COUNTIF(G6:G28,"✓") -> 0 | H29: =COUNTIF(H6:H28,"✓") -> 0 | I29: =COUNTIF(I6:I28,"✓") -> 0 | J29: =SUM(J6:J28) -> 0
A31: ลงชื่อ .................................................. ผู้บันทึก ( นางสาววรพรรณ เจนการกิจ )

Sheet สัปดาห์ที่ 6
A1: แบบบันทึกการเล่นตามมุมประสบการณ์ของเด็กปฐมวัยรายสัปดาห์
A2: โรงเรียนเทศบาลบ้านเพ ๑ สังกัดกองการศึกษา เทศบาลตำบลบ้านเพ ชั้น อ.๑/๓
A3: สัปดาห์ที่ 6 | D3: วันที่ .............. ถึง .............. เดือน .............. พ.ศ. ..............
D4: มุมเสริมประสบการณ์แหล่งเรียนรู้ นอกห้องเรียน | J4: สรุปมุม ที่เล่น | K4: หมายเหตุ
A5: ที่ | B5: ชื่อ | C5: นามสกุล | D5: คัดแยกขยะ (mRS) | E5: ขยะอินทรีย์ | F5: แปลงปลูกผัก | G5: ห้องแหล่ง เรียนรู้ | H5: ห้อง คอมพิวเตอร์ | I5: เครื่องหมาย จราจร | J5: จำนวน มุม
A6: 1 | B6: เด็กชายชวคริต | J6: =COUNTIF(D6:I6,"✓") -> 0
A7: 2 | B7: เด็กชายตะวัน | C7: เจริญผล | J7: =COUNTIF(D7:I7,"✓") -> 0
A8: 3 | B8: เด็กชายภิมรภัทร | C8: คำนึงคิด | J8: =COUNTIF(D8:I8,"✓") -> 0
A9: 4 | B9: เด็กชายธิรพงศ์ | C9: อู่อ่อน | J9: =COUNTIF(D9:I9,"✓") -> 0
A10: 5 | B10: เด็กชายสรวิชญ์ | C10: เตชสงค์ | J10: =COUNTIF(D10:I10,"✓") -> 0
A11: 6 | B11: เด็กหญิงธัญญามาศ | C11: วิมลศรี | J11: =COUNTIF(D11:I11,"✓") -> 0
A12: 7 | B12: เด็กชายวสิน | C12: เม็ด | J12: =COUNTIF(D12:I12,"✓") -> 0
A13: 8 | B13: เด็กหญิงลีนา | C13: ออง | J13: =COUNTIF(D13:I13,"✓") -> 0
A14: 9 | B14: เด็กชายพชร | C14: ธรรมหลวง | J14: =COUNTIF(D14:I14,"✓") -> 0
A15: 10 | B15: เด็กชายศิวกรณ์ | C15: ถึงวงศ์ | J15: =COUNTIF(D15:I15,"✓") -> 0
A16: 11 | B16: เด็กหญิงนิตยาภรณ์ | C16: กาสิงห์ | J16: =COUNTIF(D16:I16,"✓") -> 0
A17: 12 | B17: เด็กชายภาณุวิชญ์ | C17: โยชนะ | J17: =COUNTIF(D17:I17,"✓") -> 0
A18: 13 | B18: เด็กหญิงธรรณชนก | C18: ขอบอรัญ | J18: =COUNTIF(D18:I18,"✓") -> 0
... A23: 18 | B23: เด็กหญิงพิชญาพร | C23: อุดร | J23: =COUNTIF(D23:I23,"✓") -> 0
A24: 19 | J24: =COUNTIF(D24:I24,"✓") -> 0
A25: 20 | J25: =COUNTIF(D25:I25,"✓") -> 0
A26: 21 | J26: =COUNTIF(D26:I26,"✓") -> 0
A27: 22 | J27: =COUNTIF(D27:I27,"✓") -> 0
A28: 23 | J28: =COUNTIF(D28:I28,"✓") -> 0
A29: รวมจำนวนนักเรียนที่เล่นแต่ละมุม | D29: =COUNTIF(D6:D28,"✓") -> 0 | E29: =COUNTIF(E6:E28,"✓") -> 0 | F29: =COUNTIF(F6:F28,"✓") -> 0 | G29: =COUNTIF(G6:G28,"✓") -> 0 | H29: =COUNTIF(H6:H28,"✓") -> 0 | I29: =COUNTIF(I6:I28,"✓") -> 0 | J29: =SUM(J6:J28) -> 0
A31: ลงชื่อ .................................................. ผู้บันทึก ( นางสาววรพรรณ เจนการกิจ )

Sheet สัปดาห์ที่ 7
A1: แบบบันทึกการเล่นตามมุมประสบการณ์ของเด็กปฐมวัยรายสัปดาห์
A2: โรงเรียนเทศบาลบ้านเพ ๑ สังกัดกองการศึกษา เทศบาลตำบลบ้านเพ ชั้น อ.๑/๓
A3: สัปดาห์ที่ 7 | D3: วันที่ .............. ถึง .............. เดือน .............. พ.ศ. ..............
D4: มุมเสริมประสบการณ์แหล่งเรียนรู้ นอกห้องเรียน | J4: สรุปมุม ที่เล่น | K4: หมายเหตุ
A5: ที่ | B5: ชื่อ | C5: นามสกุล | D5: คัดแยกขยะ (mRS) | E5: ขยะอินทรีย์ | F5: แปลงปลูกผัก | G5: ห้องแหล่ง เรียนรู้ | H5: ห้อง คอมพิวเตอร์ | I5: เครื่องหมาย จราจร | J5: จำนวน มุม
A6: 1 | B6: เด็กชายชวคริต | J6: =COUNTIF(D6:I6,"✓") -> 0
A7: 2 | B7: เด็กชายตะวัน | C7: เจริญผล | J7: =COUNTIF(D7:I7,"✓") -> 0
A8: 3 | B8: เด็กชายภิมรภัทร | C8: คำนึงคิด | J8: =COUNTIF(D8:I8,"✓") -> 0
A9: 4 | B9: เด็กชายธิรพงศ์ | C9: อู่อ่อน | J9: =COUNTIF(D9:I9,"✓") -> 0
A10: 5 | B10: เด็กชายสรวิชญ์ | C10: เตชสงค์ | J10: =COUNTIF(D10:I10,"✓") -> 0
A11: 6 | B11: เด็กหญิงธัญญามาศ | C11: วิมลศรี | J11: =COUNTIF(D11:I11,"✓") -> 0
A12: 7 | B12: เด็กชายวสิน | C12: เม็ด | J12: =COUNTIF(D12:I12,"✓") -> 0
A13: 8 | B13: เด็กหญิงลีนา | C13: ออง | J13: =COUNTIF(D13:I13,"✓") -> 0
A14: 9 | B14: เด็กชายพชร | C14: ธรรมหลวง | J14: =COUNTIF(D14:I14,"✓") -> 0
A15: 10 | B15: เด็กชายศิวกรณ์ | C15: ถึงวงศ์ | J15: =COUNTIF(D15:I15,"✓") -> 0
A16: 11 | B16: เด็กหญิงนิตยาภรณ์ | C16: กาสิงห์ | J16: =COUNTIF(D16:I16,"✓") -> 0
A17: 12 | B17: เด็กชายภาณุวิชญ์ | C17: โยชนะ | J17: =COUNTIF(D17:I17,"✓") -> 0
A18: 13 | B18: เด็กหญิงธรรณชนก | C18: ขอบอรัญ | J18: =COUNTIF(D18:I18,"✓") -> 0
... A23: 18 | B23: เด็กหญิงพิชญาพร | C23: อุดร | J23: =COUNTIF(D23:I23,"✓") -> 0
A24: 19 | J24: =COUNTIF(D24:I24,"✓") -> 0
A25: 20 | J25: =COUNTIF(D25:I25,"✓") -> 0
A26: 21 | J26: =COUNTIF(D26:I26,"✓") -> 0
A27: 22 | J27: =COUNTIF(D27:I27,"✓") -> 0
A28: 23 | J28: =COUNTIF(D28:I28,"✓") -> 0
A29: รวมจำนวนนักเรียนที่เล่นแต่ละมุม | D29: =COUNTIF(D6:D28,"✓") -> 0 | E29: =COUNTIF(E6:E28,"✓") -> 0 | F29: =COUNTIF(F6:F28,"✓") -> 0 | G29: =COUNTIF(G6:G28,"✓") -> 0 | H29: =COUNTIF(H6:H28,"✓") -> 0 | I29: =COUNTIF(I6:I28,"✓") -> 0 | J29: =SUM(J6:J28) -> 0
A31: ลงชื่อ .................................................. ผู้บันทึก ( นางสาววรพรรณ เจนการกิจ )

Sheet สัปดาห์ที่ 8
A1: แบบบันทึกการเล่นตามมุมประสบการณ์ของเด็กปฐมวัยรายสัปดาห์
A2: โรงเรียนเทศบาลบ้านเพ ๑ สังกัดกองการศึกษา เทศบาลตำบลบ้านเพ ชั้น อ.๑/๓
A3: สัปดาห์ที่ 8 | D3: วันที่ .............. ถึง .............. เดือน .............. พ.ศ. ..............
D4: มุมเสริมประสบการณ์แหล่งเรียนรู้ นอกห้องเรียน | J4: สรุปมุม ที่เล่น | K4: หมายเหตุ
A5: ที่ | B5: ชื่อ | C5: นามสกุล | D5: คัดแยกขยะ (mRS) | E5: ขยะอินทรีย์ | F5: แปลงปลูกผัก | G5: ห้องแหล่ง เรียนรู้ | H5: ห้อง คอมพิวเตอร์ | I5: เครื่องหมาย จราจร | J5: จำนวน มุม
A6: 1 | B6: เด็กชายชวคริต | J6: =COUNTIF(D6:I6,"✓") -> 0
A7: 2 | B7: เด็กชายตะวัน | C7: เจริญผล | J7: =COUNTIF(D7:I7,"✓") -> 0
A8: 3 | B8: เด็กชายภิมรภัทร | C8: คำนึงคิด | J8: =COUNTIF(D8:I8,"✓") -> 0
A9: 4 | B9: เด็กชายธิรพงศ์ | C9: อู่อ่อน | J9: =COUNTIF(D9:I9,"✓") -> 0
A10: 5 | B10: เด็กชายสรวิชญ์ | C10: เตชสงค์ | J10: =COUNTIF(D10:I10,"✓") -> 0
A11: 6 | B11: เด็กหญิงธัญญามาศ | C11: วิมลศรี | J11: =COUNTIF(D11:I11,"✓") -> 0
A12: 7 | B12: เด็กชายวสิน | C12: เม็ด | J12: =COUNTIF(D12:I12,"✓") -> 0
A13: 8 | B13: เด็กหญิงลีนา | C13: ออง | J13: =COUNTIF(D13:I13,"✓") -> 0
A14: 9 | B14: เด็กชายพชร | C14: ธรรมหลวง | J14: =COUNTIF(D14:I14,"✓") -> 0
A15: 10 | B15: เด็กชายศิวกรณ์ | C15: ถึงวงศ์ | J15: =COUNTIF(D15:I15,"✓") -> 0
A16: 11 | B16: เด็กหญิงนิตยาภรณ์ | C16: กาสิงห์ | J16: =COUNTIF(D16:I16,"✓") -> 0
A17: 12 | B17: เด็กชายภาณุวิชญ์ | C17: โยชนะ | J17: =COUNTIF(D17:I17,"✓") -> 0
A18: 13 | B18: เด็กหญิงธรรณชนก | C18: ขอบอรัญ | J18: =COUNTIF(D18:I18,"✓") -> 0
... A23: 18 | B23: เด็กหญิงพิชญาพร | C23: อุดร | J23: =COUNTIF(D23:I23,"✓") -> 0
A24: 19 | J24: =COUNTIF(D24:I24,"✓") -> 0
A25: 20 | J25: =COUNTIF(D25:I25,"✓") -> 0
A26: 21 | J26: =COUNTIF(D26:I26,"✓") -> 0
A27: 22 | J27: =COUNTIF(D27:I27,"✓") -> 0
A28: 23 | J28: =COUNTIF(D28:I28,"✓") -> 0
A29: รวมจำนวนนักเรียนที่เล่นแต่ละมุม | D29: =COUNTIF(D6:D28,"✓") -> 0 | E29: =COUNTIF(E6:E28,"✓") -> 0 | F29: =COUNTIF(F6:F28,"✓") -> 0 | G29: =COUNTIF(G6:G28,"✓") -> 0 | H29: =COUNTIF(H6:H28,"✓") -> 0 | I29: =COUNTIF(I6:I28,"✓") -> 0 | J29: =SUM(J6:J28) -> 0
A31: ลงชื่อ .................................................. ผู้บันทึก ( นางสาววรพรรณ เจนการกิจ )

Sheet สัปดาห์ที่ 9
A1: แบบบันทึกการเล่นตามมุมประสบการณ์ของเด็กปฐมวัยรายสัปดาห์
A2: โรงเรียนเทศบาลบ้านเพ ๑ สังกัดกองการศึกษา เทศบาลตำบลบ้านเพ ชั้น อ.๑/๓
A3: สัปดาห์ที่ 9 | D3: วันที่ .............. ถึง .............. เดือน .............. พ.ศ. ..............
D4: มุมเสริมประสบการณ์แหล่งเรียนรู้ นอกห้องเรียน | J4: สรุปมุม ที่เล่น | K4: หมายเหตุ
A5: ที่ | B5: ชื่อ | C5: นามสกุล | D5: คัดแยกขยะ (mRS) | E5: ขยะอินทรีย์ | F5: แปลงปลูกผัก | G5: ห้องแหล่ง เรียนรู้ | H5: ห้อง คอมพิวเตอร์ | I5: เครื่องหมาย จราจร | J5: จำนวน มุม
A6: 1 | B6: เด็กชายชวคริต | J6: =COUNTIF(D6:I6,"✓") -> 0
A7: 2 | B7: เด็กชายตะวัน | C7: เจริญผล | J7: =COUNTIF(D7:I7,"✓") -> 0
A8: 3 | B8: เด็กชายภิมรภัทร | C8: คำนึงคิด | J8: =COUNTIF(D8:I8,"✓") -> 0
A9: 4 | B9: เด็กชายธิรพงศ์ | C9: อู่อ่อน | J9: =COUNTIF(D9:I9,"✓") -> 0
A10: 5 | B10: เด็กชายสรวิชญ์ | C10: เตชสงค์ | J10: =COUNTIF(D10:I10,"✓") -> 0
A11: 6 | B11: เด็กหญิงธัญญามาศ | C11: วิมลศรี | J11: =COUNTIF(D11:I11,"✓") -> 0
A12: 7 | B12: เด็กชายวสิน | C12: เม็ด | J12: =COUNTIF(D12:I12,"✓") -> 0
A13: 8 | B13: เด็กหญิงลีนา | C13: ออง | J13: =COUNTIF(D13:I13,"✓") -> 0
A14: 9 | B14: เด็กชายพชร | C14: ธรรมหลวง | J14: =COUNTIF(D14:I14,"✓") -> 0
A15: 10 | B15: เด็กชายศิวกรณ์ | C15: ถึงวงศ์ | J15: =COUNTIF(D15:I15,"✓") -> 0
A16: 11 | B16: เด็กหญิงนิตยาภรณ์ | C16: กาสิงห์ | J16: =COUNTIF(D16:I16,"✓") -> 0
A17: 12 | B17: เด็กชายภาณุวิชญ์ | C17: โยชนะ | J17: =COUNTIF(D17:I17,"✓") -> 0
A18: 13 | B18: เด็กหญิงธรรณชนก | C18: ขอบอรัญ | J18: =COUNTIF(D18:I18,"✓") -> 0
... A23: 18 | B23: เด็กหญิงพิชญาพร | C23: อุดร | J23: =COUNTIF(D23:I23,"✓") -> 0
A24: 19 | J24: =COUNTIF(D24:I24,"✓") -> 0
A25: 20 | J25: =COUNTIF(D25:I25,"✓") -> 0
A26: 21 | J26: =COUNTIF(D26:I26,"✓") -> 0
A27: 22 | J27: =COUNTIF(D27:I27,"✓") -> 0
A28: 23 | J28: =COUNTIF(D28:I28,"✓") -> 0
A29: รวมจำนวนนักเรียนที่เล่นแต่ละมุม | D29: =COUNTIF(D6:D28,"✓") -> 0 | E29: =COUNTIF(E6:E28,"✓") -> 0 | F29: =COUNTIF(F6:F28,"✓") -> 0 | G29: =COUNTIF(G6:G28,"✓") -> 0 | H29: =COUNTIF(H6:H28,"✓") -> 0 | I29: =COUNTIF(I6:I28,"✓") -> 0 | J29: =SUM(J6:J28) -> 0
A31: ลงชื่อ .................................................. ผู้บันทึก ( นางสาววรพรรณ เจนการกิจ )

Sheet สัปดาห์ที่ 10
A1: แบบบันทึกการเล่นตามมุมประสบการณ์ของเด็กปฐมวัยรายสัปดาห์
A2: โรงเรียนเทศบาลบ้านเพ ๑ สังกัดกองการศึกษา เทศบาลตำบลบ้านเพ ชั้น อ.๑/๓
A3: สัปดาห์ที่ 10 | D3: วันที่ .............. ถึง .............. เดือน .............. พ.ศ. ..............
D4: มุมเสริมประสบการณ์แหล่งเรียนรู้ นอกห้องเรียน | J4: สรุปมุม ที่เล่น | K4: หมายเหตุ
A5: ที่ | B5: ชื่อ | C5: นามสกุล | D5: คัดแยกขยะ (mRS) | E5: ขยะอินทรีย์ | F5: แปลงปลูกผัก | G5: ห้องแหล่ง เรียนรู้ | H5: ห้อง คอมพิวเตอร์ | I5: เครื่องหมาย จราจร | J5: จำนวน มุม
A6: 1 | B6: เด็กชายชวคริต | J6: =COUNTIF(D6:I6,"✓") -> 0
A7: 2 | B7: เด็กชายตะวัน | C7: เจริญผล | J7: =COUNTIF(D7:I7,"✓") -> 0
A8: 3 | B8: เด็กชายภิมรภัทร | C8: คำนึงคิด | J8: =COUNTIF(D8:I8,"✓") -> 0
A9: 4 | B9: เด็กชายธิรพงศ์ | C9: อู่อ่อน | J9: =COUNTIF(D9:I9,"✓") -> 0
A10: 5 | B10: เด็กชายสรวิชญ์ | C10: เตชสงค์ | J10: =COUNTIF(D10:I10,"✓") -> 0
A11: 6 | B11: เด็กหญิงธัญญามาศ | C11: วิมลศรี | J11: =COUNTIF(D11:I11,"✓") -> 0
A12: 7 | B12: เด็กชายวสิน | C12: เม็ด | J12: =COUNTIF(D12:I12,"✓") -> 0
A13: 8 | B13: เด็กหญิงลีนา | C13: ออง | J13: =COUNTIF(D13:I13,"✓") -> 0
A14: 9 | B14: เด็กชายพชร | C14: ธรรมหลวง | J14: =COUNTIF(D14:I14,"✓") -> 0
A15: 10 | B15: เด็กชายศิวกรณ์ | C15: ถึงวงศ์ | J15: =COUNTIF(D15:I15,"✓") -> 0
A16: 11 | B16: เด็กหญิงนิตยาภรณ์ | C16: กาสิงห์ | J16: =COUNTIF(D16:I16,"✓") -> 0
A17: 12 | B17: เด็กชายภาณุวิชญ์ | C17: โยชนะ | J17: =COUNTIF(D17:I17,"✓") -> 0
A18: 13 | B18: เด็กหญิงธรรณชนก | C18: ขอบอรัญ | J18: =COUNTIF(D18:I18,"✓") -> 0
... A23: 18 | B23: เด็กหญิงพิชญาพร | C23: อุดร | J23: =COUNTIF(D23:I23,"✓") -> 0
A24: 19 | J24: =COUNTIF(D24:I24,"✓") -> 0
A25: 20 | J25: =COUNTIF(D25:I25,"✓") -> 0
A26: 21 | J26: =COUNTIF(D26:I26,"✓") -> 0
A27: 22 | J27: =COUNTIF(D27:I27,"✓") -> 0
A28: 23 | J28: =COUNTIF(D28:I28,"✓") -> 0
A29: รวมจำนวนนักเรียนที่เล่นแต่ละมุม | D29: =COUNTIF(D6:D28,"✓") -> 0 | E29: =COUNTIF(E6:E28,"✓") -> 0 | F29: =COUNTIF(F6:F28,"✓") -> 0 | G29: =COUNTIF(G6:G28,"✓") -> 0 | H29: =COUNTIF(H6:H28,"✓") -> 0 | I29: =COUNTIF(I6:I28,"✓") -> 0 | J29: =SUM(J6:J28) -> 0
A31: ลงชื่อ .................................................. ผู้บันทึก ( นางสาววรพรรณ เจนการกิจ )

Sheet สัปดาห์ที่ 11
A1: แบบบันทึกการเล่นตามมุมประสบการณ์ของเด็กปฐมวัยรายสัปดาห์
A2: โรงเรียนเทศบาลบ้านเพ ๑ สังกัดกองการศึกษา เทศบาลตำบลบ้านเพ ชั้น อ.๑/๓
A3: สัปดาห์ที่ 11 | D3: วันที่ .............. ถึง .............. เดือน .............. พ.ศ. ..............
D4: มุมเสริมประสบการณ์แหล่งเรียนรู้ นอกห้องเรียน | J4: สรุปมุม ที่เล่น | K4: หมายเหตุ
A5: ที่ | B5: ชื่อ | C5: นามสกุล | D5: คัดแยกขยะ (mRS) | E5: ขยะอินทรีย์ | F5: แปลงปลูกผัก | G5: ห้องแหล่ง เรียนรู้ | H5: ห้อง คอมพิวเตอร์ | I5: เครื่องหมาย จราจร | J5: จำนวน มุม
A6: 1 | B6: เด็กชายชวคริต | J6: =COUNTIF(D6:I6,"✓") -> 0
A7: 2 | B7: เด็กชายตะวัน | C7: เจริญผล | J7: =COUNTIF(D7:I7,"✓") -> 0
A8: 3 | B8: เด็กชายภิมรภัทร | C8: คำนึงคิด | J8: =COUNTIF(D8:I8,"✓") -> 0
A9: 4 | B9: เด็กชายธิรพงศ์ | C9: อู่อ่อน | J9: =COUNTIF(D9:I9,"✓") -> 0
A10: 5 | B10: เด็กชายสรวิชญ์ | C10: เตชสงค์ | J10: =COUNTIF(D10:I10,"✓") -> 0
A11: 6 | B11: เด็กหญิงธัญญามาศ | C11: วิมลศรี | J11: =COUNTIF(D11:I11,"✓") -> 0
A12: 7 | B12: เด็กชายวสิน | C12: เม็ด | J12: =COUNTIF(D12:I12,"✓") -> 0
A13: 8 | B13: เด็กหญิงลีนา | C13: ออง | J13: =COUNTIF(D13:I13,"✓") -> 0
A14: 9 | B14: เด็กชายพชร | C14: ธรรมหลวง | J14: =COUNTIF(D14:I14,"✓") -> 0
A15: 10 | B15: เด็กชายศิวกรณ์ | C15: ถึงวงศ์ | J15: =COUNTIF(D15:I15,"✓") -> 0
A16: 11 | B16: เด็กหญิงนิตยาภรณ์ | C16: กาสิงห์ | J16: =COUNTIF(D16:I16,"✓") -> 0
A17: 12 | B17: เด็กชายภาณุวิชญ์ | C17: โยชนะ | J17: =COUNTIF(D17:I17,"✓") -> 0
A18: 13 | B18: เด็กหญิงธรรณชนก | C18: ขอบอรัญ | J18: =COUNTIF(D18:I18,"✓") -> 0
... A23: 18 | B23: เด็กหญิงพิชญาพร | C23: อุดร | J23: =COUNTIF(D23:I23,"✓") -> 0
A24: 19 | J24: =COUNTIF(D24:I24,"✓") -> 0
A25: 20 | J25: =COUNTIF(D25:I25,"✓") -> 0
A26: 21 | J26: =COUNTIF(D26:I26,"✓") -> 0
A27: 22 | J27: =COUNTIF(D27:I27,"✓") -> 0
A28: 23 | J28: =COUNTIF(D28:I28,"✓") -> 0
A29: รวมจำนวนนักเรียนที่เล่นแต่ละมุม | D29: =COUNTIF(D6:D28,"✓") -> 0 | E29: =COUNTIF(E6:E28,"✓") -> 0 | F29: =COUNTIF(F6:F28,"✓") -> 0 | G29: =COUNTIF(G6:G28,"✓") -> 0 | H29: =COUNTIF(H6:H28,"✓") -> 0 | I29: =COUNTIF(I6:I28,"✓") -> 0 | J29: =SUM(J6:J28) -> 0
A31: ลงชื่อ .................................................. ผู้บันทึก ( นางสาววรพรรณ เจนการกิจ )

Sheet สัปดาห์ที่ 12
A1: แบบบันทึกการเล่นตามมุมประสบการณ์ของเด็กปฐมวัยรายสัปดาห์
A2: โรงเรียนเทศบาลบ้านเพ ๑ สังกัดกองการศึกษา เทศบาลตำบลบ้านเพ ชั้น อ.๑/๓
A3: สัปดาห์ที่ 12 | D3: วันที่ .............. ถึง .............. เดือน .............. พ.ศ. ..............
D4: มุมเสริมประสบการณ์แหล่งเรียนรู้ นอกห้องเรียน | J4: สรุปมุม ที่เล่น | K4: หมายเหตุ
A5: ที่ | B5: ชื่อ | C5: นามสกุล | D5: คัดแยกขยะ (mRS) | E5: ขยะอินทรีย์ | F5: แปลงปลูกผัก | G5: ห้องแหล่ง เรียนรู้ | H5: ห้อง คอมพิวเตอร์ | I5: เครื่องหมาย จราจร | J5: จำนวน มุม
A6: 1 | B6: เด็กชายชวคริต | J6: =COUNTIF(D6:I6,"✓") -> 0
A7: 2 | B7: เด็กชายตะวัน | C7: เจริญผล | J7: =COUNTIF(D7:I7,"✓") -> 0
A8: 3 | B8: เด็กชายภิมรภัทร | C8: คำนึงคิด | J8: =COUNTIF(D8:I8,"✓") -> 0
A9: 4 | B9: เด็กชายธิรพงศ์ | C9: อู่อ่อน | J9: =COUNTIF(D9:I9,"✓") -> 0
A10: 5 | B10: เด็กชายสรวิชญ์ | C10: เตชสงค์ | J10: =COUNTIF(D10:I10,"✓") -> 0
A11: 6 | B11: เด็กหญิงธัญญามาศ | C11: วิมลศรี | J11: =COUNTIF(D11:I11,"✓") -> 0
A12: 7 | B12: เด็กชายวสิน | C12: เม็ด | J12: =COUNTIF(D12:I12,"✓") -> 0
A13: 8 | B13: เด็กหญิงลีนา | C13: ออง | J13: =COUNTIF(D13:I13,"✓") -> 0
A14: 9 | B14: เด็กชายพชร | C14: ธรรมหลวง | J14: =COUNTIF(D14:I14,"✓") -> 0
A15: 10 | B15: เด็กชายศิวกรณ์ | C15: ถึงวงศ์ | J15: =COUNTIF(D15:I15,"✓") -> 0
A16: 11 | B16: เด็กหญิงนิตยาภรณ์ | C16: กาสิงห์ | J16: =COUNTIF(D16:I16,"✓") -> 0
A17: 12 | B17: เด็กชายภาณุวิชญ์ | C17: โยชนะ | J17: =COUNTIF(D17:I17,"✓") -> 0
A18: 13 | B18: เด็กหญิงธรรณชนก | C18: ขอบอรัญ | J18: =COUNTIF(D18:I18,"✓") -> 0
... A23: 18 | B23: เด็กหญิงพิชญาพร | C23: อุดร | J23: =COUNTIF(D23:I23,"✓") -> 0
A24: 19 | J24: =COUNTIF(D24:I24,"✓") -> 0
A25: 20 | J25: =COUNTIF(D25:I25,"✓") -> 0
A26: 21 | J26: =COUNTIF(D26:I26,"✓") -> 0
A27: 22 | J27: =COUNTIF(D27:I27,"✓") -> 0
A28: 23 | J28: =COUNTIF(D28:I28,"✓") -> 0
A29: รวมจำนวนนักเรียนที่เล่นแต่ละมุม | D29: =COUNTIF(D6:D28,"✓") -> 0 | E29: =COUNTIF(E6:E28,"✓") -> 0 | F29: =COUNTIF(F6:F28,"✓") -> 0 | G29: =COUNTIF(G6:G28,"✓") -> 0 | H29: =COUNTIF(H6:H28,"✓") -> 0 | I29: =COUNTIF(I6:I28,"✓") -> 0 | J29: =SUM(J6:J28) -> 0
A31: ลงชื่อ .................................................. ผู้บันทึก ( นางสาววรพรรณ เจนการกิจ )

Sheet สัปดาห์ที่ 13
A1: แบบบันทึกการเล่นตามมุมประสบการณ์ของเด็กปฐมวัยรายสัปดาห์
A2: โรงเรียนเทศบาลบ้านเพ ๑ สังกัดกองการศึกษา เทศบาลตำบลบ้านเพ ชั้น อ.๑/๓
A3: สัปดาห์ที่ 13 | D3: วันที่ .............. ถึง .............. เดือน .............. พ.ศ. ..............
D4: มุมเสริมประสบการณ์แหล่งเรียนรู้ นอกห้องเรียน | J4: สรุปมุม ที่เล่น | K4: หมายเหตุ
A5: ที่ | B5: ชื่อ | C5: นามสกุล | D5: คัดแยกขยะ (mRS) | E5: ขยะอินทรีย์ | F5: แปลงปลูกผัก | G5: ห้องแหล่ง เรียนรู้ | H5: ห้อง คอมพิวเตอร์ | I5: เครื่องหมาย จราจร | J5: จำนวน มุม
A6: 1 | B6: เด็กชายชวคริต | J6: =COUNTIF(D6:I6,"✓") -> 0
A7: 2 | B7: เด็กชายตะวัน | C7: เจริญผล | J7: =COUNTIF(D7:I7,"✓") -> 0
A8: 3 | B8: เด็กชายภิมรภัทร | C8: คำนึงคิด | J8: =COUNTIF(D8:I8,"✓") -> 0
A9: 4 | B9: เด็กชายธิรพงศ์ | C9: อู่อ่อน | J9: =COUNTIF(D9:I9,"✓") -> 0
A10: 5 | B10: เด็กชายสรวิชญ์ | C10: เตชสงค์ | J10: =COUNTIF(D10:I10,"✓") -> 0
A11: 6 | B11: เด็กหญิงธัญญามาศ | C11: วิมลศรี | J11: =COUNTIF(D11:I11,"✓") -> 0
A12: 7 | B12: เด็กชายวสิน | C12: เม็ด | J12: =COUNTIF(D12:I12,"✓") -> 0
A13: 8 | B13: เด็กหญิงลีนา | C13: ออง | J13: =COUNTIF(D13:I13,"✓") -> 0
A14: 9 | B14: เด็กชายพชร | C14: ธรรมหลวง | J14: =COUNTIF(D14:I14,"✓") -> 0
A15: 10 | B15: เด็กชายศิวกรณ์ | C15: ถึงวงศ์ | J15: =COUNTIF(D15:I15,"✓") -> 0
A16: 11 | B16: เด็กหญิงนิตยาภรณ์ | C16: กาสิงห์ | J16: =COUNTIF(D16:I16,"✓") -> 0
A17: 12 | B17: เด็กชายภาณุวิชญ์ | C17: โยชนะ | J17: =COUNTIF(D17:I17,"✓") -> 0
A18: 13 | B18: เด็กหญิงธรรณชนก | C18: ขอบอรัญ | J18: =COUNTIF(D18:I18,"✓") -> 0
... A23: 18 | B23: เด็กหญิงพิชญาพร | C23: อุดร | J23: =COUNTIF(D23:I23,"✓") -> 0
A24: 19 | J24: =COUNTIF(D24:I24,"✓") -> 0
A25: 20 | J25: =COUNTIF(D25:I25,"✓") -> 0
A26: 21 | J26: =COUNTIF(D26:I26,"✓") -> 0
A27: 22 | J27: =COUNTIF(D27:I27,"✓") -> 0
A28: 23 | J28: =COUNTIF(D28:I28,"✓") -> 0
A29: รวมจำนวนนักเรียนที่เล่นแต่ละมุม | D29: =COUNTIF(D6:D28,"✓") -> 0 | E29: =COUNTIF(E6:E28,"✓") -> 0 | F29: =COUNTIF(F6:F28,"✓") -> 0 | G29: =COUNTIF(G6:G28,"✓") -> 0 | H29: =COUNTIF(H6:H28,"✓") -> 0 | I29: =COUNTIF(I6:I28,"✓") -> 0 | J29: =SUM(J6:J28) -> 0
A31: ลงชื่อ .................................................. ผู้บันทึก ( นางสาววรพรรณ เจนการกิจ )

Sheet สัปดาห์ที่ 14
A1: แบบบันทึกการเล่นตามมุมประสบการณ์ของเด็กปฐมวัยรายสัปดาห์
A2: โรงเรียนเทศบาลบ้านเพ ๑ สังกัดกองการศึกษา เทศบาลตำบลบ้านเพ ชั้น อ.๑/๓
A3: สัปดาห์ที่ 14 | D3: วันที่ .............. ถึง .............. เดือน .............. พ.ศ. ..............
D4: มุมเสริมประสบการณ์แหล่งเรียนรู้ นอกห้องเรียน | J4: สรุปมุม ที่เล่น | K4: หมายเหตุ
A5: ที่ | B5: ชื่อ | C5: นามสกุล | D5: คัดแยกขยะ (mRS) | E5: ขยะอินทรีย์ | F5: แปลงปลูกผัก | G5: ห้องแหล่ง เรียนรู้ | H5: ห้อง คอมพิวเตอร์ | I5: เครื่องหมาย จราจร | J5: จำนวน มุม
A6: 1 | B6: เด็กชายชวคริต | J6: =COUNTIF(D6:I6,"✓") -> 0
A7: 2 | B7: เด็กชายตะวัน | C7: เจริญผล | J7: =COUNTIF(D7:I7,"✓") -> 0
A8: 3 | B8: เด็กชายภิมรภัทร | C8: คำนึงคิด | J8: =COUNTIF(D8:I8,"✓") -> 0
A9: 4 | B9: เด็กชายธิรพงศ์ | C9: อู่อ่อน | J9: =COUNTIF(D9:I9,"✓") -> 0
A10: 5 | B10: เด็กชายสรวิชญ์ | C10: เตชสงค์ | J10: =COUNTIF(D10:I10,"✓") -> 0
A11: 6 | B11: เด็กหญิงธัญญามาศ | C11: วิมลศรี | J11: =COUNTIF(D11:I11,"✓") -> 0
A12: 7 | B12: เด็กชายวสิน | C12: เม็ด | J12: =COUNTIF(D12:I12,"✓") -> 0
A13: 8 | B13: เด็กหญิงลีนา | C13: ออง | J13: =COUNTIF(D13:I13,"✓") -> 0
A14: 9 | B14: เด็กชายพชร | C14: ธรรมหลวง | J14: =COUNTIF(D14:I14,"✓") -> 0
A15: 10 | B15: เด็กชายศิวกรณ์ | C15: ถึงวงศ์ | J15: =COUNTIF(D15:I15,"✓") -> 0
A16: 11 | B16: เด็กหญิงนิตยาภรณ์ | C16: กาสิงห์ | J16: =COUNTIF(D16:I16,"✓") -> 0
A17: 12 | B17: เด็กชายภาณุวิชญ์ | C17: โยชนะ | J17: =COUNTIF(D17:I17,"✓") -> 0
A18: 13 | B18: เด็กหญิงธรรณชนก | C18: ขอบอรัญ | J18: =COUNTIF(D18:I18,"✓") -> 0
... A23: 18 | B23: เด็กหญิงพิชญาพร | C23: อุดร | J23: =COUNTIF(D23:I23,"✓") -> 0
A24: 19 | J24: =COUNTIF(D24:I24,"✓") -> 0
A25: 20 | J25: =COUNTIF(D25:I25,"✓") -> 0
A26: 21 | J26: =COUNTIF(D26:I26,"✓") -> 0
A27: 22 | J27: =COUNTIF(D27:I27,"✓") -> 0
A28: 23 | J28: =COUNTIF(D28:I28,"✓") -> 0
A29: รวมจำนวนนักเรียนที่เล่นแต่ละมุม | D29: =COUNTIF(D6:D28,"✓") -> 0 | E29: =COUNTIF(E6:E28,"✓") -> 0 | F29: =COUNTIF(F6:F28,"✓") -> 0 | G29: =COUNTIF(G6:G28,"✓") -> 0 | H29: =COUNTIF(H6:H28,"✓") -> 0 | I29: =COUNTIF(I6:I28,"✓") -> 0 | J29: =SUM(J6:J28) -> 0
A31: ลงชื่อ .................................................. ผู้บันทึก ( นางสาววรพรรณ เจนการกิจ )

Sheet สัปดาห์ที่ 15
A1: แบบบันทึกการเล่นตามมุมประสบการณ์ของเด็กปฐมวัยรายสัปดาห์
A2: โรงเรียนเทศบาลบ้านเพ ๑ สังกัดกองการศึกษา เทศบาลตำบลบ้านเพ ชั้น อ.๑/๓
A3: สัปดาห์ที่ 15 | D3: วันที่ .............. ถึง .............. เดือน .............. พ.ศ. ..............
D4: มุมเสริมประสบการณ์แหล่งเรียนรู้ นอกห้องเรียน | J4: สรุปมุม ที่เล่น | K4: หมายเหตุ
A5: ที่ | B5: ชื่อ | C5: นามสกุล | D5: คัดแยกขยะ (mRS) | E5: ขยะอินทรีย์ | F5: แปลงปลูกผัก | G5: ห้องแหล่ง เรียนรู้ | H5: ห้อง คอมพิวเตอร์ | I5: เครื่องหมาย จราจร | J5: จำนวน มุม
A6: 1 | B6: เด็กชายชวคริต | J6: =COUNTIF(D6:I6,"✓") -> 0
A7: 2 | B7: เด็กชายตะวัน | C7: เจริญผล | J7: =COUNTIF(D7:I7,"✓") -> 0
A8: 3 | B8: เด็กชายภิมรภัทร | C8: คำนึงคิด | J8: =COUNTIF(D8:I8,"✓") -> 0
A9: 4 | B9: เด็กชายธิรพงศ์ | C9: อู่อ่อน | J9: =COUNTIF(D9:I9,"✓") -> 0
A10: 5 | B10: เด็กชายสรวิชญ์ | C10: เตชสงค์ | J10: =COUNTIF(D10:I10,"✓") -> 0
A11: 6 | B11: เด็กหญิงธัญญามาศ | C11: วิมลศรี | J11: =COUNTIF(D11:I11,"✓") -> 0
A12: 7 | B12: เด็กชายวสิน | C12: เม็ด | J12: =COUNTIF(D12:I12,"✓") -> 0
A13: 8 | B13: เด็กหญิงลีนา | C13: ออง | J13: =COUNTIF(D13:I13,"✓") -> 0
A14: 9 | B14: เด็กชายพชร | C14: ธรรมหลวง | J14: =COUNTIF(D14:I14,"✓") -> 0
A15: 10 | B15: เด็กชายศิวกรณ์ | C15: ถึงวงศ์ | J15: =COUNTIF(D15:I15,"✓") -> 0
A16: 11 | B16: เด็กหญิงนิตยาภรณ์ | C16: กาสิงห์ | J16: =COUNTIF(D16:I16,"✓") -> 0
A17: 12 | B17: เด็กชายภาณุวิชญ์ | C17: โยชนะ | J17: =COUNTIF(D17:I17,"✓") -> 0
A18: 13 | B18: เด็กหญิงธรรณชนก | C18: ขอบอรัญ | J18: =COUNTIF(D18:I18,"✓") -> 0
... A23: 18 | B23: เด็กหญิงพิชญาพร | C23: อุดร | J23: =COUNTIF(D23:I23,"✓") -> 0
A24: 19 | J24: =COUNTIF(D24:I24,"✓") -> 0
A25: 20 | J25: =COUNTIF(D25:I25,"✓") -> 0
A26: 21 | J26: =COUNTIF(D26:I26,"✓") -> 0
A27: 22 | J27: =COUNTIF(D27:I27,"✓") -> 0
A28: 23 | J28: =COUNTIF(D28:I28,"✓") -> 0
A29: รวมจำนวนนักเรียนที่เล่นแต่ละมุม | D29: =COUNTIF(D6:D28,"✓") -> 0 | E29: =COUNTIF(E6:E28,"✓") -> 0 | F29: =COUNTIF(F6:F28,"✓") -> 0 | G29: =COUNTIF(G6:G28,"✓") -> 0 | H29: =COUNTIF(H6:H28,"✓") -> 0 | I29: =COUNTIF(I6:I28,"✓") -> 0 | J29: =SUM(J6:J28) -> 0
A31: ลงชื่อ .................................................. ผู้บันทึก ( นางสาววรพรรณ เจนการกิจ )

Sheet สัปดาห์ที่ 16
A1: แบบบันทึกการเล่นตามมุมประสบการณ์ของเด็กปฐมวัยรายสัปดาห์
A2: โรงเรียนเทศบาลบ้านเพ ๑ สังกัดกองการศึกษา เทศบาลตำบลบ้านเพ ชั้น อ.๑/๓
A3: สัปดาห์ที่ 16 | D3: วันที่ .............. ถึง .............. เดือน .............. พ.ศ. ..............
D4: มุมเสริมประสบการณ์แหล่งเรียนรู้ นอกห้องเรียน | J4: สรุปมุม ที่เล่น | K4: หมายเหตุ
A5: ที่ | B5: ชื่อ | C5: นามสกุล | D5: คัดแยกขยะ (mRS) | E5: ขยะอินทรีย์ | F5: แปลงปลูกผัก | G5: ห้องแหล่ง เรียนรู้ | H5: ห้อง คอมพิวเตอร์ | I5: เครื่องหมาย จราจร | J5: จำนวน มุม
A6: 1 | B6: เด็กชายชวคริต | J6: =COUNTIF(D6:I6,"✓") -> 0
A7: 2 | B7: เด็กชายตะวัน | C7: เจริญผล | J7: =COUNTIF(D7:I7,"✓") -> 0
A8: 3 | B8: เด็กชายภิมรภัทร | C8: คำนึงคิด | J8: =COUNTIF(D8:I8,"✓") -> 0
A9: 4 | B9: เด็กชายธิรพงศ์ | C9: อู่อ่อน | J9: =COUNTIF(D9:I9,"✓") -> 0
A10: 5 | B10: เด็กชายสรวิชญ์ | C10: เตชสงค์ | J10: =COUNTIF(D10:I10,"✓") -> 0
A11: 6 | B11: เด็กหญิงธัญญามาศ | C11: วิมลศรี | J11: =COUNTIF(D11:I11,"✓") -> 0
A12: 7 | B12: เด็กชายวสิน | C12: เม็ด | J12: =COUNTIF(D12:I12,"✓") -> 0
A13: 8 | B13: เด็กหญิงลีนา | C13: ออง | J13: =COUNTIF(D13:I13,"✓") -> 0
A14: 9 | B14: เด็กชายพชร | C14: ธรรมหลวง | J14: =COUNTIF(D14:I14,"✓") -> 0
A15: 10 | B15: เด็กชายศิวกรณ์ | C15: ถึงวงศ์ | J15: =COUNTIF(D15:I15,"✓") -> 0
A16: 11 | B16: เด็กหญิงนิตยาภรณ์ | C16: กาสิงห์ | J16: =COUNTIF(D16:I16,"✓") -> 0
A17: 12 | B17: เด็กชายภาณุวิชญ์ | C17: โยชนะ | J17: =COUNTIF(D17:I17,"✓") -> 0
A18: 13 | B18: เด็กหญิงธรรณชนก | C18: ขอบอรัญ | J18: =COUNTIF(D18:I18,"✓") -> 0
... A23: 18 | B23: เด็กหญิงพิชญาพร | C23: อุดร | J23: =COUNTIF(D23:I23,"✓") -> 0
A24: 19 | J24: =COUNTIF(D24:I24,"✓") -> 0
A25: 20 | J25: =COUNTIF(D25:I25,"✓") -> 0
A26: 21 | J26: =COUNTIF(D26:I26,"✓") -> 0
A27: 22 | J27: =COUNTIF(D27:I27,"✓") -> 0
A28: 23 | J28: =COUNTIF(D28:I28,"✓") -> 0
A29: รวมจำนวนนักเรียนที่เล่นแต่ละมุม | D29: =COUNTIF(D6:D28,"✓") -> 0 | E29: =COUNTIF(E6:E28,"✓") -> 0 | F29: =COUNTIF(F6:F28,"✓") -> 0 | G29: =COUNTIF(G6:G28,"✓") -> 0 | H29: =COUNTIF(H6:H28,"✓") -> 0 | I29: =COUNTIF(I6:I28,"✓") -> 0 | J29: =SUM(J6:J28) -> 0
A31: ลงชื่อ .................................................. ผู้บันทึก ( นางสาววรพรรณ เจนการกิจ )

Sheet สัปดาห์ที่ 17
A1: แบบบันทึกการเล่นตามมุมประสบการณ์ของเด็กปฐมวัยรายสัปดาห์
A2: โรงเรียนเทศบาลบ้านเพ ๑ สังกัดกองการศึกษา เทศบาลตำบลบ้านเพ ชั้น อ.๑/๓
A3: สัปดาห์ที่ 17 | D3: วันที่ .............. ถึง .............. เดือน .............. พ.ศ. ..............
D4: มุมเสริมประสบการณ์แหล่งเรียนรู้ นอกห้องเรียน | J4: สรุปมุม ที่เล่น | K4: หมายเหตุ
A5: ที่ | B5: ชื่อ | C5: นามสกุล | D5: คัดแยกขยะ (mRS) | E5: ขยะอินทรีย์ | F5: แปลงปลูกผัก | G5: ห้องแหล่ง เรียนรู้ | H5: ห้อง คอมพิวเตอร์ | I5: เครื่องหมาย จราจร | J5: จำนวน มุม
A6: 1 | B6: เด็กชายชวคริต | J6: =COUNTIF(D6:I6,"✓") -> 0
A7: 2 | B7: เด็กชายตะวัน | C7: เจริญผล | J7: =COUNTIF(D7:I7,"✓") -> 0
A8: 3 | B8: เด็กชายภิมรภัทร | C8: คำนึงคิด | J8: =COUNTIF(D8:I8,"✓") -> 0
A9: 4 | B9: เด็กชายธิรพงศ์ | C9: อู่อ่อน | J9: =COUNTIF(D9:I9,"✓") -> 0
A10: 5 | B10: เด็กชายสรวิชญ์ | C10: เตชสงค์ | J10: =COUNTIF(D10:I10,"✓") -> 0
A11: 6 | B11: เด็กหญิงธัญญามาศ | C11: วิมลศรี | J11: =COUNTIF(D11:I11,"✓") -> 0
A12: 7 | B12: เด็กชายวสิน | C12: เม็ด | J12: =COUNTIF(D12:I12,"✓") -> 0
A13: 8 | B13: เด็กหญิงลีนา | C13: ออง | J13: =COUNTIF(D13:I13,"✓") -> 0
A14: 9 | B14: เด็กชายพชร | C14: ธรรมหลวง | J14: =COUNTIF(D14:I14,"✓") -> 0
A15: 10 | B15: เด็กชายศิวกรณ์ | C15: ถึงวงศ์ | J15: =COUNTIF(D15:I15,"✓") -> 0
A16: 11 | B16: เด็กหญิงนิตยาภรณ์ | C16: กาสิงห์ | J16: =COUNTIF(D16:I16,"✓") -> 0
A17: 12 | B17: เด็กชายภาณุวิชญ์ | C17: โยชนะ | J17: =COUNTIF(D17:I17,"✓") -> 0
A18: 13 | B18: เด็กหญิงธรรณชนก | C18: ขอบอรัญ | J18: =COUNTIF(D18:I18,"✓") -> 0
... A23: 18 | B23: เด็กหญิงพิชญาพร | C23: อุดร | J23: =COUNTIF(D23:I23,"✓") -> 0
A24: 19 | J24: =COUNTIF(D24:I24,"✓") -> 0
A25: 20 | J25: =COUNTIF(D25:I25,"✓") -> 0
A26: 21 | J26: =COUNTIF(D26:I26,"✓") -> 0
A27: 22 | J27: =COUNTIF(D27:I27,"✓") -> 0
A28: 23 | J28: =COUNTIF(D28:I28,"✓") -> 0
A29: รวมจำนวนนักเรียนที่เล่นแต่ละมุม | D29: =COUNTIF(D6:D28,"✓") -> 0 | E29: =COUNTIF(E6:E28,"✓") -> 0 | F29: =COUNTIF(F6:F28,"✓") -> 0 | G29: =COUNTIF(G6:G28,"✓") -> 0 | H29: =COUNTIF(H6:H28,"✓") -> 0 | I29: =COUNTIF(I6:I28,"✓") -> 0 | J29: =SUM(J6:J28) -> 0
A31: ลงชื่อ .................................................. ผู้บันทึก ( นางสาววรพรรณ เจนการกิจ )

Sheet สัปดาห์ที่ 18
A1: แบบบันทึกการเล่นตามมุมประสบการณ์ของเด็กปฐมวัยรายสัปดาห์
A2: โรงเรียนเทศบาลบ้านเพ ๑ สังกัดกองการศึกษา เทศบาลตำบลบ้านเพ ชั้น อ.๑/๓
A3: สัปดาห์ที่ 18 | D3: วันที่ .............. ถึง .............. เดือน .............. พ.ศ. ..............
D4: มุมเสริมประสบการณ์แหล่งเรียนรู้ นอกห้องเรียน | J4: สรุปมุม ที่เล่น | K4: หมายเหตุ
A5: ที่ | B5: ชื่อ | C5: นามสกุล | D5: คัดแยกขยะ (mRS) | E5: ขยะอินทรีย์ | F5: แปลงปลูกผัก | G5: ห้องแหล่ง เรียนรู้ | H5: ห้อง คอมพิวเตอร์ | I5: เครื่องหมาย จราจร | J5: จำนวน มุม
A6: 1 | B6: เด็กชายชวคริต | J6: =COUNTIF(D6:I6,"✓") -> 0
A7: 2 | B7: เด็กชายตะวัน | C7: เจริญผล | J7: =COUNTIF(D7:I7,"✓") -> 0
A8: 3 | B8: เด็กชายภิมรภัทร | C8: คำนึงคิด | J8: =COUNTIF(D8:I8,"✓") -> 0
A9: 4 | B9: เด็กชายธิรพงศ์ | C9: อู่อ่อน | J9: =COUNTIF(D9:I9,"✓") -> 0
A10: 5 | B10: เด็กชายสรวิชญ์ | C10: เตชสงค์ | J10: =COUNTIF(D10:I10,"✓") -> 0
A11: 6 | B11: เด็กหญิงธัญญามาศ | C11: วิมลศรี | J11: =COUNTIF(D11:I11,"✓") -> 0
A12: 7 | B12: เด็กชายวสิน | C12: เม็ด | J12: =COUNTIF(D12:I12,"✓") -> 0
A13: 8 | B13: เด็กหญิงลีนา | C13: ออง | J13: =COUNTIF(D13:I13,"✓") -> 0
A14: 9 | B14: เด็กชายพชร | C14: ธรรมหลวง | J14: =COUNTIF(D14:I14,"✓") -> 0
A15: 10 | B15: เด็กชายศิวกรณ์ | C15: ถึงวงศ์ | J15: =COUNTIF(D15:I15,"✓") -> 0
A16: 11 | B16: เด็กหญิงนิตยาภรณ์ | C16: กาสิงห์ | J16: =COUNTIF(D16:I16,"✓") -> 0
A17: 12 | B17: เด็กชายภาณุวิชญ์ | C17: โยชนะ | J17: =COUNTIF(D17:I17,"✓") -> 0
A18: 13 | B18: เด็กหญิงธรรณชนก | C18: ขอบอรัญ | J18: =COUNTIF(D18:I18,"✓") -> 0
... A23: 18 | B23: เด็กหญิงพิชญาพร | C23: อุดร | J23: =COUNTIF(D23:I23,"✓") -> 0
A24: 19 | J24: =COUNTIF(D24:I24,"✓") -> 0
A25: 20 | J25: =COUNTIF(D25:I25,"✓") -> 0
A26: 21 | J26: =COUNTIF(D26:I26,"✓") -> 0
A27: 22 | J27: =COUNTIF(D27:I27,"✓") -> 0
A28: 23 | J28: =COUNTIF(D28:I28,"✓") -> 0
A29: รวมจำนวนนักเรียนที่เล่นแต่ละมุม | D29: =COUNTIF(D6:D28,"✓") -> 0 | E29: =COUNTIF(E6:E28,"✓") -> 0 | F29: =COUNTIF(F6:F28,"✓") -> 0 | G29: =COUNTIF(G6:G28,"✓") -> 0 | H29: =COUNTIF(H6:H28,"✓") -> 0 | I29: =COUNTIF(I6:I28,"✓") -> 0 | J29: =SUM(J6:J28) -> 0
A31: ลงชื่อ .................................................. ผู้บันทึก ( นางสาววรพรรณ เจนการกิจ )

Sheet สัปดาห์ที่ 19
A1: แบบบันทึกการเล่นตามมุมประสบการณ์ของเด็กปฐมวัยรายสัปดาห์
A2: โรงเรียนเทศบาลบ้านเพ ๑ สังกัดกองการศึกษา เทศบาลตำบลบ้านเพ ชั้น อ.๑/๓
A3: สัปดาห์ที่ 19 | D3: วันที่ .............. ถึง .............. เดือน .............. พ.ศ. ..............
D4: มุมเสริมประสบการณ์แหล่งเรียนรู้ นอกห้องเรียน | J4: สรุปมุม ที่เล่น | K4: หมายเหตุ
A5: ที่ | B5: ชื่อ | C5: นามสกุล | D5: คัดแยกขยะ (mRS) | E5: ขยะอินทรีย์ | F5: แปลงปลูกผัก | G5: ห้องแหล่ง เรียนรู้ | H5: ห้อง คอมพิวเตอร์ | I5: เครื่องหมาย จราจร | J5: จำนวน มุม
A6: 1 | B6: เด็กชายชวคริต | J6: =COUNTIF(D6:I6,"✓") -> 0
A7: 2 | B7: เด็กชายตะวัน | C7: เจริญผล | J7: =COUNTIF(D7:I7,"✓") -> 0
A8: 3 | B8: เด็กชายภิมรภัทร | C8: คำนึงคิด | J8: =COUNTIF(D8:I8,"✓") -> 0
A9: 4 | B9: เด็กชายธิรพงศ์ | C9: อู่อ่อน | J9: =COUNTIF(D9:I9,"✓") -> 0
A10: 5 | B10: เด็กชายสรวิชญ์ | C10: เตชสงค์ | J10: =COUNTIF(D10:I10,"✓") -> 0
A11: 6 | B11: เด็กหญิงธัญญามาศ | C11: วิมลศรี | J11: =COUNTIF(D11:I11,"✓") -> 0
A12: 7 | B12: เด็กชายวสิน | C12: เม็ด | J12: =COUNTIF(D12:I12,"✓") -> 0
A13: 8 | B13: เด็กหญิงลีนา | C13: ออง | J13: =COUNTIF(D13:I13,"✓") -> 0
A14: 9 | B14: เด็กชายพชร | C14: ธรรมหลวง | J14: =COUNTIF(D14:I14,"✓") -> 0
A15: 10 | B15: เด็กชายศิวกรณ์ | C15: ถึงวงศ์ | J15: =COUNTIF(D15:I15,"✓") -> 0
A16: 11 | B16: เด็กหญิงนิตยาภรณ์ | C16: กาสิงห์ | J16: =COUNTIF(D16:I16,"✓") -> 0
A17: 12 | B17: เด็กชายภาณุวิชญ์ | C17: โยชนะ | J17: =COUNTIF(D17:I17,"✓") -> 0
A18: 13 | B18: เด็กหญิงธรรณชนก | C18: ขอบอรัญ | J18: =COUNTIF(D18:I18,"✓") -> 0
... A23: 18 | B23: เด็กหญิงพิชญาพร | C23: อุดร | J23: =COUNTIF(D23:I23,"✓") -> 0
A24: 19 | J24: =COUNTIF(D24:I24,"✓") -> 0
A25: 20 | J25: =COUNTIF(D25:I25,"✓") -> 0
A26: 21 | J26: =COUNTIF(D26:I26,"✓") -> 0
A27: 22 | J27: =COUNTIF(D27:I27,"✓") -> 0
A28: 23 | J28: =COUNTIF(D28:I28,"✓") -> 0
A29: รวมจำนวนนักเรียนที่เล่นแต่ละมุม | D29: =COUNTIF(D6:D28,"✓") -> 0 | E29: =COUNTIF(E6:E28,"✓") -> 0 | F29: =COUNTIF(F6:F28,"✓") -> 0 | G29: =COUNTIF(G6:G28,"✓") -> 0 | H29: =COUNTIF(H6:H28,"✓") -> 0 | I29: =COUNTIF(I6:I28,"✓") -> 0 | J29: =SUM(J6:J28) -> 0
A31: ลงชื่อ .................................................. ผู้บันทึก ( นางสาววรพรรณ เจนการกิจ )

Sheet สัปดาห์ที่ 20
A1: แบบบันทึกการเล่นตามมุมประสบการณ์ของเด็กปฐมวัยรายสัปดาห์
A2: โรงเรียนเทศบาลบ้านเพ ๑ สังกัดกองการศึกษา เทศบาลตำบลบ้านเพ ชั้น อ.๑/๓
A3: สัปดาห์ที่ 20 | D3: วันที่ .............. ถึง .............. เดือน .............. พ.ศ. ..............
D4: มุมเสริมประสบการณ์แหล่งเรียนรู้ นอกห้องเรียน | J4: สรุปมุม ที่เล่น | K4: หมายเหตุ
A5: ที่ | B5: ชื่อ | C5: นามสกุล | D5: คัดแยกขยะ (mRS) | E5: ขยะอินทรีย์ | F5: แปลงปลูกผัก | G5: ห้องแหล่ง เรียนรู้ | H5: ห้อง คอมพิวเตอร์ | I5: เครื่องหมาย จราจร | J5: จำนวน มุม
A6: 1 | B6: เด็กชายชวคริต | J6: =COUNTIF(D6:I6,"✓") -> 0
A7: 2 | B7: เด็กชายตะวัน | C7: เจริญผล | J7: =COUNTIF(D7:I7,"✓") -> 0
A8: 3 | B8: เด็กชายภิมรภัทร | C8: คำนึงคิด | J8: =COUNTIF(D8:I8,"✓") -> 0
A9: 4 | B9: เด็กชายธิรพงศ์ | C9: อู่อ่อน | J9: =COUNTIF(D9:I9,"✓") -> 0
A10: 5 | B10: เด็กชายสรวิชญ์ | C10: เตชสงค์ | J10: =COUNTIF(D10:I10,"✓") -> 0
A11: 6 | B11: เด็กหญิงธัญญามาศ | C11: วิมลศรี | J11: =COUNTIF(D11:I11,"✓") -> 0
A12: 7 | B12: เด็กชายวสิน | C12: เม็ด | J12: =COUNTIF(D12:I12,"✓") -> 0
A13: 8 | B13: เด็กหญิงลีนา | C13: ออง | J13: =COUNTIF(D13:I13,"✓") -> 0
A14: 9 | B14: เด็กชายพชร | C14: ธรรมหลวง | J14: =COUNTIF(D14:I14,"✓") -> 0
A15: 10 | B15: เด็กชายศิวกรณ์ | C15: ถึงวงศ์ | J15: =COUNTIF(D15:I15,"✓") -> 0
A16: 11 | B16: เด็กหญิงนิตยาภรณ์ | C16: กาสิงห์ | J16: =COUNTIF(D16:I16,"✓") -> 0
A17: 12 | B17: เด็กชายภาณุวิชญ์ | C17: โยชนะ | J17: =COUNTIF(D17:I17,"✓") -> 0
A18: 13 | B18: เด็กหญิงธรรณชนก | C18: ขอบอรัญ | J18: =COUNTIF(D18:I18,"✓") -> 0
... A23: 18 | B23: เด็กหญิงพิชญาพร | C23: อุดร | J23: =COUNTIF(D23:I23,"✓") -> 0
A24: 19 | J24: =COUNTIF(D24:I24,"✓") -> 0
A25: 20 | J25: =COUNTIF(D25:I25,"✓") -> 0
A26: 21 | J26: =COUNTIF(D26:I26,"✓") -> 0
A27: 22 | J27: =COUNTIF(D27:I27,"✓") -> 0
A28: 23 | J28: =COUNTIF(D28:I28,"✓") -> 0
A29: รวมจำนวนนักเรียนที่เล่นแต่ละมุม | D29: =COUNTIF(D6:D28,"✓") -> 0 | E29: =COUNTIF(E6:E28,"✓") -> 0 | F29: =COUNTIF(F6:F28,"✓") -> 0 | G29: =COUNTIF(G6:G28,"✓") -> 0 | H29: =COUNTIF(H6:H28,"✓") -> 0 | I29: =COUNTIF(I6:I28,"✓") -> 0 | J29: =SUM(J6:J28) -> 0
A31: ลงชื่อ .................................................. ผู้บันทึก ( นางสาววรพรรณ เจนการกิจ )

Sheet สรุปรายภาคเรียน
A1: สรุปผลการเล่นตามมุมประสบการณ์ รายภาคเรียน ชั้น อ.๑/๓
A2: โรงเรียนเทศบาลบ้านเพ ๑ ปีการศึกษา ๒๕๖๘ ครูประจำชั้น: นางสาววรพรรณ เจนการกิจ
A3: ที่ | B3: ชื่อ | C3: นามสกุล | D3: รวม คัดแยกขยะ (mRS) | E3: รวม ขยะอินทรีย์ | F3: รวม แปลงปลูกผัก | G3: รวม ห้องแหล่ง เรียนรู้ | H3: รวม ห้อง คอมพิวเตอร์ | I3: รวม เครื่องหมาย จราจร | J3: รวมทั้งหมด
A4: 1 | B4: เด็กชายชวคริต | D4: =SUMPRODUCT(('สัปดาห์ที่ 1'!D6="✓")*1+('สัปดาห์ที่ 2'!D6="✓")*1+('สัปดาห์ที่ 3'!D6="✓")*1+('สัปดาห์ที่ 4'!D6="✓")*1+('สัปดาห์ที่ 5'!D6="✓")*1+('สัปดาห์ที่ 6'!D6="✓")*1+('สัปดาห์ที่ 7'!D6="✓")*1+('สัปดาห์ที่ 8'!D6="✓")*1+('สัปดาห์ที่ 9'!D6="✓")*1+('สัปดาห์ที่ 10'!D6="✓")*1+('สัปดาห์ที่ 11'!D6="✓")*1+('สัปดาห์ที่ 12'!D6="✓")*1+('สัปดาห์ที่ 13'!D6="✓")*1+('สัปดาห์ที่ 14'!D6="✓")*1+('สัปดาห์ที่ 15'!D6="✓")*1+('สัปดาห์ที่ 16'!D6="✓")*1+('สัปดาห์ที่ 17'!D6="✓")*1+('สัปดาห์ที่ 18'!D6="✓")*1+('สัปดาห์ที่ 19'!D6="✓")*1+('สัปดาห์ที่ 20'!D6="✓")*1) -> 0 | E4: =SUMPRODUCT(('สัปดาห์ที่ 1'!E6="✓")*1+('สัปดาห์ที่ 2'!E6="✓")*1+('สัปดาห์ที่ 3'!E6="✓")*1+('สัปดาห์ที่ 4'!E6="✓")*1+('สัปดาห์ที่ 5'!E6="✓")*1+('สัปดาห์ที่ 6'!E6="✓")*1+('สัปดาห์ที่ 7'!E6="✓")*1+('สัปดาห์ที่ 8'!E6="✓")*1+('สัปดาห์ที่ 9'!E6="✓")*1+('สัปดาห์ที่ 10'!E6="✓")*1+('สัปดาห์ที่ 11'!E6="✓")*1+('สัปดาห์ที่ 12'!E6="✓")*1+('สัปดาห์ที่ 13'!E6="✓")*1+('สัปดาห์ที่ 14'!E6="✓")*1+('สัปดาห์ที่ 15'!E6="✓")*1+('สัปดาห์ที่ 16'!E6="✓")*1+('สัปดาห์ที่ 17'!E6="✓")*1+('สัปดาห์ที่ 18'!E6="✓")*1+('สัปดาห์ที่ 19'!E6="✓")*1+('สัปดาห์ที่ 20'!E6="✓")*1) -> 0 | F4: =SUMPRODUCT(('สัปดาห์ที่ 1'!F6="✓")*1+('สัปดาห์ที่ 2'!F6="✓")*1+('สัปดาห์ที่ 3'!F6="✓")*1+('สัปดาห์ที่ 4'!F6="✓")*1+('สัปดาห์ที่ 5'!F6="✓")*1+('สัปดาห์ที่ 6'!F6="✓")*1+('สัปดาห์ที่ 7'!F6="✓")*1+('สัปดาห์ที่ 8'!F6="✓")*1+('สัปดาห์ที่ 9'!F6="✓")*1+('สัปดาห์ที่ 10'!F6="✓")*1+('สัปดาห์ที่ 11'!F6="✓")*1+('สัปดาห์ที่ 12'!F6="✓")*1+('สัปดาห์ที่ 13'!F6="✓")*1+('สัปดาห์ที่ 14'!F6="✓")*1+('สัปดาห์ที่ 15'!F6="✓")*1+('สัปดาห์ที่ 16'!F6="✓")*1+('สัปดาห์ที่ 17'!F6="✓")*1+('สัปดาห์ที่ 18'!F6="✓")*1+('สัปดาห์ที่ 19'!F6="✓")*1+('สัปดาห์ที่ 20'!F6="✓")*1) -> 0 | G4: =SUMPRODUCT(('สัปดาห์ที่ 1'!G6="✓")*1+('สัปดาห์ที่ 2'!G6="✓")*1+('สัปดาห์ที่ 3'!G6="✓")*1+('สัปดาห์ที่ 4'!G6="✓")*1+('สัปดาห์ที่ 5'!G6="✓")*1+('สัปดาห์ที่ 6'!G6="✓")*1+('สัปดาห์ที่ 7'!G6="✓")*1+('สัปดาห์ที่ 8'!G6="✓")*1+('สัปดาห์ที่ 9'!G6="✓")*1+('สัปดาห์ที่ 10'!G6="✓")*1+('สัปดาห์ที่ 11'!G6="✓")*1+('สัปดาห์ที่ 12'!G6="✓")*1+('สัปดาห์ที่ 13'!G6="✓")*1+('สัปดาห์ที่ 14'!G6="✓")*1+('สัปดาห์ที่ 15'!G6="✓")*1+('สัปดาห์ที่ 16'!G6="✓")*1+('สัปดาห์ที่ 17'!G6="✓")*1+('สัปดาห์ที่ 18'!G6="✓")*1+('สัปดาห์ที่ 19'!G6="✓")*1+('สัปดาห์ที่ 20'!G6="✓")*1) -> 0 | H4: =SUMPRODUCT(('สัปดาห์ที่ 1'!H6="✓")*1+('สัปดาห์ที่ 2'!H6="✓")*1+('สัปดาห์ที่ 3'!H6="✓")*1+('สัปดาห์ที่ 4'!H6="✓")*1+('สัปดาห์ที่ 5'!H6="✓")*1+('สัปดาห์ที่ 6'!H6="✓")*1+('สัปดาห์ที่ 7'!H6="✓")*1+('สัปดาห์ที่ 8'!H6="✓")*1+('สัปดาห์ที่ 9'!H6="✓")*1+('สัปดาห์ที่ 10'!H6="✓")*1+('สัปดาห์ที่ 11'!H6="✓")*1+('สัปดาห์ที่ 12'!H6="✓")*1+('สัปดาห์ที่ 13'!H6="✓")*1+('สัปดาห์ที่ 14'!H6="✓")*1+('สัปดาห์ที่ 15'!H6="✓")*1+('สัปดาห์ที่ 16'!H6="✓")*1+('สัปดาห์ที่ 17'!H6="✓")*1+('สัปดาห์ที่ 18'!H6="✓")*1+('สัปดาห์ที่ 19'!H6="✓")*1+('สัปดาห์ที่ 20'!H6="✓")*1) -> 0 | I4: =SUMPRODUCT(('สัปดาห์ที่ 1'!I6="✓")*1+('สัปดาห์ที่ 2'!I6="✓")*1+('สัปดาห์ที่ 3'!I6="✓")*1+('สัปดาห์ที่ 4'!I6="✓")*1+('สัปดาห์ที่ 5'!I6="✓")*1+('สัปดาห์ที่ 6'!I6="✓")*1+('สัปดาห์ที่ 7'!I6="✓")*1+('สัปดาห์ที่ 8'!I6="✓")*1+('สัปดาห์ที่ 9'!I6="✓")*1+('สัปดาห์ที่ 10'!I6="✓")*1+('สัปดาห์ที่ 11'!I6="✓")*1+('สัปดาห์ที่ 12'!I6="✓")*1+('สัปดาห์ที่ 13'!I6="✓")*1+('สัปดาห์ที่ 14'!I6="✓")*1+('สัปดาห์ที่ 15'!I6="✓")*1+('สัปดาห์ที่ 16'!I6="✓")*1+('สัปดาห์ที่ 17'!I6="✓")*1+('สัปดาห์ที่ 18'!I6="✓")*1+('สัปดาห์ที่ 19'!I6="✓")*1+('สัปดาห์ที่ 20'!I6="✓")*1) -> 0 | J4: =SUM(D4:I4) -> 0
A5: 2 | B5: เด็กชายตะวัน | C5: เจริญผล | D5: =SUMPRODUCT(('สัปดาห์ที่ 1'!D7="✓")*1+('สัปดาห์ที่ 2'!D7="✓")*1+('สัปดาห์ที่ 3'!D7="✓")*1+('สัปดาห์ที่ 4'!D7="✓")*1+('สัปดาห์ที่ 5'!D7="✓")*1+('สัปดาห์ที่ 6'!D7="✓")*1+('สัปดาห์ที่ 7'!D7="✓")*1+('สัปดาห์ที่ 8'!D7="✓")*1+('สัปดาห์ที่ 9'!D7="✓")*1+('สัปดาห์ที่ 10'!D7="✓")*1+('สัปดาห์ที่ 11'!D7="✓")*1+('สัปดาห์ที่ 12'!D7="✓")*1+('สัปดาห์ที่ 13'!D7="✓")*1+('สัปดาห์ที่ 14'!D7="✓")*1+('สัปดาห์ที่ 15'!D7="✓")*1+('สัปดาห์ที่ 16'!D7="✓")*1+('สัปดาห์ที่ 17'!D7="✓")*1+('สัปดาห์ที่ 18'!D7="✓")*1+('สัปดาห์ที่ 19'!D7="✓")*1+('สัปดาห์ที่ 20'!D7="✓")*1) -> 0 | E5: =SUMPRODUCT(('สัปดาห์ที่ 1'!E7="✓")*1+('สัปดาห์ที่ 2'!E7="✓")*1+('สัปดาห์ที่ 3'!E7="✓")*1+('สัปดาห์ที่ 4'!E7="✓")*1+('สัปดาห์ที่ 5'!E7="✓")*1+('สัปดาห์ที่ 6'!E7="✓")*1+('สัปดาห์ที่ 7'!E7="✓")*1+('สัปดาห์ที่ 8'!E7="✓")*1+('สัปดาห์ที่ 9'!E7="✓")*1+('สัปดาห์ที่ 10'!E7="✓")*1+('สัปดาห์ที่ 11'!E7="✓")*1+('สัปดาห์ที่ 12'!E7="✓")*1+('สัปดาห์ที่ 13'!E7="✓")*1+('สัปดาห์ที่ 14'!E7="✓")*1+('สัปดาห์ที่ 15'!E7="✓")*1+('สัปดาห์ที่ 16'!E7="✓")*1+('สัปดาห์ที่ 17'!E7="✓")*1+('สัปดาห์ที่ 18'!E7="✓")*1+('สัปดาห์ที่ 19'!E7="✓")*1+('สัปดาห์ที่ 20'!E7="✓")*1) -> 0 | F5: =SUMPRODUCT(('สัปดาห์ที่ 1'!F7="✓")*1+('สัปดาห์ที่ 2'!F7="✓")*1+('สัปดาห์ที่ 3'!F7="✓")*1+('สัปดาห์ที่ 4'!F7="✓")*1+('สัปดาห์ที่ 5'!F7="✓")*1+('สัปดาห์ที่ 6'!F7="✓")*1+('สัปดาห์ที่ 7'!F7="✓")*1+('สัปดาห์ที่ 8'!F7="✓")*1+('สัปดาห์ที่ 9'!F7="✓")*1+('สัปดาห์ที่ 10'!F7="✓")*1+('สัปดาห์ที่ 11'!F7="✓")*1+('สัปดาห์ที่ 12'!F7="✓")*1+('สัปดาห์ที่ 13'!F7="✓")*1+('สัปดาห์ที่ 14'!F7="✓")*1+('สัปดาห์ที่ 15'!F7="✓")*1+('สัปดาห์ที่ 16'!F7="✓")*1+('สัปดาห์ที่ 17'!F7="✓")*1+('สัปดาห์ที่ 18'!F7="✓")*1+('สัปดาห์ที่ 19'!F7="✓")*1+('สัปดาห์ที่ 20'!F7="✓")*1) -> 0 | G5: =SUMPRODUCT(('สัปดาห์ที่ 1'!G7="✓")*1+('สัปดาห์ที่ 2'!G7="✓")*1+('สัปดาห์ที่ 3'!G7="✓")*1+('สัปดาห์ที่ 4'!G7="✓")*1+('สัปดาห์ที่ 5'!G7="✓")*1+('สัปดาห์ที่ 6'!G7="✓")*1+('สัปดาห์ที่ 7'!G7="✓")*1+('สัปดาห์ที่ 8'!G7="✓")*1+('สัปดาห์ที่ 9'!G7="✓")*1+('สัปดาห์ที่ 10'!G7="✓")*1+('สัปดาห์ที่ 11'!G7="✓")*1+('สัปดาห์ที่ 12'!G7="✓")*1+('สัปดาห์ที่ 13'!G7="✓")*1+('สัปดาห์ที่ 14'!G7="✓")*1+('สัปดาห์ที่ 15'!G7="✓")*1+('สัปดาห์ที่ 16'!G7="✓")*1+('สัปดาห์ที่ 17'!G7="✓")*1+('สัปดาห์ที่ 18'!G7="✓")*1+('สัปดาห์ที่ 19'!G7="✓")*1+('สัปดาห์ที่ 20'!G7="✓")*1) -> 0 | H5: =SUMPRODUCT(('สัปดาห์ที่ 1'!H7="✓")*1+('สัปดาห์ที่ 2'!H7="✓")*1+('สัปดาห์ที่ 3'!H7="✓")*1+('สัปดาห์ที่ 4'!H7="✓")*1+('สัปดาห์ที่ 5'!H7="✓")*1+('สัปดาห์ที่ 6'!H7="✓")*1+('สัปดาห์ที่ 7'!H7="✓")*1+('สัปดาห์ที่ 8'!H7="✓")*1+('สัปดาห์ที่ 9'!H7="✓")*1+('สัปดาห์ที่ 10'!H7="✓")*1+('สัปดาห์ที่ 11'!H7="✓")*1+('สัปดาห์ที่ 12'!H7="✓")*1+('สัปดาห์ที่ 13'!H7="✓")*1+('สัปดาห์ที่ 14'!H7="✓")*1+('สัปดาห์ที่ 15'!H7="✓")*1+('สัปดาห์ที่ 16'!H7="✓")*1+('สัปดาห์ที่ 17'!H7="✓")*1+('สัปดาห์ที่ 18'!H7="✓")*1+('สัปดาห์ที่ 19'!H7="✓")*1+('สัปดาห์ที่ 20'!H7="✓")*1) -> 0 | I5: =SUMPRODUCT(('สัปดาห์ที่ 1'!I7="✓")*1+('สัปดาห์ที่ 2'!I7="✓")*1+('สัปดาห์ที่ 3'!I7="✓")*1+('สัปดาห์ที่ 4'!I7="✓")*1+('สัปดาห์ที่ 5'!I7="✓")*1+('สัปดาห์ที่ 6'!I7="✓")*1+('สัปดาห์ที่ 7'!I7="✓")*1+('สัปดาห์ที่ 8'!I7="✓")*1+('สัปดาห์ที่ 9'!I7="✓")*1+('สัปดาห์ที่ 10'!I7="✓")*1+('สัปดาห์ที่ 11'!I7="✓")*1+('สัปดาห์ที่ 12'!I7="✓")*1+('สัปดาห์ที่ 13'!I7="✓")*1+('สัปดาห์ที่ 14'!I7="✓")*1+('สัปดาห์ที่ 15'!I7="✓")*1+('สัปดาห์ที่ 16'!I7="✓")*1+('สัปดาห์ที่ 17'!I7="✓")*1+('สัปดาห์ที่ 18'!I7="✓")*1+('สัปดาห์ที่ 19'!I7="✓")*1+('สัปดาห์ที่ 20'!I7="✓")*1) -> 0 | J5: =SUM(D5:I5) -> 0
A6: 3 | B6: เด็กชายภิมรภัทร | C6: คำนึงคิด | D6: =SUMPRODUCT(('สัปดาห์ที่ 1'!D8="✓")*1+('สัปดาห์ที่ 2'!D8="✓")*1+('สัปดาห์ที่ 3'!D8="✓")*1+('สัปดาห์ที่ 4'!D8="✓")*1+('สัปดาห์ที่ 5'!D8="✓")*1+('สัปดาห์ที่ 6'!D8="✓")*1+('สัปดาห์ที่ 7'!D8="✓")*1+('สัปดาห์ที่ 8'!D8="✓")*1+('สัปดาห์ที่ 9'!D8="✓")*1+('สัปดาห์ที่ 10'!D8="✓")*1+('สัปดาห์ที่ 11'!D8="✓")*1+('สัปดาห์ที่ 12'!D8="✓")*1+('สัปดาห์ที่ 13'!D8="✓")*1+('สัปดาห์ที่ 14'!D8="✓")*1+('สัปดาห์ที่ 15'!D8="✓")*1+('สัปดาห์ที่ 16'!D8="✓")*1+('สัปดาห์ที่ 17'!D8="✓")*1+('สัปดาห์ที่ 18'!D8="✓")*1+('สัปดาห์ที่ 19'!D8="✓")*1+('สัปดาห์ที่ 20'!D8="✓")*1) -> 0 | E6: =SUMPRODUCT(('สัปดาห์ที่ 1'!E8="✓")*1+('สัปดาห์ที่ 2'!E8="✓")*1+('สัปดาห์ที่ 3'!E8="✓")*1+('สัปดาห์ที่ 4'!E8="✓")*1+('สัปดาห์ที่ 5'!E8="✓")*1+('สัปดาห์ที่ 6'!E8="✓")*1+('สัปดาห์ที่ 7'!E8="✓")*1+('สัปดาห์ที่ 8'!E8="✓")*1+('สัปดาห์ที่ 9'!E8="✓")*1+('สัปดาห์ที่ 10'!E8="✓")*1+('สัปดาห์ที่ 11'!E8="✓")*1+('สัปดาห์ที่ 12'!E8="✓")*1+('สัปดาห์ที่ 13'!E8="✓")*1+('สัปดาห์ที่ 14'!E8="✓")*1+('สัปดาห์ที่ 15'!E8="✓")*1+('สัปดาห์ที่ 16'!E8="✓")*1+('สัปดาห์ที่ 17'!E8="✓")*1+('สัปดาห์ที่ 18'!E8="✓")*1+('สัปดาห์ที่ 19'!E8="✓")*1+('สัปดาห์ที่ 20'!E8="✓")*1) -> 0 | F6: =SUMPRODUCT(('สัปดาห์ที่ 1'!F8="✓")*1+('สัปดาห์ที่ 2'!F8="✓")*1+('สัปดาห์ที่ 3'!F8="✓")*1+('สัปดาห์ที่ 4'!F8="✓")*1+('สัปดาห์ที่ 5'!F8="✓")*1+('สัปดาห์ที่ 6'!F8="✓")*1+('สัปดาห์ที่ 7'!F8="✓")*1+('สัปดาห์ที่ 8'!F8="✓")*1+('สัปดาห์ที่ 9'!F8="✓")*1+('สัปดาห์ที่ 10'!F8="✓")*1+('สัปดาห์ที่ 11'!F8="✓")*1+('สัปดาห์ที่ 12'!F8="✓")*1+('สัปดาห์ที่ 13'!F8="✓")*1+('สัปดาห์ที่ 14'!F8="✓")*1+('สัปดาห์ที่ 15'!F8="✓")*1+('สัปดาห์ที่ 16'!F8="✓")*1+('สัปดาห์ที่ 17'!F8="✓")*1+('สัปดาห์ที่ 18'!F8="✓")*1+('สัปดาห์ที่ 19'!F8="✓")*1+('สัปดาห์ที่ 20'!F8="✓")*1) -> 0 | G6: =SUMPRODUCT(('สัปดาห์ที่ 1'!G8="✓")*1+('สัปดาห์ที่ 2'!G8="✓")*1+('สัปดาห์ที่ 3'!G8="✓")*1+('สัปดาห์ที่ 4'!G8="✓")*1+('สัปดาห์ที่ 5'!G8="✓")*1+('สัปดาห์ที่ 6'!G8="✓")*1+('สัปดาห์ที่ 7'!G8="✓")*1+('สัปดาห์ที่ 8'!G8="✓")*1+('สัปดาห์ที่ 9'!G8="✓")*1+('สัปดาห์ที่ 10'!G8="✓")*1+('สัปดาห์ที่ 11'!G8="✓")*1+('สัปดาห์ที่ 12'!G8="✓")*1+('สัปดาห์ที่ 13'!G8="✓")*1+('สัปดาห์ที่ 14'!G8="✓")*1+('สัปดาห์ที่ 15'!G8="✓")*1+('สัปดาห์ที่ 16'!G8="✓")*1+('สัปดาห์ที่ 17'!G8="✓")*1+('สัปดาห์ที่ 18'!G8="✓")*1+('สัปดาห์ที่ 19'!G8="✓")*1+('สัปดาห์ที่ 20'!G8="✓")*1) -> 0 | H6: =SUMPRODUCT(('สัปดาห์ที่ 1'!H8="✓")*1+('สัปดาห์ที่ 2'!H8="✓")*1+('สัปดาห์ที่ 3'!H8="✓")*1+('สัปดาห์ที่ 4'!H8="✓")*1+('สัปดาห์ที่ 5'!H8="✓")*1+('สัปดาห์ที่ 6'!H8="✓")*1+('สัปดาห์ที่ 7'!H8="✓")*1+('สัปดาห์ที่ 8'!H8="✓")*1+('สัปดาห์ที่ 9'!H8="✓")*1+('สัปดาห์ที่ 10'!H8="✓")*1+('สัปดาห์ที่ 11'!H8="✓")*1+('สัปดาห์ที่ 12'!H8="✓")*1+('สัปดาห์ที่ 13'!H8="✓")*1+('สัปดาห์ที่ 14'!H8="✓")*1+('สัปดาห์ที่ 15'!H8="✓")*1+('สัปดาห์ที่ 16'!H8="✓")*1+('สัปดาห์ที่ 17'!H8="✓")*1+('สัปดาห์ที่ 18'!H8="✓")*1+('สัปดาห์ที่ 19'!H8="✓")*1+('สัปดาห์ที่ 20'!H8="✓")*1) -> 0 | I6: =SUMPRODUCT(('สัปดาห์ที่ 1'!I8="✓")*1+('สัปดาห์ที่ 2'!I8="✓")*1+('สัปดาห์ที่ 3'!I8="✓")*1+('สัปดาห์ที่ 4'!I8="✓")*1+('สัปดาห์ที่ 5'!I8="✓")*1+('สัปดาห์ที่ 6'!I8="✓")*1+('สัปดาห์ที่ 7'!I8="✓")*1+('สัปดาห์ที่ 8'!I8="✓")*1+('สัปดาห์ที่ 9'!I8="✓")*1+('สัปดาห์ที่ 10'!I8="✓")*1+('สัปดาห์ที่ 11'!I8="✓")*1+('สัปดาห์ที่ 12'!I8="✓")*1+('สัปดาห์ที่ 13'!I8="✓")*1+('สัปดาห์ที่ 14'!I8="✓")*1+('สัปดาห์ที่ 15'!I8="✓")*1+('สัปดาห์ที่ 16'!I8="✓")*1+('สัปดาห์ที่ 17'!I8="✓")*1+('สัปดาห์ที่ 18'!I8="✓")*1+('สัปดาห์ที่ 19'!I8="✓")*1+('สัปดาห์ที่ 20'!I8="✓")*1) -> 0 | J6: =SUM(D6:I6) -> 0
A7: 4 | B7: เด็กชายธิรพงศ์ | C7: อู่อ่อน | D7: =SUMPRODUCT(('สัปดาห์ที่ 1'!D9="✓")*1+('สัปดาห์ที่ 2'!D9="✓")*1+('สัปดาห์ที่ 3'!D9="✓")*1+('สัปดาห์ที่ 4'!D9="✓")*1+('สัปดาห์ที่ 5'!D9="✓")*1+('สัปดาห์ที่ 6'!D9="✓")*1+('สัปดาห์ที่ 7'!D9="✓")*1+('สัปดาห์ที่ 8'!D9="✓")*1+('สัปดาห์ที่ 9'!D9="✓")*1+('สัปดาห์ที่ 10'!D9="✓")*1+('สัปดาห์ที่ 11'!D9="✓")*1+('สัปดาห์ที่ 12'!D9="✓")*1+('สัปดาห์ที่ 13'!D9="✓")*1+('สัปดาห์ที่ 14'!D9="✓")*1+('สัปดาห์ที่ 15'!D9="✓")*1+('สัปดาห์ที่ 16'!D9="✓")*1+('สัปดาห์ที่ 17'!D9="✓")*1+('สัปดาห์ที่ 18'!D9="✓")*1+('สัปดาห์ที่ 19'!D9="✓")*1+('สัปดาห์ที่ 20'!D9="✓")*1) -> 0 | E7: =SUMPRODUCT(('สัปดาห์ที่ 1'!E9="✓")*1+('สัปดาห์ที่ 2'!E9="✓")*1+('สัปดาห์ที่ 3'!E9="✓")*1+('สัปดาห์ที่ 4'!E9="✓")*1+('สัปดาห์ที่ 5'!E9="✓")*1+('สัปดาห์ที่ 6'!E9="✓")*1+('สัปดาห์ที่ 7'!E9="✓")*1+('สัปดาห์ที่ 8'!E9="✓")*1+('สัปดาห์ที่ 9'!E9="✓")*1+('สัปดาห์ที่ 10'!E9="✓")*1+('สัปดาห์ที่ 11'!E9="✓")*1+('สัปดาห์ที่ 12'!E9="✓")*1+('สัปดาห์ที่ 13'!E9="✓")*1+('สัปดาห์ที่ 14'!E9="✓")*1+('สัปดาห์ที่ 15'!E9="✓")*1+('สัปดาห์ที่ 16'!E9="✓")*1+('สัปดาห์ที่ 17'!E9="✓")*1+('สัปดาห์ที่ 18'!E9="✓")*1+('สัปดาห์ที่ 19'!E9="✓")*1+('สัปดาห์ที่ 20'!E9="✓")*1) -> 0 | F7: =SUMPRODUCT(('สัปดาห์ที่ 1'!F9="✓")*1+('สัปดาห์ที่ 2'!F9="✓")*1+('สัปดาห์ที่ 3'!F9="✓")*1+('สัปดาห์ที่ 4'!F9="✓")*1+('สัปดาห์ที่ 5'!F9="✓")*1+('สัปดาห์ที่ 6'!F9="✓")*1+('สัปดาห์ที่ 7'!F9="✓")*1+('สัปดาห์ที่ 8'!F9="✓")*1+('สัปดาห์ที่ 9'!F9="✓")*1+('สัปดาห์ที่ 10'!F9="✓")*1+('สัปดาห์ที่ 11'!F9="✓")*1+('สัปดาห์ที่ 12'!F9="✓")*1+('สัปดาห์ที่ 13'!F9="✓")*1+('สัปดาห์ที่ 14'!F9="✓")*1+('สัปดาห์ที่ 15'!F9="✓")*1+('สัปดาห์ที่ 16'!F9="✓")*1+('สัปดาห์ที่ 17'!F9="✓")*1+('สัปดาห์ที่ 18'!F9="✓")*1+('สัปดาห์ที่ 19'!F9="✓")*1+('สัปดาห์ที่ 20'!F9="✓")*1) -> 0 | G7: =SUMPRODUCT(('สัปดาห์ที่ 1'!G9="✓")*1+('สัปดาห์ที่ 2'!G9="✓")*1+('สัปดาห์ที่ 3'!G9="✓")*1+('สัปดาห์ที่ 4'!G9="✓")*1+('สัปดาห์ที่ 5'!G9="✓")*1+('สัปดาห์ที่ 6'!G9="✓")*1+('สัปดาห์ที่ 7'!G9="✓")*1+('สัปดาห์ที่ 8'!G9="✓")*1+('สัปดาห์ที่ 9'!G9="✓")*1+('สัปดาห์ที่ 10'!G9="✓")*1+('สัปดาห์ที่ 11'!G9="✓")*1+('สัปดาห์ที่ 12'!G9="✓")*1+('สัปดาห์ที่ 13'!G9="✓")*1+('สัปดาห์ที่ 14'!G9="✓")*1+('สัปดาห์ที่ 15'!G9="✓")*1+('สัปดาห์ที่ 16'!G9="✓")*1+('สัปดาห์ที่ 17'!G9="✓")*1+('สัปดาห์ที่ 18'!G9="✓")*1+('สัปดาห์ที่ 19'!G9="✓")*1+('สัปดาห์ที่ 20'!G9="✓")*1) -> 0 | H7: =SUMPRODUCT(('สัปดาห์ที่ 1'!H9="✓")*1+('สัปดาห์ที่ 2'!H9="✓")*1+('สัปดาห์ที่ 3'!H9="✓")*1+('สัปดาห์ที่ 4'!H9="✓")*1+('สัปดาห์ที่ 5'!H9="✓")*1+('สัปดาห์ที่ 6'!H9="✓")*1+('สัปดาห์ที่ 7'!H9="✓")*1+('สัปดาห์ที่ 8'!H9="✓")*1+('สัปดาห์ที่ 9'!H9="✓")*1+('สัปดาห์ที่ 10'!H9="✓")*1+('สัปดาห์ที่ 11'!H9="✓")*1+('สัปดาห์ที่ 12'!H9="✓")*1+('สัปดาห์ที่ 13'!H9="✓")*1+('สัปดาห์ที่ 14'!H9="✓")*1+('สัปดาห์ที่ 15'!H9="✓")*1+('สัปดาห์ที่ 16'!H9="✓")*1+('สัปดาห์ที่ 17'!H9="✓")*1+('สัปดาห์ที่ 18'!H9="✓")*1+('สัปดาห์ที่ 19'!H9="✓")*1+('สัปดาห์ที่ 20'!H9="✓")*1) -> 0 | I7: =SUMPRODUCT(('สัปดาห์ที่ 1'!I9="✓")*1+('สัปดาห์ที่ 2'!I9="✓")*1+('สัปดาห์ที่ 3'!I9="✓")*1+('สัปดาห์ที่ 4'!I9="✓")*1+('สัปดาห์ที่ 5'!I9="✓")*1+('สัปดาห์ที่ 6'!I9="✓")*1+('สัปดาห์ที่ 7'!I9="✓")*1+('สัปดาห์ที่ 8'!I9="✓")*1+('สัปดาห์ที่ 9'!I9="✓")*1+('สัปดาห์ที่ 10'!I9="✓")*1+('สัปดาห์ที่ 11'!I9="✓")*1+('สัปดาห์ที่ 12'!I9="✓")*1+('สัปดาห์ที่ 13'!I9="✓")*1+('สัปดาห์ที่ 14'!I9="✓")*1+('สัปดาห์ที่ 15'!I9="✓")*1+('สัปดาห์ที่ 16'!I9="✓")*1+('สัปดาห์ที่ 17'!I9="✓")*1+('สัปดาห์ที่ 18'!I9="✓")*1+('สัปดาห์ที่ 19'!I9="✓")*1+('สัปดาห์ที่ 20'!I9="✓")*1) -> 0 | J7: =SUM(D7:I7) -> 0
A8: 5 | B8: เด็กชายสรวิชญ์ | C8: เตชสงค์ | D8: =SUMPRODUCT(('สัปดาห์ที่ 1'!D10="✓")*1+('สัปดาห์ที่ 2'!D10="✓")*1+('สัปดาห์ที่ 3'!D10="✓")*1+('สัปดาห์ที่ 4'!D10="✓")*1+('สัปดาห์ที่ 5'!D10="✓")*1+('สัปดาห์ที่ 6'!D10="✓")*1+('สัปดาห์ที่ 7'!D10="✓")*1+('สัปดาห์ที่ 8'!D10="✓")*1+('สัปดาห์ที่ 9'!D10="✓")*1+('สัปดาห์ที่ 10'!D10="✓")*1+('สัปดาห์ที่ 11'!D10="✓")*1+('สัปดาห์ที่ 12'!D10="✓")*1+('สัปดาห์ที่ 13'!D10="✓")*1+('สัปดาห์ที่ 14'!D10="✓")*1+('สัปดาห์ที่ 15'!D10="✓")*1+('สัปดาห์ที่ 16'!D10="✓")*1+('สัปดาห์ที่ 17'!D10="✓")*1+('สัปดาห์ที่ 18'!D10="✓")*1+('สัปดาห์ที่ 19'!D10="✓")*1+('สัปดาห์ที่ 20'!D10="✓")*1) -> 0 | E8: =SUMPRODUCT(('สัปดาห์ที่ 1'!E10="✓")*1+('สัปดาห์ที่ 2'!E10="✓")*1+('สัปดาห์ที่ 3'!E10="✓")*1+('สัปดาห์ที่ 4'!E10="✓")*1+('สัปดาห์ที่ 5'!E10="✓")*1+('สัปดาห์ที่ 6'!E10="✓")*1+('สัปดาห์ที่ 7'!E10="✓")*1+('สัปดาห์ที่ 8'!E10="✓")*1+('สัปดาห์ที่ 9'!E10="✓")*1+('สัปดาห์ที่ 10'!E10="✓")*1+('สัปดาห์ที่ 11'!E10="✓")*1+('สัปดาห์ที่ 12'!E10="✓")*1+('สัปดาห์ที่ 13'!E10="✓")*1+('สัปดาห์ที่ 14'!E10="✓")*1+('สัปดาห์ที่ 15'!E10="✓")*1+('สัปดาห์ที่ 16'!E10="✓")*1+('สัปดาห์ที่ 17'!E10="✓")*1+('สัปดาห์ที่ 18'!E10="✓")*1+('สัปดาห์ที่ 19'!E10="✓")*1+('สัปดาห์ที่ 20'!E10="✓")*1) -> 0 | F8: =SUMPRODUCT(('สัปดาห์ที่ 1'!F10="✓")*1+('สัปดาห์ที่ 2'!F10="✓")*1+('สัปดาห์ที่ 3'!F10="✓")*1+('สัปดาห์ที่ 4'!F10="✓")*1+('สัปดาห์ที่ 5'!F10="✓")*1+('สัปดาห์ที่ 6'!F10="✓")*1+('สัปดาห์ที่ 7'!F10="✓")*1+('สัปดาห์ที่ 8'!F10="✓")*1+('สัปดาห์ที่ 9'!F10="✓")*1+('สัปดาห์ที่ 10'!F10="✓")*1+('สัปดาห์ที่ 11'!F10="✓")*1+('สัปดาห์ที่ 12'!F10="✓")*1+('สัปดาห์ที่ 13'!F10="✓")*1+('สัปดาห์ที่ 14'!F10="✓")*1+('สัปดาห์ที่ 15'!F10="✓")*1+('สัปดาห์ที่ 16'!F10="✓")*1+('สัปดาห์ที่ 17'!F10="✓")*1+('สัปดาห์ที่ 18'!F10="✓")*1+('สัปดาห์ที่ 19'!F10="✓")*1+('สัปดาห์ที่ 20'!F10="✓")*1) -> 0 | G8: =SUMPRODUCT(('สัปดาห์ที่ 1'!G10="✓")*1+('สัปดาห์ที่ 2'!G10="✓")*1+('สัปดาห์ที่ 3'!G10="✓")*1+('สัปดาห์ที่ 4'!G10="✓")*1+('สัปดาห์ที่ 5'!G10="✓")*1+('สัปดาห์ที่ 6'!G10="✓")*1+('สัปดาห์ที่ 7'!G10="✓")*1+('สัปดาห์ที่ 8'!G10="✓")*1+('สัปดาห์ที่ 9'!G10="✓")*1+('สัปดาห์ที่ 10'!G10="✓")*1+('สัปดาห์ที่ 11'!G10="✓")*1+('สัปดาห์ที่ 12'!G10="✓")*1+('สัปดาห์ที่ 13'!G10="✓")*1+('สัปดาห์ที่ 14'!G10="✓")*1+('สัปดาห์ที่ 15'!G10="✓")*1+('สัปดาห์ที่ 16'!G10="✓")*1+('สัปดาห์ที่ 17'!G10="✓")*1+('สัปดาห์ที่ 18'!G10="✓")*1+('สัปดาห์ที่ 19'!G10="✓")*1+('สัปดาห์ที่ 20'!G10="✓")*1) -> 0 | H8: =SUMPRODUCT(('สัปดาห์ที่ 1'!H10="✓")*1+('สัปดาห์ที่ 2'!H10="✓")*1+('สัปดาห์ที่ 3'!H10="✓")*1+('สัปดาห์ที่ 4'!H10="✓")*1+('สัปดาห์ที่ 5'!H10="✓")*1+('สัปดาห์ที่ 6'!H10="✓")*1+('สัปดาห์ที่ 7'!H10="✓")*1+('สัปดาห์ที่ 8'!H10="✓")*1+('สัปดาห์ที่ 9'!H10="✓")*1+('สัปดาห์ที่ 10'!H10="✓")*1+('สัปดาห์ที่ 11'!H10="✓")*1+('สัปดาห์ที่ 12'!H10="✓")*1+('สัปดาห์ที่ 13'!H10="✓")*1+('สัปดาห์ที่ 14'!H10="✓")*1+('สัปดาห์ที่ 15'!H10="✓")*1+('สัปดาห์ที่ 16'!H10="✓")*1+('สัปดาห์ที่ 17'!H10="✓")*1+('สัปดาห์ที่ 18'!H10="✓")*1+('สัปดาห์ที่ 19'!H10="✓")*1+('สัปดาห์ที่ 20'!H10="✓")*1) -> 0 | I8: =SUMPRODUCT(('สัปดาห์ที่ 1'!I10="✓")*1+('สัปดาห์ที่ 2'!I10="✓")*1+('สัปดาห์ที่ 3'!I10="✓")*1+('สัปดาห์ที่ 4'!I10="✓")*1+('สัปดาห์ที่ 5'!I10="✓")*1+('สัปดาห์ที่ 6'!I10="✓")*1+('สัปดาห์ที่ 7'!I10="✓")*1+('สัปดาห์ที่ 8'!I10="✓")*1+('สัปดาห์ที่ 9'!I10="✓")*1+('สัปดาห์ที่ 10'!I10="✓")*1+('สัปดาห์ที่ 11'!I10="✓")*1+('สัปดาห์ที่ 12'!I10="✓")*1+('สัปดาห์ที่ 13'!I10="✓")*1+('สัปดาห์ที่ 14'!I10="✓")*1+('สัปดาห์ที่ 15'!I10="✓")*1+('สัปดาห์ที่ 16'!I10="✓")*1+('สัปดาห์ที่ 17'!I10="✓")*1+('สัปดาห์ที่ 18'!I10="✓")*1+('สัปดาห์ที่ 19'!I10="✓")*1+('สัปดาห์ที่ 20'!I10="✓")*1) -> 0 | J8: =SUM(D8:I8) -> 0
A9: 6 | B9: เด็กหญิงธัญญามาศ | C9: วิมลศรี | D9: =SUMPRODUCT(('สัปดาห์ที่ 1'!D11="✓")*1+('สัปดาห์ที่ 2'!D11="✓")*1+('สัปดาห์ที่ 3'!D11="✓")*1+('สัปดาห์ที่ 4'!D11="✓")*1+('สัปดาห์ที่ 5'!D11="✓")*1+('สัปดาห์ที่ 6'!D11="✓")*1+('สัปดาห์ที่ 7'!D11="✓")*1+('สัปดาห์ที่ 8'!D11="✓")*1+('สัปดาห์ที่ 9'!D11="✓")*1+('สัปดาห์ที่ 10'!D11="✓")*1+('สัปดาห์ที่ 11'!D11="✓")*1+('สัปดาห์ที่ 12'!D11="✓")*1+('สัปดาห์ที่ 13'!D11="✓")*1+('สัปดาห์ที่ 14'!D11="✓")*1+('สัปดาห์ที่ 15'!D11="✓")*1+('สัปดาห์ที่ 16'!D11="✓")*1+('สัปดาห์ที่ 17'!D11="✓")*1+('สัปดาห์ที่ 18'!D11="✓")*1+('สัปดาห์ที่ 19'!D11="✓")*1+('สัปดาห์ที่ 20'!D11="✓")*1) -> 0 | E9: =SUMPRODUCT(('สัปดาห์ที่ 1'!E11="✓")*1+('สัปดาห์ที่ 2'!E11="✓")*1+('สัปดาห์ที่ 3'!E11="✓")*1+('สัปดาห์ที่ 4'!E11="✓")*1+('สัปดาห์ที่ 5'!E11="✓")*1+('สัปดาห์ที่ 6'!E11="✓")*1+('สัปดาห์ที่ 7'!E11="✓")*1+('สัปดาห์ที่ 8'!E11="✓")*1+('สัปดาห์ที่ 9'!E11="✓")*1+('สัปดาห์ที่ 10'!E11="✓")*1+('สัปดาห์ที่ 11'!E11="✓")*1+('สัปดาห์ที่ 12'!E11="✓")*1+('สัปดาห์ที่ 13'!E11="✓")*1+('สัปดาห์ที่ 14'!E11="✓")*1+('สัปดาห์ที่ 15'!E11="✓")*1+('สัปดาห์ที่ 16'!E11="✓")*1+('สัปดาห์ที่ 17'!E11="✓")*1+('สัปดาห์ที่ 18'!E11="✓")*1+('สัปดาห์ที่ 19'!E11="✓")*1+('สัปดาห์ที่ 20'!E11="✓")*1) -> 0 | F9: =SUMPRODUCT(('สัปดาห์ที่ 1'!F11="✓")*1+('สัปดาห์ที่ 2'!F11="✓")*1+('สัปดาห์ที่ 3'!F11="✓")*1+('สัปดาห์ที่ 4'!F11="✓")*1+('สัปดาห์ที่ 5'!F11="✓")*1+('สัปดาห์ที่ 6'!F11="✓")*1+('สัปดาห์ที่ 7'!F11="✓")*1+('สัปดาห์ที่ 8'!F11="✓")*1+('สัปดาห์ที่ 9'!F11="✓")*1+('สัปดาห์ที่ 10'!F11="✓")*1+('สัปดาห์ที่ 11'!F11="✓")*1+('สัปดาห์ที่ 12'!F11="✓")*1+('สัปดาห์ที่ 13'!F11="✓")*1+('สัปดาห์ที่ 14'!F11="✓")*1+('สัปดาห์ที่ 15'!F11="✓")*1+('สัปดาห์ที่ 16'!F11="✓")*1+('สัปดาห์ที่ 17'!F11="✓")*1+('สัปดาห์ที่ 18'!F11="✓")*1+('สัปดาห์ที่ 19'!F11="✓")*1+('สัปดาห์ที่ 20'!F11="✓")*1) -> 0 | G9: =SUMPRODUCT(('สัปดาห์ที่ 1'!G11="✓")*1+('สัปดาห์ที่ 2'!G11="✓")*1+('สัปดาห์ที่ 3'!G11="✓")*1+('สัปดาห์ที่ 4'!G11="✓")*1+('สัปดาห์ที่ 5'!G11="✓")*1+('สัปดาห์ที่ 6'!G11="✓")*1+('สัปดาห์ที่ 7'!G11="✓")*1+('สัปดาห์ที่ 8'!G11="✓")*1+('สัปดาห์ที่ 9'!G11="✓")*1+('สัปดาห์ที่ 10'!G11="✓")*1+('สัปดาห์ที่ 11'!G11="✓")*1+('สัปดาห์ที่ 12'!G11="✓")*1+('สัปดาห์ที่ 13'!G11="✓")*1+('สัปดาห์ที่ 14'!G11="✓")*1+('สัปดาห์ที่ 15'!G11="✓")*1+('สัปดาห์ที่ 16'!G11="✓")*1+('สัปดาห์ที่ 17'!G11="✓")*1+('สัปดาห์ที่ 18'!G11="✓")*1+('สัปดาห์ที่ 19'!G11="✓")*1+('สัปดาห์ที่ 20'!G11="✓")*1) -> 0 | H9: =SUMPRODUCT(('สัปดาห์ที่ 1'!H11="✓")*1+('สัปดาห์ที่ 2'!H11="✓")*1+('สัปดาห์ที่ 3'!H11="✓")*1+('สัปดาห์ที่ 4'!H11="✓")*1+('สัปดาห์ที่ 5'!H11="✓")*1+('สัปดาห์ที่ 6'!H11="✓")*1+('สัปดาห์ที่ 7'!H11="✓")*1+('สัปดาห์ที่ 8'!H11="✓")*1+('สัปดาห์ที่ 9'!H11="✓")*1+('สัปดาห์ที่ 10'!H11="✓")*1+('สัปดาห์ที่ 11'!H11="✓")*1+('สัปดาห์ที่ 12'!H11="✓")*1+('สัปดาห์ที่ 13'!H11="✓")*1+('สัปดาห์ที่ 14'!H11="✓")*1+('สัปดาห์ที่ 15'!H11="✓")*1+('สัปดาห์ที่ 16'!H11="✓")*1+('สัปดาห์ที่ 17'!H11="✓")*1+('สัปดาห์ที่ 18'!H11="✓")*1+('สัปดาห์ที่ 19'!H11="✓")*1+('สัปดาห์ที่ 20'!H11="✓")*1) -> 0 | I9: =SUMPRODUCT(('สัปดาห์ที่ 1'!I11="✓")*1+('สัปดาห์ที่ 2'!I11="✓")*1+('สัปดาห์ที่ 3'!I11="✓")*1+('สัปดาห์ที่ 4'!I11="✓")*1+('สัปดาห์ที่ 5'!I11="✓")*1+('สัปดาห์ที่ 6'!I11="✓")*1+('สัปดาห์ที่ 7'!I11="✓")*1+('สัปดาห์ที่ 8'!I11="✓")*1+('สัปดาห์ที่ 9'!I11="✓")*1+('สัปดาห์ที่ 10'!I11="✓")*1+('สัปดาห์ที่ 11'!I11="✓")*1+('สัปดาห์ที่ 12'!I11="✓")*1+('สัปดาห์ที่ 13'!I11="✓")*1+('สัปดาห์ที่ 14'!I11="✓")*1+('สัปดาห์ที่ 15'!I11="✓")*1+('สัปดาห์ที่ 16'!I11="✓")*1+('สัปดาห์ที่ 17'!I11="✓")*1+('สัปดาห์ที่ 18'!I11="✓")*1+('สัปดาห์ที่ 19'!I11="✓")*1+('สัปดาห์ที่ 20'!I11="✓")*1) -> 0 | J9: =SUM(D9:I9) -> 0
A10: 7 | B10: เด็กชายวสิน | C10: เม็ด | D10: =SUMPRODUCT(('สัปดาห์ที่ 1'!D12="✓")*1+('สัปดาห์ที่ 2'!D12="✓")*1+('สัปดาห์ที่ 3'!D12="✓")*1+('สัปดาห์ที่ 4'!D12="✓")*1+('สัปดาห์ที่ 5'!D12="✓")*1+('สัปดาห์ที่ 6'!D12="✓")*1+('สัปดาห์ที่ 7'!D12="✓")*1+('สัปดาห์ที่ 8'!D12="✓")*1+('สัปดาห์ที่ 9'!D12="✓")*1+('สัปดาห์ที่ 10'!D12="✓")*1+('สัปดาห์ที่ 11'!D12="✓")*1+('สัปดาห์ที่ 12'!D12="✓")*1+('สัปดาห์ที่ 13'!D12="✓")*1+('สัปดาห์ที่ 14'!D12="✓")*1+('สัปดาห์ที่ 15'!D12="✓")*1+('สัปดาห์ที่ 16'!D12="✓")*1+('สัปดาห์ที่ 17'!D12="✓")*1+('สัปดาห์ที่ 18'!D12="✓")*1+('สัปดาห์ที่ 19'!D12="✓")*1+('สัปดาห์ที่ 20'!D12="✓")*1) -> 0 | E10: =SUMPRODUCT(('สัปดาห์ที่ 1'!E12="✓")*1+('สัปดาห์ที่ 2'!E12="✓")*1+('สัปดาห์ที่ 3'!E12="✓")*1+('สัปดาห์ที่ 4'!E12="✓")*1+('สัปดาห์ที่ 5'!E12="✓")*1+('สัปดาห์ที่ 6'!E12="✓")*1+('สัปดาห์ที่ 7'!E12="✓")*1+('สัปดาห์ที่ 8'!E12="✓")*1+('สัปดาห์ที่ 9'!E12="✓")*1+('สัปดาห์ที่ 10'!E12="✓")*1+('สัปดาห์ที่ 11'!E12="✓")*1+('สัปดาห์ที่ 12'!E12="✓")*1+('สัปดาห์ที่ 13'!E12="✓")*1+('สัปดาห์ที่ 14'!E12="✓")*1+('สัปดาห์ที่ 15'!E12="✓")*1+('สัปดาห์ที่ 16'!E12="✓")*1+('สัปดาห์ที่ 17'!E12="✓")*1+('สัปดาห์ที่ 18'!E12="✓")*1+('สัปดาห์ที่ 19'!E12="✓")*1+('สัปดาห์ที่ 20'!E12="✓")*1) -> 0 | F10: =SUMPRODUCT(('สัปดาห์ที่ 1'!F12="✓")*1+('สัปดาห์ที่ 2'!F12="✓")*1+('สัปดาห์ที่ 3'!F12="✓")*1+('สัปดาห์ที่ 4'!F12="✓")*1+('สัปดาห์ที่ 5'!F12="✓")*1+('สัปดาห์ที่ 6'!F12="✓")*1+('สัปดาห์ที่ 7'!F12="✓")*1+('สัปดาห์ที่ 8'!F12="✓")*1+('สัปดาห์ที่ 9'!F12="✓")*1+('สัปดาห์ที่ 10'!F12="✓")*1+('สัปดาห์ที่ 11'!F12="✓")*1+('สัปดาห์ที่ 12'!F12="✓")*1+('สัปดาห์ที่ 13'!F12="✓")*1+('สัปดาห์ที่ 14'!F12="✓")*1+('สัปดาห์ที่ 15'!F12="✓")*1+('สัปดาห์ที่ 16'!F12="✓")*1+('สัปดาห์ที่ 17'!F12="✓")*1+('สัปดาห์ที่ 18'!F12="✓")*1+('สัปดาห์ที่ 19'!F12="✓")*1+('สัปดาห์ที่ 20'!F12="✓")*1) -> 0 | G10: =SUMPRODUCT(('สัปดาห์ที่ 1'!G12="✓")*1+('สัปดาห์ที่ 2'!G12="✓")*1+('สัปดาห์ที่ 3'!G12="✓")*1+('สัปดาห์ที่ 4'!G12="✓")*1+('สัปดาห์ที่ 5'!G12="✓")*1+('สัปดาห์ที่ 6'!G12="✓")*1+('สัปดาห์ที่ 7'!G12="✓")*1+('สัปดาห์ที่ 8'!G12="✓")*1+('สัปดาห์ที่ 9'!G12="✓")*1+('สัปดาห์ที่ 10'!G12="✓")*1+('สัปดาห์ที่ 11'!G12="✓")*1+('สัปดาห์ที่ 12'!G12="✓")*1+('สัปดาห์ที่ 13'!G12="✓")*1+('สัปดาห์ที่ 14'!G12="✓")*1+('สัปดาห์ที่ 15'!G12="✓")*1+('สัปดาห์ที่ 16'!G12="✓")*1+('สัปดาห์ที่ 17'!G12="✓")*1+('สัปดาห์ที่ 18'!G12="✓")*1+('สัปดาห์ที่ 19'!G12="✓")*1+('สัปดาห์ที่ 20'!G12="✓")*1) -> 0 | H10: =SUMPRODUCT(('สัปดาห์ที่ 1'!H12="✓")*1+('สัปดาห์ที่ 2'!H12="✓")*1+('สัปดาห์ที่ 3'!H12="✓")*1+('สัปดาห์ที่ 4'!H12="✓")*1+('สัปดาห์ที่ 5'!H12="✓")*1+('สัปดาห์ที่ 6'!H12="✓")*1+('สัปดาห์ที่ 7'!H12="✓")*1+('สัปดาห์ที่ 8'!H12="✓")*1+('สัปดาห์ที่ 9'!H12="✓")*1+('สัปดาห์ที่ 10'!H12="✓")*1+('สัปดาห์ที่ 11'!H12="✓")*1+('สัปดาห์ที่ 12'!H12="✓")*1+('สัปดาห์ที่ 13'!H12="✓")*1+('สัปดาห์ที่ 14'!H12="✓")*1+('สัปดาห์ที่ 15'!H12="✓")*1+('สัปดาห์ที่ 16'!H12="✓")*1+('สัปดาห์ที่ 17'!H12="✓")*1+('สัปดาห์ที่ 18'!H12="✓")*1+('สัปดาห์ที่ 19'!H12="✓")*1+('สัปดาห์ที่ 20'!H12="✓")*1) -> 0 | I10: =SUMPRODUCT(('สัปดาห์ที่ 1'!I12="✓")*1+('สัปดาห์ที่ 2'!I12="✓")*1+('สัปดาห์ที่ 3'!I12="✓")*1+('สัปดาห์ที่ 4'!I12="✓")*1+('สัปดาห์ที่ 5'!I12="✓")*1+('สัปดาห์ที่ 6'!I12="✓")*1+('สัปดาห์ที่ 7'!I12="✓")*1+('สัปดาห์ที่ 8'!I12="✓")*1+('สัปดาห์ที่ 9'!I12="✓")*1+('สัปดาห์ที่ 10'!I12="✓")*1+('สัปดาห์ที่ 11'!I12="✓")*1+('สัปดาห์ที่ 12'!I12="✓")*1+('สัปดาห์ที่ 13'!I12="✓")*1+('สัปดาห์ที่ 14'!I12="✓")*1+('สัปดาห์ที่ 15'!I12="✓")*1+('สัปดาห์ที่ 16'!I12="✓")*1+('สัปดาห์ที่ 17'!I12="✓")*1+('สัปดาห์ที่ 18'!I12="✓")*1+('สัปดาห์ที่ 19'!I12="✓")*1+('สัปดาห์ที่ 20'!I12="✓")*1) -> 0 | J10: =SUM(D10:I10) -> 0
A11: 8 | B11: เด็กหญิงลีนา | C11: ออง | D11: =SUMPRODUCT(('สัปดาห์ที่ 1'!D13="✓")*1+('สัปดาห์ที่ 2'!D13="✓")*1+('สัปดาห์ที่ 3'!D13="✓")*1+('สัปดาห์ที่ 4'!D13="✓")*1+('สัปดาห์ที่ 5'!D13="✓")*1+('สัปดาห์ที่ 6'!D13="✓")*1+('สัปดาห์ที่ 7'!D13="✓")*1+('สัปดาห์ที่ 8'!D13="✓")*1+('สัปดาห์ที่ 9'!D13="✓")*1+('สัปดาห์ที่ 10'!D13="✓")*1+('สัปดาห์ที่ 11'!D13="✓")*1+('สัปดาห์ที่ 12'!D13="✓")*1+('สัปดาห์ที่ 13'!D13="✓")*1+('สัปดาห์ที่ 14'!D13="✓")*1+('สัปดาห์ที่ 15'!D13="✓")*1+('สัปดาห์ที่ 16'!D13="✓")*1+('สัปดาห์ที่ 17'!D13="✓")*1+('สัปดาห์ที่ 18'!D13="✓")*1+('สัปดาห์ที่ 19'!D13="✓")*1+('สัปดาห์ที่ 20'!D13="✓")*1) -> 0 | E11: =SUMPRODUCT(('สัปดาห์ที่ 1'!E13="✓")*1+('สัปดาห์ที่ 2'!E13="✓")*1+('สัปดาห์ที่ 3'!E13="✓")*1+('สัปดาห์ที่ 4'!E13="✓")*1+('สัปดาห์ที่ 5'!E13="✓")*1+('สัปดาห์ที่ 6'!E13="✓")*1+('สัปดาห์ที่ 7'!E13="✓")*1+('สัปดาห์ที่ 8'!E13="✓")*1+('สัปดาห์ที่ 9'!E13="✓")*1+('สัปดาห์ที่ 10'!E13="✓")*1+('สัปดาห์ที่ 11'!E13="✓")*1+('สัปดาห์ที่ 12'!E13="✓")*1+('สัปดาห์ที่ 13'!E13="✓")*1+('สัปดาห์ที่ 14'!E13="✓")*1+('สัปดาห์ที่ 15'!E13="✓")*1+('สัปดาห์ที่ 16'!E13="✓")*1+('สัปดาห์ที่ 17'!E13="✓")*1+('สัปดาห์ที่ 18'!E13="✓")*1+('สัปดาห์ที่ 19'!E13="✓")*1+('สัปดาห์ที่ 20'!E13="✓")*1) -> 0 | F11: =SUMPRODUCT(('สัปดาห์ที่ 1'!F13="✓")*1+('สัปดาห์ที่ 2'!F13="✓")*1+('สัปดาห์ที่ 3'!F13="✓")*1+('สัปดาห์ที่ 4'!F13="✓")*1+('สัปดาห์ที่ 5'!F13="✓")*1+('สัปดาห์ที่ 6'!F13="✓")*1+('สัปดาห์ที่ 7'!F13="✓")*1+('สัปดาห์ที่ 8'!F13="✓")*1+('สัปดาห์ที่ 9'!F13="✓")*1+('สัปดาห์ที่ 10'!F13="✓")*1+('สัปดาห์ที่ 11'!F13="✓")*1+('สัปดาห์ที่ 12'!F13="✓")*1+('สัปดาห์ที่ 13'!F13="✓")*1+('สัปดาห์ที่ 14'!F13="✓")*1+('สัปดาห์ที่ 15'!F13="✓")*1+('สัปดาห์ที่ 16'!F13="✓")*1+('สัปดาห์ที่ 17'!F13="✓")*1+('สัปดาห์ที่ 18'!F13="✓")*1+('สัปดาห์ที่ 19'!F13="✓")*1+('สัปดาห์ที่ 20'!F13="✓")*1) -> 0 | G11: =SUMPRODUCT(('สัปดาห์ที่ 1'!G13="✓")*1+('สัปดาห์ที่ 2'!G13="✓")*1+('สัปดาห์ที่ 3'!G13="✓")*1+('สัปดาห์ที่ 4'!G13="✓")*1+('สัปดาห์ที่ 5'!G13="✓")*1+('สัปดาห์ที่ 6'!G13="✓")*1+('สัปดาห์ที่ 7'!G13="✓")*1+('สัปดาห์ที่ 8'!G13="✓")*1+('สัปดาห์ที่ 9'!G13="✓")*1+('สัปดาห์ที่ 10'!G13="✓")*1+('สัปดาห์ที่ 11'!G13="✓")*1+('สัปดาห์ที่ 12'!G13="✓")*1+('สัปดาห์ที่ 13'!G13="✓")*1+('สัปดาห์ที่ 14'!G13="✓")*1+('สัปดาห์ที่ 15'!G13="✓")*1+('สัปดาห์ที่ 16'!G13="✓")*1+('สัปดาห์ที่ 17'!G13="✓")*1+('สัปดาห์ที่ 18'!G13="✓")*1+('สัปดาห์ที่ 19'!G13="✓")*1+('สัปดาห์ที่ 20'!G13="✓")*1) -> 0 | H11: =SUMPRODUCT(('สัปดาห์ที่ 1'!H13="✓")*1+('สัปดาห์ที่ 2'!H13="✓")*1+('สัปดาห์ที่ 3'!H13="✓")*1+('สัปดาห์ที่ 4'!H13="✓")*1+('สัปดาห์ที่ 5'!H13="✓")*1+('สัปดาห์ที่ 6'!H13="✓")*1+('สัปดาห์ที่ 7'!H13="✓")*1+('สัปดาห์ที่ 8'!H13="✓")*1+('สัปดาห์ที่ 9'!H13="✓")*1+('สัปดาห์ที่ 10'!H13="✓")*1+('สัปดาห์ที่ 11'!H13="✓")*1+('สัปดาห์ที่ 12'!H13="✓")*1+('สัปดาห์ที่ 13'!H13="✓")*1+('สัปดาห์ที่ 14'!H13="✓")*1+('สัปดาห์ที่ 15'!H13="✓")*1+('สัปดาห์ที่ 16'!H13="✓")*1+('สัปดาห์ที่ 17'!H13="✓")*1+('สัปดาห์ที่ 18'!H13="✓")*1+('สัปดาห์ที่ 19'!H13="✓")*1+('สัปดาห์ที่ 20'!H13="✓")*1) -> 0 | I11: =SUMPRODUCT(('สัปดาห์ที่ 1'!I13="✓")*1+('สัปดาห์ที่ 2'!I13="✓")*1+('สัปดาห์ที่ 3'!I13="✓")*1+('สัปดาห์ที่ 4'!I13="✓")*1+('สัปดาห์ที่ 5'!I13="✓")*1+('สัปดาห์ที่ 6'!I13="✓")*1+('สัปดาห์ที่ 7'!I13="✓")*1+('สัปดาห์ที่ 8'!I13="✓")*1+('สัปดาห์ที่ 9'!I13="✓")*1+('สัปดาห์ที่ 10'!I13="✓")*1+('สัปดาห์ที่ 11'!I13="✓")*1+('สัปดาห์ที่ 12'!I13="✓")*1+('สัปดาห์ที่ 13'!I13="✓")*1+('สัปดาห์ที่ 14'!I13="✓")*1+('สัปดาห์ที่ 15'!I13="✓")*1+('สัปดาห์ที่ 16'!I13="✓")*1+('สัปดาห์ที่ 17'!I13="✓")*1+('สัปดาห์ที่ 18'!I13="✓")*1+('สัปดาห์ที่ 19'!I13="✓")*1+('สัปดาห์ที่ 20'!I13="✓")*1) -> 0 | J11: =SUM(D11:I11) -> 0
A12: 9 | B12: เด็กชายพชร | C12: ธรรมหลวง | D12: =SUMPRODUCT(('สัปดาห์ที่ 1'!D14="✓")*1+('สัปดาห์ที่ 2'!D14="✓")*1+('สัปดาห์ที่ 3'!D14="✓")*1+('สัปดาห์ที่ 4'!D14="✓")*1+('สัปดาห์ที่ 5'!D14="✓")*1+('สัปดาห์ที่ 6'!D14="✓")*1+('สัปดาห์ที่ 7'!D14="✓")*1+('สัปดาห์ที่ 8'!D14="✓")*1+('สัปดาห์ที่ 9'!D14="✓")*1+('สัปดาห์ที่ 10'!D14="✓")*1+('สัปดาห์ที่ 11'!D14="✓")*1+('สัปดาห์ที่ 12'!D14="✓")*1+('สัปดาห์ที่ 13'!D14="✓")*1+('สัปดาห์ที่ 14'!D14="✓")*1+('สัปดาห์ที่ 15'!D14="✓")*1+('สัปดาห์ที่ 16'!D14="✓")*1+('สัปดาห์ที่ 17'!D14="✓")*1+('สัปดาห์ที่ 18'!D14="✓")*1+('สัปดาห์ที่ 19'!D14="✓")*1+('สัปดาห์ที่ 20'!D14="✓")*1) -> 0 | E12: =SUMPRODUCT(('สัปดาห์ที่ 1'!E14="✓")*1+('สัปดาห์ที่ 2'!E14="✓")*1+('สัปดาห์ที่ 3'!E14="✓")*1+('สัปดาห์ที่ 4'!E14="✓")*1+('สัปดาห์ที่ 5'!E14="✓")*1+('สัปดาห์ที่ 6'!E14="✓")*1+('สัปดาห์ที่ 7'!E14="✓")*1+('สัปดาห์ที่ 8'!E14="✓")*1+('สัปดาห์ที่ 9'!E14="✓")*1+('สัปดาห์ที่ 10'!E14="✓")*1+('สัปดาห์ที่ 11'!E14="✓")*1+('สัปดาห์ที่ 12'!E14="✓")*1+('สัปดาห์ที่ 13'!E14="✓")*1+('สัปดาห์ที่ 14'!E14="✓")*1+('สัปดาห์ที่ 15'!E14="✓")*1+('สัปดาห์ที่ 16'!E14="✓")*1+('สัปดาห์ที่ 17'!E14="✓")*1+('สัปดาห์ที่ 18'!E14="✓")*1+('สัปดาห์ที่ 19'!E14="✓")*1+('สัปดาห์ที่ 20'!E14="✓")*1) -> 0 | F12: =SUMPRODUCT(('สัปดาห์ที่ 1'!F14="✓")*1+('สัปดาห์ที่ 2'!F14="✓")*1+('สัปดาห์ที่ 3'!F14="✓")*1+('สัปดาห์ที่ 4'!F14="✓")*1+('สัปดาห์ที่ 5'!F14="✓")*1+('สัปดาห์ที่ 6'!F14="✓")*1+('สัปดาห์ที่ 7'!F14="✓")*1+('สัปดาห์ที่ 8'!F14="✓")*1+('สัปดาห์ที่ 9'!F14="✓")*1+('สัปดาห์ที่ 10'!F14="✓")*1+('สัปดาห์ที่ 11'!F14="✓")*1+('สัปดาห์ที่ 12'!F14="✓")*1+('สัปดาห์ที่ 13'!F14="✓")*1+('สัปดาห์ที่ 14'!F14="✓")*1+('สัปดาห์ที่ 15'!F14="✓")*1+('สัปดาห์ที่ 16'!F14="✓")*1+('สัปดาห์ที่ 17'!F14="✓")*1+('สัปดาห์ที่ 18'!F14="✓")*1+('สัปดาห์ที่ 19'!F14="✓")*1+('สัปดาห์ที่ 20'!F14="✓")*1) -> 0 | G12: =SUMPRODUCT(('สัปดาห์ที่ 1'!G14="✓")*1+('สัปดาห์ที่ 2'!G14="✓")*1+('สัปดาห์ที่ 3'!G14="✓")*1+('สัปดาห์ที่ 4'!G14="✓")*1+('สัปดาห์ที่ 5'!G14="✓")*1+('สัปดาห์ที่ 6'!G14="✓")*1+('สัปดาห์ที่ 7'!G14="✓")*1+('สัปดาห์ที่ 8'!G14="✓")*1+('สัปดาห์ที่ 9'!G14="✓")*1+('สัปดาห์ที่ 10'!G14="✓")*1+('สัปดาห์ที่ 11'!G14="✓")*1+('สัปดาห์ที่ 12'!G14="✓")*1+('สัปดาห์ที่ 13'!G14="✓")*1+('สัปดาห์ที่ 14'!G14="✓")*1+('สัปดาห์ที่ 15'!G14="✓")*1+('สัปดาห์ที่ 16'!G14="✓")*1+('สัปดาห์ที่ 17'!G14="✓")*1+('สัปดาห์ที่ 18'!G14="✓")*1+('สัปดาห์ที่ 19'!G14="✓")*1+('สัปดาห์ที่ 20'!G14="✓")*1) -> 0 | H12: =SUMPRODUCT(('สัปดาห์ที่ 1'!H14="✓")*1+('สัปดาห์ที่ 2'!H14="✓")*1+('สัปดาห์ที่ 3'!H14="✓")*1+('สัปดาห์ที่ 4'!H14="✓")*1+('สัปดาห์ที่ 5'!H14="✓")*1+('สัปดาห์ที่ 6'!H14="✓")*1+('สัปดาห์ที่ 7'!H14="✓")*1+('สัปดาห์ที่ 8'!H14="✓")*1+('สัปดาห์ที่ 9'!H14="✓")*1+('สัปดาห์ที่ 10'!H14="✓")*1+('สัปดาห์ที่ 11'!H14="✓")*1+('สัปดาห์ที่ 12'!H14="✓")*1+('สัปดาห์ที่ 13'!H14="✓")*1+('สัปดาห์ที่ 14'!H14="✓")*1+('สัปดาห์ที่ 15'!H14="✓")*1+('สัปดาห์ที่ 16'!H14="✓")*1+('สัปดาห์ที่ 17'!H14="✓")*1+('สัปดาห์ที่ 18'!H14="✓")*1+('สัปดาห์ที่ 19'!H14="✓")*1+('สัปดาห์ที่ 20'!H14="✓")*1) -> 0 | I12: =SUMPRODUCT(('สัปดาห์ที่ 1'!I14="✓")*1+('สัปดาห์ที่ 2'!I14="✓")*1+('สัปดาห์ที่ 3'!I14="✓")*1+('สัปดาห์ที่ 4'!I14="✓")*1+('สัปดาห์ที่ 5'!I14="✓")*1+('สัปดาห์ที่ 6'!I14="✓")*1+('สัปดาห์ที่ 7'!I14="✓")*1+('สัปดาห์ที่ 8'!I14="✓")*1+('สัปดาห์ที่ 9'!I14="✓")*1+('สัปดาห์ที่ 10'!I14="✓")*1+('สัปดาห์ที่ 11'!I14="✓")*1+('สัปดาห์ที่ 12'!I14="✓")*1+('สัปดาห์ที่ 13'!I14="✓")*1+('สัปดาห์ที่ 14'!I14="✓")*1+('สัปดาห์ที่ 15'!I14="✓")*1+('สัปดาห์ที่ 16'!I14="✓")*1+('สัปดาห์ที่ 17'!I14="✓")*1+('สัปดาห์ที่ 18'!I14="✓")*1+('สัปดาห์ที่ 19'!I14="✓")*1+('สัปดาห์ที่ 20'!I14="✓")*1) -> 0 | J12: =SUM(D12:I12) -> 0
A13: 10 | B13: เด็กชายศิวกรณ์ | C13: ถึงวงศ์ | D13: =SUMPRODUCT(('สัปดาห์ที่ 1'!D15="✓")*1+('สัปดาห์ที่ 2'!D15="✓")*1+('สัปดาห์ที่ 3'!D15="✓")*1+('สัปดาห์ที่ 4'!D15="✓")*1+('สัปดาห์ที่ 5'!D15="✓")*1+('สัปดาห์ที่ 6'!D15="✓")*1+('สัปดาห์ที่ 7'!D15="✓")*1+('สัปดาห์ที่ 8'!D15="✓")*1+('สัปดาห์ที่ 9'!D15="✓")*1+('สัปดาห์ที่ 10'!D15="✓")*1+('สัปดาห์ที่ 11'!D15="✓")*1+('สัปดาห์ที่ 12'!D15="✓")*1+('สัปดาห์ที่ 13'!D15="✓")*1+('สัปดาห์ที่ 14'!D15="✓")*1+('สัปดาห์ที่ 15'!D15="✓")*1+('สัปดาห์ที่ 16'!D15="✓")*1+('สัปดาห์ที่ 17'!D15="✓")*1+('สัปดาห์ที่ 18'!D15="✓")*1+('สัปดาห์ที่ 19'!D15="✓")*1+('สัปดาห์ที่ 20'!D15="✓")*1) -> 0 | E13: =SUMPRODUCT(('สัปดาห์ที่ 1'!E15="✓")*1+('สัปดาห์ที่ 2'!E15="✓")*1+('สัปดาห์ที่ 3'!E15="✓")*1+('สัปดาห์ที่ 4'!E15="✓")*1+('สัปดาห์ที่ 5'!E15="✓")*1+('สัปดาห์ที่ 6'!E15="✓")*1+('สัปดาห์ที่ 7'!E15="✓")*1+('สัปดาห์ที่ 8'!E15="✓")*1+('สัปดาห์ที่ 9'!E15="✓")*1+('สัปดาห์ที่ 10'!E15="✓")*1+('สัปดาห์ที่ 11'!E15="✓")*1+('สัปดาห์ที่ 12'!E15="✓")*1+('สัปดาห์ที่ 13'!E15="✓")*1+('สัปดาห์ที่ 14'!E15="✓")*1+('สัปดาห์ที่ 15'!E15="✓")*1+('สัปดาห์ที่ 16'!E15="✓")*1+('สัปดาห์ที่ 17'!E15="✓")*1+('สัปดาห์ที่ 18'!E15="✓")*1+('สัปดาห์ที่ 19'!E15="✓")*1+('สัปดาห์ที่ 20'!E15="✓")*1) -> 0 | F13: =SUMPRODUCT(('สัปดาห์ที่ 1'!F15="✓")*1+('สัปดาห์ที่ 2'!F15="✓")*1+('สัปดาห์ที่ 3'!F15="✓")*1+('สัปดาห์ที่ 4'!F15="✓")*1+('สัปดาห์ที่ 5'!F15="✓")*1+('สัปดาห์ที่ 6'!F15="✓")*1+('สัปดาห์ที่ 7'!F15="✓")*1+('สัปดาห์ที่ 8'!F15="✓")*1+('สัปดาห์ที่ 9'!F15="✓")*1+('สัปดาห์ที่ 10'!F15="✓")*1+('สัปดาห์ที่ 11'!F15="✓")*1+('สัปดาห์ที่ 12'!F15="✓")*1+('สัปดาห์ที่ 13'!F15="✓")*1+('สัปดาห์ที่ 14'!F15="✓")*1+('สัปดาห์ที่ 15'!F15="✓")*1+('สัปดาห์ที่ 16'!F15="✓")*1+('สัปดาห์ที่ 17'!F15="✓")*1+('สัปดาห์ที่ 18'!F15="✓")*1+('สัปดาห์ที่ 19'!F15="✓")*1+('สัปดาห์ที่ 20'!F15="✓")*1) -> 0 | G13: =SUMPRODUCT(('สัปดาห์ที่ 1'!G15="✓")*1+('สัปดาห์ที่ 2'!G15="✓")*1+('สัปดาห์ที่ 3'!G15="✓")*1+('สัปดาห์ที่ 4'!G15="✓")*1+('สัปดาห์ที่ 5'!G15="✓")*1+('สัปดาห์ที่ 6'!G15="✓")*1+('สัปดาห์ที่ 7'!G15="✓")*1+('สัปดาห์ที่ 8'!G15="✓")*1+('สัปดาห์ที่ 9'!G15="✓")*1+('สัปดาห์ที่ 10'!G15="✓")*1+('สัปดาห์ที่ 11'!G15="✓")*1+('สัปดาห์ที่ 12'!G15="✓")*1+('สัปดาห์ที่ 13'!G15="✓")*1+('สัปดาห์ที่ 14'!G15="✓")*1+('สัปดาห์ที่ 15'!G15="✓")*1+('สัปดาห์ที่ 16'!G15="✓")*1+('สัปดาห์ที่ 17'!G15="✓")*1+('สัปดาห์ที่ 18'!G15="✓")*1+('สัปดาห์ที่ 19'!G15="✓")*1+('สัปดาห์ที่ 20'!G15="✓")*1) -> 0 | H13: =SUMPRODUCT(('สัปดาห์ที่ 1'!H15="✓")*1+('สัปดาห์ที่ 2'!H15="✓")*1+('สัปดาห์ที่ 3'!H15="✓")*1+('สัปดาห์ที่ 4'!H15="✓")*1+('สัปดาห์ที่ 5'!H15="✓")*1+('สัปดาห์ที่ 6'!H15="✓")*1+('สัปดาห์ที่ 7'!H15="✓")*1+('สัปดาห์ที่ 8'!H15="✓")*1+('สัปดาห์ที่ 9'!H15="✓")*1+('สัปดาห์ที่ 10'!H15="✓")*1+('สัปดาห์ที่ 11'!H15="✓")*1+('สัปดาห์ที่ 12'!H15="✓")*1+('สัปดาห์ที่ 13'!H15="✓")*1+('สัปดาห์ที่ 14'!H15="✓")*1+('สัปดาห์ที่ 15'!H15="✓")*1+('สัปดาห์ที่ 16'!H15="✓")*1+('สัปดาห์ที่ 17'!H15="✓")*1+('สัปดาห์ที่ 18'!H15="✓")*1+('สัปดาห์ที่ 19'!H15="✓")*1+('สัปดาห์ที่ 20'!H15="✓")*1) -> 0 | I13: =SUMPRODUCT(('สัปดาห์ที่ 1'!I15="✓")*1+('สัปดาห์ที่ 2'!I15="✓")*1+('สัปดาห์ที่ 3'!I15="✓")*1+('สัปดาห์ที่ 4'!I15="✓")*1+('สัปดาห์ที่ 5'!I15="✓")*1+('สัปดาห์ที่ 6'!I15="✓")*1+('สัปดาห์ที่ 7'!I15="✓")*1+('สัปดาห์ที่ 8'!I15="✓")*1+('สัปดาห์ที่ 9'!I15="✓")*1+('สัปดาห์ที่ 10'!I15="✓")*1+('สัปดาห์ที่ 11'!I15="✓")*1+('สัปดาห์ที่ 12'!I15="✓")*1+('สัปดาห์ที่ 13'!I15="✓")*1+('สัปดาห์ที่ 14'!I15="✓")*1+('สัปดาห์ที่ 15'!I15="✓")*1+('สัปดาห์ที่ 16'!I15="✓")*1+('สัปดาห์ที่ 17'!I15="✓")*1+('สัปดาห์ที่ 18'!I15="✓")*1+('สัปดาห์ที่ 19'!I15="✓")*1+('สัปดาห์ที่ 20'!I15="✓")*1) -> 0 | J13: =SUM(D13:I13) -> 0
A14: 11 | B14: เด็กหญิงนิตยาภรณ์ | C14: กาสิงห์ | D14: =SUMPRODUCT(('สัปดาห์ที่ 1'!D16="✓")*1+('สัปดาห์ที่ 2'!D16="✓")*1+('สัปดาห์ที่ 3'!D16="✓")*1+('สัปดาห์ที่ 4'!D16="✓")*1+('สัปดาห์ที่ 5'!D16="✓")*1+('สัปดาห์ที่ 6'!D16="✓")*1+('สัปดาห์ที่ 7'!D16="✓")*1+('สัปดาห์ที่ 8'!D16="✓")*1+('สัปดาห์ที่ 9'!D16="✓")*1+('สัปดาห์ที่ 10'!D16="✓")*1+('สัปดาห์ที่ 11'!D16="✓")*1+('สัปดาห์ที่ 12'!D16="✓")*1+('สัปดาห์ที่ 13'!D16="✓")*1+('สัปดาห์ที่ 14'!D16="✓")*1+('สัปดาห์ที่ 15'!D16="✓")*1+('สัปดาห์ที่ 16'!D16="✓")*1+('สัปดาห์ที่ 17'!D16="✓")*1+('สัปดาห์ที่ 18'!D16="✓")*1+('สัปดาห์ที่ 19'!D16="✓")*1+('สัปดาห์ที่ 20'!D16="✓")*1) -> 0 | E14: =SUMPRODUCT(('สัปดาห์ที่ 1'!E16="✓")*1+('สัปดาห์ที่ 2'!E16="✓")*1+('สัปดาห์ที่ 3'!E16="✓")*1+('สัปดาห์ที่ 4'!E16="✓")*1+('สัปดาห์ที่ 5'!E16="✓")*1+('สัปดาห์ที่ 6'!E16="✓")*1+('สัปดาห์ที่ 7'!E16="✓")*1+('สัปดาห์ที่ 8'!E16="✓")*1+('สัปดาห์ที่ 9'!E16="✓")*1+('สัปดาห์ที่ 10'!E16="✓")*1+('สัปดาห์ที่ 11'!E16="✓")*1+('สัปดาห์ที่ 12'!E16="✓")*1+('สัปดาห์ที่ 13'!E16="✓")*1+('สัปดาห์ที่ 14'!E16="✓")*1+('สัปดาห์ที่ 15'!E16="✓")*1+('สัปดาห์ที่ 16'!E16="✓")*1+('สัปดาห์ที่ 17'!E16="✓")*1+('สัปดาห์ที่ 18'!E16="✓")*1+('สัปดาห์ที่ 19'!E16="✓")*1+('สัปดาห์ที่ 20'!E16="✓")*1) -> 0 | F14: =SUMPRODUCT(('สัปดาห์ที่ 1'!F16="✓")*1+('สัปดาห์ที่ 2'!F16="✓")*1+('สัปดาห์ที่ 3'!F16="✓")*1+('สัปดาห์ที่ 4'!F16="✓")*1+('สัปดาห์ที่ 5'!F16="✓")*1+('สัปดาห์ที่ 6'!F16="✓")*1+('สัปดาห์ที่ 7'!F16="✓")*1+('สัปดาห์ที่ 8'!F16="✓")*1+('สัปดาห์ที่ 9'!F16="✓")*1+('สัปดาห์ที่ 10'!F16="✓")*1+('สัปดาห์ที่ 11'!F16="✓")*1+('สัปดาห์ที่ 12'!F16="✓")*1+('สัปดาห์ที่ 13'!F16="✓")*1+('สัปดาห์ที่ 14'!F16="✓")*1+('สัปดาห์ที่ 15'!F16="✓")*1+('สัปดาห์ที่ 16'!F16="✓")*1+('สัปดาห์ที่ 17'!F16="✓")*1+('สัปดาห์ที่ 18'!F16="✓")*1+('สัปดาห์ที่ 19'!F16="✓")*1+('สัปดาห์ที่ 20'!F16="✓")*1) -> 0 | G14: =SUMPRODUCT(('สัปดาห์ที่ 1'!G16="✓")*1+('สัปดาห์ที่ 2'!G16="✓")*1+('สัปดาห์ที่ 3'!G16="✓")*1+('สัปดาห์ที่ 4'!G16="✓")*1+('สัปดาห์ที่ 5'!G16="✓")*1+('สัปดาห์ที่ 6'!G16="✓")*1+('สัปดาห์ที่ 7'!G16="✓")*1+('สัปดาห์ที่ 8'!G16="✓")*1+('สัปดาห์ที่ 9'!G16="✓")*1+('สัปดาห์ที่ 10'!G16="✓")*1+('สัปดาห์ที่ 11'!G16="✓")*1+('สัปดาห์ที่ 12'!G16="✓")*1+('สัปดาห์ที่ 13'!G16="✓")*1+('สัปดาห์ที่ 14'!G16="✓")*1+('สัปดาห์ที่ 15'!G16="✓")*1+('สัปดาห์ที่ 16'!G16="✓")*1+('สัปดาห์ที่ 17'!G16="✓")*1+('สัปดาห์ที่ 18'!G16="✓")*1+('สัปดาห์ที่ 19'!G16="✓")*1+('สัปดาห์ที่ 20'!G16="✓")*1) -> 0 | H14: =SUMPRODUCT(('สัปดาห์ที่ 1'!H16="✓")*1+('สัปดาห์ที่ 2'!H16="✓")*1+('สัปดาห์ที่ 3'!H16="✓")*1+('สัปดาห์ที่ 4'!H16="✓")*1+('สัปดาห์ที่ 5'!H16="✓")*1+('สัปดาห์ที่ 6'!H16="✓")*1+('สัปดาห์ที่ 7'!H16="✓")*1+('สัปดาห์ที่ 8'!H16="✓")*1+('สัปดาห์ที่ 9'!H16="✓")*1+('สัปดาห์ที่ 10'!H16="✓")*1+('สัปดาห์ที่ 11'!H16="✓")*1+('สัปดาห์ที่ 12'!H16="✓")*1+('สัปดาห์ที่ 13'!H16="✓")*1+('สัปดาห์ที่ 14'!H16="✓")*1+('สัปดาห์ที่ 15'!H16="✓")*1+('สัปดาห์ที่ 16'!H16="✓")*1+('สัปดาห์ที่ 17'!H16="✓")*1+('สัปดาห์ที่ 18'!H16="✓")*1+('สัปดาห์ที่ 19'!H16="✓")*1+('สัปดาห์ที่ 20'!H16="✓")*1) -> 0 | I14: =SUMPRODUCT(('สัปดาห์ที่ 1'!I16="✓")*1+('สัปดาห์ที่ 2'!I16="✓")*1+('สัปดาห์ที่ 3'!I16="✓")*1+('สัปดาห์ที่ 4'!I16="✓")*1+('สัปดาห์ที่ 5'!I16="✓")*1+('สัปดาห์ที่ 6'!I16="✓")*1+('สัปดาห์ที่ 7'!I16="✓")*1+('สัปดาห์ที่ 8'!I16="✓")*1+('สัปดาห์ที่ 9'!I16="✓")*1+('สัปดาห์ที่ 10'!I16="✓")*1+('สัปดาห์ที่ 11'!I16="✓")*1+('สัปดาห์ที่ 12'!I16="✓")*1+('สัปดาห์ที่ 13'!I16="✓")*1+('สัปดาห์ที่ 14'!I16="✓")*1+('สัปดาห์ที่ 15'!I16="✓")*1+('สัปดาห์ที่ 16'!I16="✓")*1+('สัปดาห์ที่ 17'!I16="✓")*1+('สัปดาห์ที่ 18'!I16="✓")*1+('สัปดาห์ที่ 19'!I16="✓")*1+('สัปดาห์ที่ 20'!I16="✓")*1) -> 0 | J14: =SUM(D14:I14) -> 0
A15: 12 | B15: เด็กชายภาณุวิชญ์ | C15: โยชนะ | D15: =SUMPRODUCT(('สัปดาห์ที่ 1'!D17="✓")*1+('สัปดาห์ที่ 2'!D17="✓")*1+('สัปดาห์ที่ 3'!D17="✓")*1+('สัปดาห์ที่ 4'!D17="✓")*1+('สัปดาห์ที่ 5'!D17="✓")*1+('สัปดาห์ที่ 6'!D17="✓")*1+('สัปดาห์ที่ 7'!D17="✓")*1+('สัปดาห์ที่ 8'!D17="✓")*1+('สัปดาห์ที่ 9'!D17="✓")*1+('สัปดาห์ที่ 10'!D17="✓")*1+('สัปดาห์ที่ 11'!D17="✓")*1+('สัปดาห์ที่ 12'!D17="✓")*1+('สัปดาห์ที่ 13'!D17="✓")*1+('สัปดาห์ที่ 14'!D17="✓")*1+('สัปดาห์ที่ 15'!D17="✓")*1+('สัปดาห์ที่ 16'!D17="✓")*1+('สัปดาห์ที่ 17'!D17="✓")*1+('สัปดาห์ที่ 18'!D17="✓")*1+('สัปดาห์ที่ 19'!D17="✓")*1+('สัปดาห์ที่ 20'!D17="✓")*1) -> 0 | E15: =SUMPRODUCT(('สัปดาห์ที่ 1'!E17="✓")*1+('สัปดาห์ที่ 2'!E17="✓")*1+('สัปดาห์ที่ 3'!E17="✓")*1+('สัปดาห์ที่ 4'!E17="✓")*1+('สัปดาห์ที่ 5'!E17="✓")*1+('สัปดาห์ที่ 6'!E17="✓")*1+('สัปดาห์ที่ 7'!E17="✓")*1+('สัปดาห์ที่ 8'!E17="✓")*1+('สัปดาห์ที่ 9'!E17="✓")*1+('สัปดาห์ที่ 10'!E17="✓")*1+('สัปดาห์ที่ 11'!E17="✓")*1+('สัปดาห์ที่ 12'!E17="✓")*1+('สัปดาห์ที่ 13'!E17="✓")*1+('สัปดาห์ที่ 14'!E17="✓")*1+('สัปดาห์ที่ 15'!E17="✓")*1+('สัปดาห์ที่ 16'!E17="✓")*1+('สัปดาห์ที่ 17'!E17="✓")*1+('สัปดาห์ที่ 18'!E17="✓")*1+('สัปดาห์ที่ 19'!E17="✓")*1+('สัปดาห์ที่ 20'!E17="✓")*1) -> 0 | F15: =SUMPRODUCT(('สัปดาห์ที่ 1'!F17="✓")*1+('สัปดาห์ที่ 2'!F17="✓")*1+('สัปดาห์ที่ 3'!F17="✓")*1+('สัปดาห์ที่ 4'!F17="✓")*1+('สัปดาห์ที่ 5'!F17="✓")*1+('สัปดาห์ที่ 6'!F17="✓")*1+('สัปดาห์ที่ 7'!F17="✓")*1+('สัปดาห์ที่ 8'!F17="✓")*1+('สัปดาห์ที่ 9'!F17="✓")*1+('สัปดาห์ที่ 10'!F17="✓")*1+('สัปดาห์ที่ 11'!F17="✓")*1+('สัปดาห์ที่ 12'!F17="✓")*1+('สัปดาห์ที่ 13'!F17="✓")*1+('สัปดาห์ที่ 14'!F17="✓")*1+('สัปดาห์ที่ 15'!F17="✓")*1+('สัปดาห์ที่ 16'!F17="✓")*1+('สัปดาห์ที่ 17'!F17="✓")*1+('สัปดาห์ที่ 18'!F17="✓")*1+('สัปดาห์ที่ 19'!F17="✓")*1+('สัปดาห์ที่ 20'!F17="✓")*1) -> 0 | G15: =SUMPRODUCT(('สัปดาห์ที่ 1'!G17="✓")*1+('สัปดาห์ที่ 2'!G17="✓")*1+('สัปดาห์ที่ 3'!G17="✓")*1+('สัปดาห์ที่ 4'!G17="✓")*1+('สัปดาห์ที่ 5'!G17="✓")*1+('สัปดาห์ที่ 6'!G17="✓")*1+('สัปดาห์ที่ 7'!G17="✓")*1+('สัปดาห์ที่ 8'!G17="✓")*1+('สัปดาห์ที่ 9'!G17="✓")*1+('สัปดาห์ที่ 10'!G17="✓")*1+('สัปดาห์ที่ 11'!G17="✓")*1+('สัปดาห์ที่ 12'!G17="✓")*1+('สัปดาห์ที่ 13'!G17="✓")*1+('สัปดาห์ที่ 14'!G17="✓")*1+('สัปดาห์ที่ 15'!G17="✓")*1+('สัปดาห์ที่ 16'!G17="✓")*1+('สัปดาห์ที่ 17'!G17="✓")*1+('สัปดาห์ที่ 18'!G17="✓")*1+('สัปดาห์ที่ 19'!G17="✓")*1+('สัปดาห์ที่ 20'!G17="✓")*1) -> 0 | H15: =SUMPRODUCT(('สัปดาห์ที่ 1'!H17="✓")*1+('สัปดาห์ที่ 2'!H17="✓")*1+('สัปดาห์ที่ 3'!H17="✓")*1+('สัปดาห์ที่ 4'!H17="✓")*1+('สัปดาห์ที่ 5'!H17="✓")*1+('สัปดาห์ที่ 6'!H17="✓")*1+('สัปดาห์ที่ 7'!H17="✓")*1+('สัปดาห์ที่ 8'!H17="✓")*1+('สัปดาห์ที่ 9'!H17="✓")*1+('สัปดาห์ที่ 10'!H17="✓")*1+('สัปดาห์ที่ 11'!H17="✓")*1+('สัปดาห์ที่ 12'!H17="✓")*1+('สัปดาห์ที่ 13'!H17="✓")*1+('สัปดาห์ที่ 14'!H17="✓")*1+('สัปดาห์ที่ 15'!H17="✓")*1+('สัปดาห์ที่ 16'!H17="✓")*1+('สัปดาห์ที่ 17'!H17="✓")*1+('สัปดาห์ที่ 18'!H17="✓")*1+('สัปดาห์ที่ 19'!H17="✓")*1+('สัปดาห์ที่ 20'!H17="✓")*1) -> 0 | I15: =SUMPRODUCT(('สัปดาห์ที่ 1'!I17="✓")*1+('สัปดาห์ที่ 2'!I17="✓")*1+('สัปดาห์ที่ 3'!I17="✓")*1+('สัปดาห์ที่ 4'!I17="✓")*1+('สัปดาห์ที่ 5'!I17="✓")*1+('สัปดาห์ที่ 6'!I17="✓")*1+('สัปดาห์ที่ 7'!I17="✓")*1+('สัปดาห์ที่ 8'!I17="✓")*1+('สัปดาห์ที่ 9'!I17="✓")*1+('สัปดาห์ที่ 10'!I17="✓")*1+('สัปดาห์ที่ 11'!I17="✓")*1+('สัปดาห์ที่ 12'!I17="✓")*1+('สัปดาห์ที่ 13'!I17="✓")*1+('สัปดาห์ที่ 14'!I17="✓")*1+('สัปดาห์ที่ 15'!I17="✓")*1+('สัปดาห์ที่ 16'!I17="✓")*1+('สัปดาห์ที่ 17'!I17="✓")*1+('สัปดาห์ที่ 18'!I17="✓")*1+('สัปดาห์ที่ 19'!I17="✓")*1+('สัปดาห์ที่ 20'!I17="✓")*1) -> 0 | J15: =SUM(D15:I15) -> 0
A16: 13 | B16: เด็กหญิงธรรณชนก | C16: ขอบอรัญ | D16: =SUMPRODUCT(('สัปดาห์ที่ 1'!D18="✓")*1+('สัปดาห์ที่ 2'!D18="✓")*1+('สัปดาห์ที่ 3'!D18="✓")*1+('สัปดาห์ที่ 4'!D18="✓")*1+('สัปดาห์ที่ 5'!D18="✓")*1+('สัปดาห์ที่ 6'!D18="✓")*1+('สัปดาห์ที่ 7'!D18="✓")*1+('สัปดาห์ที่ 8'!D18="✓")*1+('สัปดาห์ที่ 9'!D18="✓")*1+('สัปดาห์ที่ 10'!D18="✓")*1+('สัปดาห์ที่ 11'!D18="✓")*1+('สัปดาห์ที่ 12'!D18="✓")*1+('สัปดาห์ที่ 13'!D18="✓")*1+('สัปดาห์ที่ 14'!D18="✓")*1+('สัปดาห์ที่ 15'!D18="✓")*1+('สัปดาห์ที่ 16'!D18="✓")*1+('สัปดาห์ที่ 17'!D18="✓")*1+('สัปดาห์ที่ 18'!D18="✓")*1+('สัปดาห์ที่ 19'!D18="✓")*1+('สัปดาห์ที่ 20'!D18="✓")*1) -> 0 | E16: =SUMPRODUCT(('สัปดาห์ที่ 1'!E18="✓")*1+('สัปดาห์ที่ 2'!E18="✓")*1+('สัปดาห์ที่ 3'!E18="✓")*1+('สัปดาห์ที่ 4'!E18="✓")*1+('สัปดาห์ที่ 5'!E18="✓")*1+('สัปดาห์ที่ 6'!E18="✓")*1+('สัปดาห์ที่ 7'!E18="✓")*1+('สัปดาห์ที่ 8'!E18="✓")*1+('สัปดาห์ที่ 9'!E18="✓")*1+('สัปดาห์ที่ 10'!E18="✓")*1+('สัปดาห์ที่ 11'!E18="✓")*1+('สัปดาห์ที่ 12'!E18="✓")*1+('สัปดาห์ที่ 13'!E18="✓")*1+('สัปดาห์ที่ 14'!E18="✓")*1+('สัปดาห์ที่ 15'!E18="✓")*1+('สัปดาห์ที่ 16'!E18="✓")*1+('สัปดาห์ที่ 17'!E18="✓")*1+('สัปดาห์ที่ 18'!E18="✓")*1+('สัปดาห์ที่ 19'!E18="✓")*1+('สัปดาห์ที่ 20'!E18="✓")*1) -> 0 | F16: =SUMPRODUCT(('สัปดาห์ที่ 1'!F18="✓")*1+('สัปดาห์ที่ 2'!F18="✓")*1+('สัปดาห์ที่ 3'!F18="✓")*1+('สัปดาห์ที่ 4'!F18="✓")*1+('สัปดาห์ที่ 5'!F18="✓")*1+('สัปดาห์ที่ 6'!F18="✓")*1+('สัปดาห์ที่ 7'!F18="✓")*1+('สัปดาห์ที่ 8'!F18="✓")*1+('สัปดาห์ที่ 9'!F18="✓")*1+('สัปดาห์ที่ 10'!F18="✓")*1+('สัปดาห์ที่ 11'!F18="✓")*1+('สัปดาห์ที่ 12'!F18="✓")*1+('สัปดาห์ที่ 13'!F18="✓")*1+('สัปดาห์ที่ 14'!F18="✓")*1+('สัปดาห์ที่ 15'!F18="✓")*1+('สัปดาห์ที่ 16'!F18="✓")*1+('สัปดาห์ที่ 17'!F18="✓")*1+('สัปดาห์ที่ 18'!F18="✓")*1+('สัปดาห์ที่ 19'!F18="✓")*1+('สัปดาห์ที่ 20'!F18="✓")*1) -> 0 | G16: =SUMPRODUCT(('สัปดาห์ที่ 1'!G18="✓")*1+('สัปดาห์ที่ 2'!G18="✓")*1+('สัปดาห์ที่ 3'!G18="✓")*1+('สัปดาห์ที่ 4'!G18="✓")*1+('สัปดาห์ที่ 5'!G18="✓")*1+('สัปดาห์ที่ 6'!G18="✓")*1+('สัปดาห์ที่ 7'!G18="✓")*1+('สัปดาห์ที่ 8'!G18="✓")*1+('สัปดาห์ที่ 9'!G18="✓")*1+('สัปดาห์ที่ 10'!G18="✓")*1+('สัปดาห์ที่ 11'!G18="✓")*1+('สัปดาห์ที่ 12'!G18="✓")*1+('สัปดาห์ที่ 13'!G18="✓")*1+('สัปดาห์ที่ 14'!G18="✓")*1+('สัปดาห์ที่ 15'!G18="✓")*1+('สัปดาห์ที่ 16'!G18="✓")*1+('สัปดาห์ที่ 17'!G18="✓")*1+('สัปดาห์ที่ 18'!G18="✓")*1+('สัปดาห์ที่ 19'!G18="✓")*1+('สัปดาห์ที่ 20'!G18="✓")*1) -> 0 | H16: =SUMPRODUCT(('สัปดาห์ที่ 1'!H18="✓")*1+('สัปดาห์ที่ 2'!H18="✓")*1+('สัปดาห์ที่ 3'!H18="✓")*1+('สัปดาห์ที่ 4'!H18="✓")*1+('สัปดาห์ที่ 5'!H18="✓")*1+('สัปดาห์ที่ 6'!H18="✓")*1+('สัปดาห์ที่ 7'!H18="✓")*1+('สัปดาห์ที่ 8'!H18="✓")*1+('สัปดาห์ที่ 9'!H18="✓")*1+('สัปดาห์ที่ 10'!H18="✓")*1+('สัปดาห์ที่ 11'!H18="✓")*1+('สัปดาห์ที่ 12'!H18="✓")*1+('สัปดาห์ที่ 13'!H18="✓")*1+('สัปดาห์ที่ 14'!H18="✓")*1+('สัปดาห์ที่ 15'!H18="✓")*1+('สัปดาห์ที่ 16'!H18="✓")*1+('สัปดาห์ที่ 17'!H18="✓")*1+('สัปดาห์ที่ 18'!H18="✓")*1+('สัปดาห์ที่ 19'!H18="✓")*1+('สัปดาห์ที่ 20'!H18="✓")*1) -> 0 | I16: =SUMPRODUCT(('สัปดาห์ที่ 1'!I18="✓")*1+('สัปดาห์ที่ 2'!I18="✓")*1+('สัปดาห์ที่ 3'!I18="✓")*1+('สัปดาห์ที่ 4'!I18="✓")*1+('สัปดาห์ที่ 5'!I18="✓")*1+('สัปดาห์ที่ 6'!I18="✓")*1+('สัปดาห์ที่ 7'!I18="✓")*1+('สัปดาห์ที่ 8'!I18="✓")*1+('สัปดาห์ที่ 9'!I18="✓")*1+('สัปดาห์ที่ 10'!I18="✓")*1+('สัปดาห์ที่ 11'!I18="✓")*1+('สัปดาห์ที่ 12'!I18="✓")*1+('สัปดาห์ที่ 13'!I18="✓")*1+('สัปดาห์ที่ 14'!I18="✓")*1+('สัปดาห์ที่ 15'!I18="✓")*1+('สัปดาห์ที่ 16'!I18="✓")*1+('สัปดาห์ที่ 17'!I18="✓")*1+('สัปดาห์ที่ 18'!I18="✓")*1+('สัปดาห์ที่ 19'!I18="✓")*1+('สัปดาห์ที่ 20'!I18="✓")*1) -> 0 | J16: =SUM(D16:I16) -> 0
... A21: 18 | B21: เด็กหญิงพิชญาพร | C21: อุดร | D21: =SUMPRODUCT(('สัปดาห์ที่ 1'!D23="✓")*1+('สัปดาห์ที่ 2'!D23="✓")*1+('สัปดาห์ที่ 3'!D23="✓")*1+('สัปดาห์ที่ 4'!D23="✓")*1+('สัปดาห์ที่ 5'!D23="✓")*1+('สัปดาห์ที่ 6'!D23="✓")*1+('สัปดาห์ที่ 7'!D23="✓")*1+('สัปดาห์ที่ 8'!D23="✓")*1+('สัปดาห์ที่ 9'!D23="✓")*1+('สัปดาห์ที่ 10'!D23="✓")*1+('สัปดาห์ที่ 11'!D23="✓")*1+('สัปดาห์ที่ 12'!D23="✓")*1+('สัปดาห์ที่ 13'!D23="✓")*1+('สัปดาห์ที่ 14'!D23="✓")*1+('สัปดาห์ที่ 15'!D23="✓")*1+('สัปดาห์ที่ 16'!D23="✓")*1+('สัปดาห์ที่ 17'!D23="✓")*1+('สัปดาห์ที่ 18'!D23="✓")*1+('สัปดาห์ที่ 19'!D23="✓")*1+('สัปดาห์ที่ 20'!D23="✓")*1) -> 0 | E21: =SUMPRODUCT(('สัปดาห์ที่ 1'!E23="✓")*1+('สัปดาห์ที่ 2'!E23="✓")*1+('สัปดาห์ที่ 3'!E23="✓")*1+('สัปดาห์ที่ 4'!E23="✓")*1+('สัปดาห์ที่ 5'!E23="✓")*1+('สัปดาห์ที่ 6'!E23="✓")*1+('สัปดาห์ที่ 7'!E23="✓")*1+('สัปดาห์ที่ 8'!E23="✓")*1+('สัปดาห์ที่ 9'!E23="✓")*1+('สัปดาห์ที่ 10'!E23="✓")*1+('สัปดาห์ที่ 11'!E23="✓")*1+('สัปดาห์ที่ 12'!E23="✓")*1+('สัปดาห์ที่ 13'!E23="✓")*1+('สัปดาห์ที่ 14'!E23="✓")*1+('สัปดาห์ที่ 15'!E23="✓")*1+('สัปดาห์ที่ 16'!E23="✓")*1+('สัปดาห์ที่ 17'!E23="✓")*1+('สัปดาห์ที่ 18'!E23="✓")*1+('สัปดาห์ที่ 19'!E23="✓")*1+('สัปดาห์ที่ 20'!E23="✓")*1) -> 0 | F21: =SUMPRODUCT(('สัปดาห์ที่ 1'!F23="✓")*1+('สัปดาห์ที่ 2'!F23="✓")*1+('สัปดาห์ที่ 3'!F23="✓")*1+('สัปดาห์ที่ 4'!F23="✓")*1+('สัปดาห์ที่ 5'!F23="✓")*1+('สัปดาห์ที่ 6'!F23="✓")*1+('สัปดาห์ที่ 7'!F23="✓")*1+('สัปดาห์ที่ 8'!F23="✓")*1+('สัปดาห์ที่ 9'!F23="✓")*1+('สัปดาห์ที่ 10'!F23="✓")*1+('สัปดาห์ที่ 11'!F23="✓")*1+('สัปดาห์ที่ 12'!F23="✓")*1+('สัปดาห์ที่ 13'!F23="✓")*1+('สัปดาห์ที่ 14'!F23="✓")*1+('สัปดาห์ที่ 15'!F23="✓")*1+('สัปดาห์ที่ 16'!F23="✓")*1+('สัปดาห์ที่ 17'!F23="✓")*1+('สัปดาห์ที่ 18'!F23="✓")*1+('สัปดาห์ที่ 19'!F23="✓")*1+('สัปดาห์ที่ 20'!F23="✓")*1) -> 0 | G21: =SUMPRODUCT(('สัปดาห์ที่ 1'!G23="✓")*1+('สัปดาห์ที่ 2'!G23="✓")*1+('สัปดาห์ที่ 3'!G23="✓")*1+('สัปดาห์ที่ 4'!G23="✓")*1+('สัปดาห์ที่ 5'!G23="✓")*1+('สัปดาห์ที่ 6'!G23="✓")*1+('สัปดาห์ที่ 7'!G23="✓")*1+('สัปดาห์ที่ 8'!G23="✓")*1+('สัปดาห์ที่ 9'!G23="✓")*1+('สัปดาห์ที่ 10'!G23="✓")*1+('สัปดาห์ที่ 11'!G23="✓")*1+('สัปดาห์ที่ 12'!G23="✓")*1+('สัปดาห์ที่ 13'!G23="✓")*1+('สัปดาห์ที่ 14'!G23="✓")*1+('สัปดาห์ที่ 15'!G23="✓")*1+('สัปดาห์ที่ 16'!G23="✓")*1+('สัปดาห์ที่ 17'!G23="✓")*1+('สัปดาห์ที่ 18'!G23="✓")*1+('สัปดาห์ที่ 19'!G23="✓")*1+('สัปดาห์ที่ 20'!G23="✓")*1) -> 0 | H21: =SUMPRODUCT(('สัปดาห์ที่ 1'!H23="✓")*1+('สัปดาห์ที่ 2'!H23="✓")*1+('สัปดาห์ที่ 3'!H23="✓")*1+('สัปดาห์ที่ 4'!H23="✓")*1+('สัปดาห์ที่ 5'!H23="✓")*1+('สัปดาห์ที่ 6'!H23="✓")*1+('สัปดาห์ที่ 7'!H23="✓")*1+('สัปดาห์ที่ 8'!H23="✓")*1+('สัปดาห์ที่ 9'!H23="✓")*1+('สัปดาห์ที่ 10'!H23="✓")*1+('สัปดาห์ที่ 11'!H23="✓")*1+('สัปดาห์ที่ 12'!H23="✓")*1+('สัปดาห์ที่ 13'!H23="✓")*1+('สัปดาห์ที่ 14'!H23="✓")*1+('สัปดาห์ที่ 15'!H23="✓")*1+('สัปดาห์ที่ 16'!H23="✓")*1+('สัปดาห์ที่ 17'!H23="✓")*1+('สัปดาห์ที่ 18'!H23="✓")*1+('สัปดาห์ที่ 19'!H23="✓")*1+('สัปดาห์ที่ 20'!H23="✓")*1) -> 0 | I21: =SUMPRODUCT(('สัปดาห์ที่ 1'!I23="✓")*1+('สัปดาห์ที่ 2'!I23="✓")*1+('สัปดาห์ที่ 3'!I23="✓")*1+('สัปดาห์ที่ 4'!I23="✓")*1+('สัปดาห์ที่ 5'!I23="✓")*1+('สัปดาห์ที่ 6'!I23="✓")*1+('สัปดาห์ที่ 7'!I23="✓")*1+('สัปดาห์ที่ 8'!I23="✓")*1+('สัปดาห์ที่ 9'!I23="✓")*1+('สัปดาห์ที่ 10'!I23="✓")*1+('สัปดาห์ที่ 11'!I23="✓")*1+('สัปดาห์ที่ 12'!I23="✓")*1+('สัปดาห์ที่ 13'!I23="✓")*1+('สัปดาห์ที่ 14'!I23="✓")*1+('สัปดาห์ที่ 15'!I23="✓")*1+('สัปดาห์ที่ 16'!I23="✓")*1+('สัปดาห์ที่ 17'!I23="✓")*1+('สัปดาห์ที่ 18'!I23="✓")*1+('สัปดาห์ที่ 19'!I23="✓")*1+('สัปดาห์ที่ 20'!I23="✓")*1) -> 0 | J21: =SUM(D21:I21) -> 0
A22: 19 | D22: =SUMPRODUCT(('สัปดาห์ที่ 1'!D24="✓")*1+('สัปดาห์ที่ 2'!D24="✓")*1+('สัปดาห์ที่ 3'!D24="✓")*1+('สัปดาห์ที่ 4'!D24="✓")*1+('สัปดาห์ที่ 5'!D24="✓")*1+('สัปดาห์ที่ 6'!D24="✓")*1+('สัปดาห์ที่ 7'!D24="✓")*1+('สัปดาห์ที่ 8'!D24="✓")*1+('สัปดาห์ที่ 9'!D24="✓")*1+('สัปดาห์ที่ 10'!D24="✓")*1+('สัปดาห์ที่ 11'!D24="✓")*1+('สัปดาห์ที่ 12'!D24="✓")*1+('สัปดาห์ที่ 13'!D24="✓")*1+('สัปดาห์ที่ 14'!D24="✓")*1+('สัปดาห์ที่ 15'!D24="✓")*1+('สัปดาห์ที่ 16'!D24="✓")*1+('สัปดาห์ที่ 17'!D24="✓")*1+('สัปดาห์ที่ 18'!D24="✓")*1+('สัปดาห์ที่ 19'!D24="✓")*1+('สัปดาห์ที่ 20'!D24="✓")*1) -> 0 | E22: =SUMPRODUCT(('สัปดาห์ที่ 1'!E24="✓")*1+('สัปดาห์ที่ 2'!E24="✓")*1+('สัปดาห์ที่ 3'!E24="✓")*1+('สัปดาห์ที่ 4'!E24="✓")*1+('สัปดาห์ที่ 5'!E24="✓")*1+('สัปดาห์ที่ 6'!E24="✓")*1+('สัปดาห์ที่ 7'!E24="✓")*1+('สัปดาห์ที่ 8'!E24="✓")*1+('สัปดาห์ที่ 9'!E24="✓")*1+('สัปดาห์ที่ 10'!E24="✓")*1+('สัปดาห์ที่ 11'!E24="✓")*1+('สัปดาห์ที่ 12'!E24="✓")*1+('สัปดาห์ที่ 13'!E24="✓")*1+('สัปดาห์ที่ 14'!E24="✓")*1+('สัปดาห์ที่ 15'!E24="✓")*1+('สัปดาห์ที่ 16'!E24="✓")*1+('สัปดาห์ที่ 17'!E24="✓")*1+('สัปดาห์ที่ 18'!E24="✓")*1+('สัปดาห์ที่ 19'!E24="✓")*1+('สัปดาห์ที่ 20'!E24="✓")*1) -> 0 | F22: =SUMPRODUCT(('สัปดาห์ที่ 1'!F24="✓")*1+('สัปดาห์ที่ 2'!F24="✓")*1+('สัปดาห์ที่ 3'!F24="✓")*1+('สัปดาห์ที่ 4'!F24="✓")*1+('สัปดาห์ที่ 5'!F24="✓")*1+('สัปดาห์ที่ 6'!F24="✓")*1+('สัปดาห์ที่ 7'!F24="✓")*1+('สัปดาห์ที่ 8'!F24="✓")*1+('สัปดาห์ที่ 9'!F24="✓")*1+('สัปดาห์ที่ 10'!F24="✓")*1+('สัปดาห์ที่ 11'!F24="✓")*1+('สัปดาห์ที่ 12'!F24="✓")*1+('สัปดาห์ที่ 13'!F24="✓")*1+('สัปดาห์ที่ 14'!F24="✓")*1+('สัปดาห์ที่ 15'!F24="✓")*1+('สัปดาห์ที่ 16'!F24="✓")*1+('สัปดาห์ที่ 17'!F24="✓")*1+('สัปดาห์ที่ 18'!F24="✓")*1+('สัปดาห์ที่ 19'!F24="✓")*1+('สัปดาห์ที่ 20'!F24="✓")*1) -> 0 | G22: =SUMPRODUCT(('สัปดาห์ที่ 1'!G24="✓")*1+('สัปดาห์ที่ 2'!G24="✓")*1+('สัปดาห์ที่ 3'!G24="✓")*1+('สัปดาห์ที่ 4'!G24="✓")*1+('สัปดาห์ที่ 5'!G24="✓")*1+('สัปดาห์ที่ 6'!G24="✓")*1+('สัปดาห์ที่ 7'!G24="✓")*1+('สัปดาห์ที่ 8'!G24="✓")*1+('สัปดาห์ที่ 9'!G24="✓")*1+('สัปดาห์ที่ 10'!G24="✓")*1+('สัปดาห์ที่ 11'!G24="✓")*1+('สัปดาห์ที่ 12'!G24="✓")*1+('สัปดาห์ที่ 13'!G24="✓")*1+('สัปดาห์ที่ 14'!G24="✓")*1+('สัปดาห์ที่ 15'!G24="✓")*1+('สัปดาห์ที่ 16'!G24="✓")*1+('สัปดาห์ที่ 17'!G24="✓")*1+('สัปดาห์ที่ 18'!G24="✓")*1+('สัปดาห์ที่ 19'!G24="✓")*1+('สัปดาห์ที่ 20'!G24="✓")*1) -> 0 | H22: =SUMPRODUCT(('สัปดาห์ที่ 1'!H24="✓")*1+('สัปดาห์ที่ 2'!H24="✓")*1+('สัปดาห์ที่ 3'!H24="✓")*1+('สัปดาห์ที่ 4'!H24="✓")*1+('สัปดาห์ที่ 5'!H24="✓")*1+('สัปดาห์ที่ 6'!H24="✓")*1+('สัปดาห์ที่ 7'!H24="✓")*1+('สัปดาห์ที่ 8'!H24="✓")*1+('สัปดาห์ที่ 9'!H24="✓")*1+('สัปดาห์ที่ 10'!H24="✓")*1+('สัปดาห์ที่ 11'!H24="✓")*1+('สัปดาห์ที่ 12'!H24="✓")*1+('สัปดาห์ที่ 13'!H24="✓")*1+('สัปดาห์ที่ 14'!H24="✓")*1+('สัปดาห์ที่ 15'!H24="✓")*1+('สัปดาห์ที่ 16'!H24="✓")*1+('สัปดาห์ที่ 17'!H24="✓")*1+('สัปดาห์ที่ 18'!H24="✓")*1+('สัปดาห์ที่ 19'!H24="✓")*1+('สัปดาห์ที่ 20'!H24="✓")*1) -> 0 | I22: =SUMPRODUCT(('สัปดาห์ที่ 1'!I24="✓")*1+('สัปดาห์ที่ 2'!I24="✓")*1+('สัปดาห์ที่ 3'!I24="✓")*1+('สัปดาห์ที่ 4'!I24="✓")*1+('สัปดาห์ที่ 5'!I24="✓")*1+('สัปดาห์ที่ 6'!I24="✓")*1+('สัปดาห์ที่ 7'!I24="✓")*1+('สัปดาห์ที่ 8'!I24="✓")*1+('สัปดาห์ที่ 9'!I24="✓")*1+('สัปดาห์ที่ 10'!I24="✓")*1+('สัปดาห์ที่ 11'!I24="✓")*1+('สัปดาห์ที่ 12'!I24="✓")*1+('สัปดาห์ที่ 13'!I24="✓")*1+('สัปดาห์ที่ 14'!I24="✓")*1+('สัปดาห์ที่ 15'!I24="✓")*1+('สัปดาห์ที่ 16'!I24="✓")*1+('สัปดาห์ที่ 17'!I24="✓")*1+('สัปดาห์ที่ 18'!I24="✓")*1+('สัปดาห์ที่ 19'!I24="✓")*1+('สัปดาห์ที่ 20'!I24="✓")*1) -> 0 | J22: =SUM(D22:I22) -> 0
A23: 20 | D23: =SUMPRODUCT(('สัปดาห์ที่ 1'!D25="✓")*1+('สัปดาห์ที่ 2'!D25="✓")*1+('สัปดาห์ที่ 3'!D25="✓")*1+('สัปดาห์ที่ 4'!D25="✓")*1+('สัปดาห์ที่ 5'!D25="✓")*1+('สัปดาห์ที่ 6'!D25="✓")*1+('สัปดาห์ที่ 7'!D25="✓")*1+('สัปดาห์ที่ 8'!D25="✓")*1+('สัปดาห์ที่ 9'!D25="✓")*1+('สัปดาห์ที่ 10'!D25="✓")*1+('สัปดาห์ที่ 11'!D25="✓")*1+('สัปดาห์ที่ 12'!D25="✓")*1+('สัปดาห์ที่ 13'!D25="✓")*1+('สัปดาห์ที่ 14'!D25="✓")*1+('สัปดาห์ที่ 15'!D25="✓")*1+('สัปดาห์ที่ 16'!D25="✓")*1+('สัปดาห์ที่ 17'!D25="✓")*1+('สัปดาห์ที่ 18'!D25="✓")*1+('สัปดาห์ที่ 19'!D25="✓")*1+('สัปดาห์ที่ 20'!D25="✓")*1) -> 0 | E23: =SUMPRODUCT(('สัปดาห์ที่ 1'!E25="✓")*1+('สัปดาห์ที่ 2'!E25="✓")*1+('สัปดาห์ที่ 3'!E25="✓")*1+('สัปดาห์ที่ 4'!E25="✓")*1+('สัปดาห์ที่ 5'!E25="✓")*1+('สัปดาห์ที่ 6'!E25="✓")*1+('สัปดาห์ที่ 7'!E25="✓")*1+('สัปดาห์ที่ 8'!E25="✓")*1+('สัปดาห์ที่ 9'!E25="✓")*1+('สัปดาห์ที่ 10'!E25="✓")*1+('สัปดาห์ที่ 11'!E25="✓")*1+('สัปดาห์ที่ 12'!E25="✓")*1+('สัปดาห์ที่ 13'!E25="✓")*1+('สัปดาห์ที่ 14'!E25="✓")*1+('สัปดาห์ที่ 15'!E25="✓")*1+('สัปดาห์ที่ 16'!E25="✓")*1+('สัปดาห์ที่ 17'!E25="✓")*1+('สัปดาห์ที่ 18'!E25="✓")*1+('สัปดาห์ที่ 19'!E25="✓")*1+('สัปดาห์ที่ 20'!E25="✓")*1) -> 0 | F23: =SUMPRODUCT(('สัปดาห์ที่ 1'!F25="✓")*1+('สัปดาห์ที่ 2'!F25="✓")*1+('สัปดาห์ที่ 3'!F25="✓")*1+('สัปดาห์ที่ 4'!F25="✓")*1+('สัปดาห์ที่ 5'!F25="✓")*1+('สัปดาห์ที่ 6'!F25="✓")*1+('สัปดาห์ที่ 7'!F25="✓")*1+('สัปดาห์ที่ 8'!F25="✓")*1+('สัปดาห์ที่ 9'!F25="✓")*1+('สัปดาห์ที่ 10'!F25="✓")*1+('สัปดาห์ที่ 11'!F25="✓")*1+('สัปดาห์ที่ 12'!F25="✓")*1+('สัปดาห์ที่ 13'!F25="✓")*1+('สัปดาห์ที่ 14'!F25="✓")*1+('สัปดาห์ที่ 15'!F25="✓")*1+('สัปดาห์ที่ 16'!F25="✓")*1+('สัปดาห์ที่ 17'!F25="✓")*1+('สัปดาห์ที่ 18'!F25="✓")*1+('สัปดาห์ที่ 19'!F25="✓")*1+('สัปดาห์ที่ 20'!F25="✓")*1) -> 0 | G23: =SUMPRODUCT(('สัปดาห์ที่ 1'!G25="✓")*1+('สัปดาห์ที่ 2'!G25="✓")*1+('สัปดาห์ที่ 3'!G25="✓")*1+('สัปดาห์ที่ 4'!G25="✓")*1+('สัปดาห์ที่ 5'!G25="✓")*1+('สัปดาห์ที่ 6'!G25="✓")*1+('สัปดาห์ที่ 7'!G25="✓")*1+('สัปดาห์ที่ 8'!G25="✓")*1+('สัปดาห์ที่ 9'!G25="✓")*1+('สัปดาห์ที่ 10'!G25="✓")*1+('สัปดาห์ที่ 11'!G25="✓")*1+('สัปดาห์ที่ 12'!G25="✓")*1+('สัปดาห์ที่ 13'!G25="✓")*1+('สัปดาห์ที่ 14'!G25="✓")*1+('สัปดาห์ที่ 15'!G25="✓")*1+('สัปดาห์ที่ 16'!G25="✓")*1+('สัปดาห์ที่ 17'!G25="✓")*1+('สัปดาห์ที่ 18'!G25="✓")*1+('สัปดาห์ที่ 19'!G25="✓")*1+('สัปดาห์ที่ 20'!G25="✓")*1) -> 0 | H23: =SUMPRODUCT(('สัปดาห์ที่ 1'!H25="✓")*1+('สัปดาห์ที่ 2'!H25="✓")*1+('สัปดาห์ที่ 3'!H25="✓")*1+('สัปดาห์ที่ 4'!H25="✓")*1+('สัปดาห์ที่ 5'!H25="✓")*1+('สัปดาห์ที่ 6'!H25="✓")*1+('สัปดาห์ที่ 7'!H25="✓")*1+('สัปดาห์ที่ 8'!H25="✓")*1+('สัปดาห์ที่ 9'!H25="✓")*1+('สัปดาห์ที่ 10'!H25="✓")*1+('สัปดาห์ที่ 11'!H25="✓")*1+('สัปดาห์ที่ 12'!H25="✓")*1+('สัปดาห์ที่ 13'!H25="✓")*1+('สัปดาห์ที่ 14'!H25="✓")*1+('สัปดาห์ที่ 15'!H25="✓")*1+('สัปดาห์ที่ 16'!H25="✓")*1+('สัปดาห์ที่ 17'!H25="✓")*1+('สัปดาห์ที่ 18'!H25="✓")*1+('สัปดาห์ที่ 19'!H25="✓")*1+('สัปดาห์ที่ 20'!H25="✓")*1) -> 0 | I23: =SUMPRODUCT(('สัปดาห์ที่ 1'!I25="✓")*1+('สัปดาห์ที่ 2'!I25="✓")*1+('สัปดาห์ที่ 3'!I25="✓")*1+('สัปดาห์ที่ 4'!I25="✓")*1+('สัปดาห์ที่ 5'!I25="✓")*1+('สัปดาห์ที่ 6'!I25="✓")*1+('สัปดาห์ที่ 7'!I25="✓")*1+('สัปดาห์ที่ 8'!I25="✓")*1+('สัปดาห์ที่ 9'!I25="✓")*1+('สัปดาห์ที่ 10'!I25="✓")*1+('สัปดาห์ที่ 11'!I25="✓")*1+('สัปดาห์ที่ 12'!I25="✓")*1+('สัปดาห์ที่ 13'!I25="✓")*1+('สัปดาห์ที่ 14'!I25="✓")*1+('สัปดาห์ที่ 15'!I25="✓")*1+('สัปดาห์ที่ 16'!I25="✓")*1+('สัปดาห์ที่ 17'!I25="✓")*1+('สัปดาห์ที่ 18'!I25="✓")*1+('สัปดาห์ที่ 19'!I25="✓")*1+('สัปดาห์ที่ 20'!I25="✓")*1) -> 0 | J23: =SUM(D23:I23) -> 0
A24: 21 | D24: =SUMPRODUCT(('สัปดาห์ที่ 1'!D26="✓")*1+('สัปดาห์ที่ 2'!D26="✓")*1+('สัปดาห์ที่ 3'!D26="✓")*1+('สัปดาห์ที่ 4'!D26="✓")*1+('สัปดาห์ที่ 5'!D26="✓")*1+('สัปดาห์ที่ 6'!D26="✓")*1+('สัปดาห์ที่ 7'!D26="✓")*1+('สัปดาห์ที่ 8'!D26="✓")*1+('สัปดาห์ที่ 9'!D26="✓")*1+('สัปดาห์ที่ 10'!D26="✓")*1+('สัปดาห์ที่ 11'!D26="✓")*1+('สัปดาห์ที่ 12'!D26="✓")*1+('สัปดาห์ที่ 13'!D26="✓")*1+('สัปดาห์ที่ 14'!D26="✓")*1+('สัปดาห์ที่ 15'!D26="✓")*1+('สัปดาห์ที่ 16'!D26="✓")*1+('สัปดาห์ที่ 17'!D26="✓")*1+('สัปดาห์ที่ 18'!D26="✓")*1+('สัปดาห์ที่ 19'!D26="✓")*1+('สัปดาห์ที่ 20'!D26="✓")*1) -> 0 | E24: =SUMPRODUCT(('สัปดาห์ที่ 1'!E26="✓")*1+('สัปดาห์ที่ 2'!E26="✓")*1+('สัปดาห์ที่ 3'!E26="✓")*1+('สัปดาห์ที่ 4'!E26="✓")*1+('สัปดาห์ที่ 5'!E26="✓")*1+('สัปดาห์ที่ 6'!E26="✓")*1+('สัปดาห์ที่ 7'!E26="✓")*1+('สัปดาห์ที่ 8'!E26="✓")*1+('สัปดาห์ที่ 9'!E26="✓")*1+('สัปดาห์ที่ 10'!E26="✓")*1+('สัปดาห์ที่ 11'!E26="✓")*1+('สัปดาห์ที่ 12'!E26="✓")*1+('สัปดาห์ที่ 13'!E26="✓")*1+('สัปดาห์ที่ 14'!E26="✓")*1+('สัปดาห์ที่ 15'!E26="✓")*1+('สัปดาห์ที่ 16'!E26="✓")*1+('สัปดาห์ที่ 17'!E26="✓")*1+('สัปดาห์ที่ 18'!E26="✓")*1+('สัปดาห์ที่ 19'!E26="✓")*1+('สัปดาห์ที่ 20'!E26="✓")*1) -> 0 | F24: =SUMPRODUCT(('สัปดาห์ที่ 1'!F26="✓")*1+('สัปดาห์ที่ 2'!F26="✓")*1+('สัปดาห์ที่ 3'!F26="✓")*1+('สัปดาห์ที่ 4'!F26="✓")*1+('สัปดาห์ที่ 5'!F26="✓")*1+('สัปดาห์ที่ 6'!F26="✓")*1+('สัปดาห์ที่ 7'!F26="✓")*1+('สัปดาห์ที่ 8'!F26="✓")*1+('สัปดาห์ที่ 9'!F26="✓")*1+('สัปดาห์ที่ 10'!F26="✓")*1+('สัปดาห์ที่ 11'!F26="✓")*1+('สัปดาห์ที่ 12'!F26="✓")*1+('สัปดาห์ที่ 13'!F26="✓")*1+('สัปดาห์ที่ 14'!F26="✓")*1+('สัปดาห์ที่ 15'!F26="✓")*1+('สัปดาห์ที่ 16'!F26="✓")*1+('สัปดาห์ที่ 17'!F26="✓")*1+('สัปดาห์ที่ 18'!F26="✓")*1+('สัปดาห์ที่ 19'!F26="✓")*1+('สัปดาห์ที่ 20'!F26="✓")*1) -> 0 | G24: =SUMPRODUCT(('สัปดาห์ที่ 1'!G26="✓")*1+('สัปดาห์ที่ 2'!G26="✓")*1+('สัปดาห์ที่ 3'!G26="✓")*1+('สัปดาห์ที่ 4'!G26="✓")*1+('สัปดาห์ที่ 5'!G26="✓")*1+('สัปดาห์ที่ 6'!G26="✓")*1+('สัปดาห์ที่ 7'!G26="✓")*1+('สัปดาห์ที่ 8'!G26="✓")*1+('สัปดาห์ที่ 9'!G26="✓")*1+('สัปดาห์ที่ 10'!G26="✓")*1+('สัปดาห์ที่ 11'!G26="✓")*1+('สัปดาห์ที่ 12'!G26="✓")*1+('สัปดาห์ที่ 13'!G26="✓")*1+('สัปดาห์ที่ 14'!G26="✓")*1+('สัปดาห์ที่ 15'!G26="✓")*1+('สัปดาห์ที่ 16'!G26="✓")*1+('สัปดาห์ที่ 17'!G26="✓")*1+('สัปดาห์ที่ 18'!G26="✓")*1+('สัปดาห์ที่ 19'!G26="✓")*1+('สัปดาห์ที่ 20'!G26="✓")*1) -> 0 | H24: =SUMPRODUCT(('สัปดาห์ที่ 1'!H26="✓")*1+('สัปดาห์ที่ 2'!H26="✓")*1+('สัปดาห์ที่ 3'!H26="✓")*1+('สัปดาห์ที่ 4'!H26="✓")*1+('สัปดาห์ที่ 5'!H26="✓")*1+('สัปดาห์ที่ 6'!H26="✓")*1+('สัปดาห์ที่ 7'!H26="✓")*1+('สัปดาห์ที่ 8'!H26="✓")*1+('สัปดาห์ที่ 9'!H26="✓")*1+('สัปดาห์ที่ 10'!H26="✓")*1+('สัปดาห์ที่ 11'!H26="✓")*1+('สัปดาห์ที่ 12'!H26="✓")*1+('สัปดาห์ที่ 13'!H26="✓")*1+('สัปดาห์ที่ 14'!H26="✓")*1+('สัปดาห์ที่ 15'!H26="✓")*1+('สัปดาห์ที่ 16'!H26="✓")*1+('สัปดาห์ที่ 17'!H26="✓")*1+('สัปดาห์ที่ 18'!H26="✓")*1+('สัปดาห์ที่ 19'!H26="✓")*1+('สัปดาห์ที่ 20'!H26="✓")*1) -> 0 | I24: =SUMPRODUCT(('สัปดาห์ที่ 1'!I26="✓")*1+('สัปดาห์ที่ 2'!I26="✓")*1+('สัปดาห์ที่ 3'!I26="✓")*1+('สัปดาห์ที่ 4'!I26="✓")*1+('สัปดาห์ที่ 5'!I26="✓")*1+('สัปดาห์ที่ 6'!I26="✓")*1+('สัปดาห์ที่ 7'!I26="✓")*1+('สัปดาห์ที่ 8'!I26="✓")*1+('สัปดาห์ที่ 9'!I26="✓")*1+('สัปดาห์ที่ 10'!I26="✓")*1+('สัปดาห์ที่ 11'!I26="✓")*1+('สัปดาห์ที่ 12'!I26="✓")*1+('สัปดาห์ที่ 13'!I26="✓")*1+('สัปดาห์ที่ 14'!I26="✓")*1+('สัปดาห์ที่ 15'!I26="✓")*1+('สัปดาห์ที่ 16'!I26="✓")*1+('สัปดาห์ที่ 17'!I26="✓")*1+('สัปดาห์ที่ 18'!I26="✓")*1+('สัปดาห์ที่ 19'!I26="✓")*1+('สัปดาห์ที่ 20'!I26="✓")*1) -> 0 | J24: =SUM(D24:I24) -> 0
A25: 22 | D25: =SUMPRODUCT(('สัปดาห์ที่ 1'!D27="✓")*1+('สัปดาห์ที่ 2'!D27="✓")*1+('สัปดาห์ที่ 3'!D27="✓")*1+('สัปดาห์ที่ 4'!D27="✓")*1+('สัปดาห์ที่ 5'!D27="✓")*1+('สัปดาห์ที่ 6'!D27="✓")*1+('สัปดาห์ที่ 7'!D27="✓")*1+('สัปดาห์ที่ 8'!D27="✓")*1+('สัปดาห์ที่ 9'!D27="✓")*1+('สัปดาห์ที่ 10'!D27="✓")*1+('สัปดาห์ที่ 11'!D27="✓")*1+('สัปดาห์ที่ 12'!D27="✓")*1+('สัปดาห์ที่ 13'!D27="✓")*1+('สัปดาห์ที่ 14'!D27="✓")*1+('สัปดาห์ที่ 15'!D27="✓")*1+('สัปดาห์ที่ 16'!D27="✓")*1+('สัปดาห์ที่ 17'!D27="✓")*1+('สัปดาห์ที่ 18'!D27="✓")*1+('สัปดาห์ที่ 19'!D27="✓")*1+('สัปดาห์ที่ 20'!D27="✓")*1) -> 0 | E25: =SUMPRODUCT(('สัปดาห์ที่ 1'!E27="✓")*1+('สัปดาห์ที่ 2'!E27="✓")*1+('สัปดาห์ที่ 3'!E27="✓")*1+('สัปดาห์ที่ 4'!E27="✓")*1+('สัปดาห์ที่ 5'!E27="✓")*1+('สัปดาห์ที่ 6'!E27="✓")*1+('สัปดาห์ที่ 7'!E27="✓")*1+('สัปดาห์ที่ 8'!E27="✓")*1+('สัปดาห์ที่ 9'!E27="✓")*1+('สัปดาห์ที่ 10'!E27="✓")*1+('สัปดาห์ที่ 11'!E27="✓")*1+('สัปดาห์ที่ 12'!E27="✓")*1+('สัปดาห์ที่ 13'!E27="✓")*1+('สัปดาห์ที่ 14'!E27="✓")*1+('สัปดาห์ที่ 15'!E27="✓")*1+('สัปดาห์ที่ 16'!E27="✓")*1+('สัปดาห์ที่ 17'!E27="✓")*1+('สัปดาห์ที่ 18'!E27="✓")*1+('สัปดาห์ที่ 19'!E27="✓")*1+('สัปดาห์ที่ 20'!E27="✓")*1) -> 0 | F25: =SUMPRODUCT(('สัปดาห์ที่ 1'!F27="✓")*1+('สัปดาห์ที่ 2'!F27="✓")*1+('สัปดาห์ที่ 3'!F27="✓")*1+('สัปดาห์ที่ 4'!F27="✓")*1+('สัปดาห์ที่ 5'!F27="✓")*1+('สัปดาห์ที่ 6'!F27="✓")*1+('สัปดาห์ที่ 7'!F27="✓")*1+('สัปดาห์ที่ 8'!F27="✓")*1+('สัปดาห์ที่ 9'!F27="✓")*1+('สัปดาห์ที่ 10'!F27="✓")*1+('สัปดาห์ที่ 11'!F27="✓")*1+('สัปดาห์ที่ 12'!F27="✓")*1+('สัปดาห์ที่ 13'!F27="✓")*1+('สัปดาห์ที่ 14'!F27="✓")*1+('สัปดาห์ที่ 15'!F27="✓")*1+('สัปดาห์ที่ 16'!F27="✓")*1+('สัปดาห์ที่ 17'!F27="✓")*1+('สัปดาห์ที่ 18'!F27="✓")*1+('สัปดาห์ที่ 19'!F27="✓")*1+('สัปดาห์ที่ 20'!F27="✓")*1) -> 0 | G25: =SUMPRODUCT(('สัปดาห์ที่ 1'!G27="✓")*1+('สัปดาห์ที่ 2'!G27="✓")*1+('สัปดาห์ที่ 3'!G27="✓")*1+('สัปดาห์ที่ 4'!G27="✓")*1+('สัปดาห์ที่ 5'!G27="✓")*1+('สัปดาห์ที่ 6'!G27="✓")*1+('สัปดาห์ที่ 7'!G27="✓")*1+('สัปดาห์ที่ 8'!G27="✓")*1+('สัปดาห์ที่ 9'!G27="✓")*1+('สัปดาห์ที่ 10'!G27="✓")*1+('สัปดาห์ที่ 11'!G27="✓")*1+('สัปดาห์ที่ 12'!G27="✓")*1+('สัปดาห์ที่ 13'!G27="✓")*1+('สัปดาห์ที่ 14'!G27="✓")*1+('สัปดาห์ที่ 15'!G27="✓")*1+('สัปดาห์ที่ 16'!G27="✓")*1+('สัปดาห์ที่ 17'!G27="✓")*1+('สัปดาห์ที่ 18'!G27="✓")*1+('สัปดาห์ที่ 19'!G27="✓")*1+('สัปดาห์ที่ 20'!G27="✓")*1) -> 0 | H25: =SUMPRODUCT(('สัปดาห์ที่ 1'!H27="✓")*1+('สัปดาห์ที่ 2'!H27="✓")*1+('สัปดาห์ที่ 3'!H27="✓")*1+('สัปดาห์ที่ 4'!H27="✓")*1+('สัปดาห์ที่ 5'!H27="✓")*1+('สัปดาห์ที่ 6'!H27="✓")*1+('สัปดาห์ที่ 7'!H27="✓")*1+('สัปดาห์ที่ 8'!H27="✓")*1+('สัปดาห์ที่ 9'!H27="✓")*1+('สัปดาห์ที่ 10'!H27="✓")*1+('สัปดาห์ที่ 11'!H27="✓")*1+('สัปดาห์ที่ 12'!H27="✓")*1+('สัปดาห์ที่ 13'!H27="✓")*1+('สัปดาห์ที่ 14'!H27="✓")*1+('สัปดาห์ที่ 15'!H27="✓")*1+('สัปดาห์ที่ 16'!H27="✓")*1+('สัปดาห์ที่ 17'!H27="✓")*1+('สัปดาห์ที่ 18'!H27="✓")*1+('สัปดาห์ที่ 19'!H27="✓")*1+('สัปดาห์ที่ 20'!H27="✓")*1) -> 0 | I25: =SUMPRODUCT(('สัปดาห์ที่ 1'!I27="✓")*1+('สัปดาห์ที่ 2'!I27="✓")*1+('สัปดาห์ที่ 3'!I27="✓")*1+('สัปดาห์ที่ 4'!I27="✓")*1+('สัปดาห์ที่ 5'!I27="✓")*1+('สัปดาห์ที่ 6'!I27="✓")*1+('สัปดาห์ที่ 7'!I27="✓")*1+('สัปดาห์ที่ 8'!I27="✓")*1+('สัปดาห์ที่ 9'!I27="✓")*1+('สัปดาห์ที่ 10'!I27="✓")*1+('สัปดาห์ที่ 11'!I27="✓")*1+('สัปดาห์ที่ 12'!I27="✓")*1+('สัปดาห์ที่ 13'!I27="✓")*1+('สัปดาห์ที่ 14'!I27="✓")*1+('สัปดาห์ที่ 15'!I27="✓")*1+('สัปดาห์ที่ 16'!I27="✓")*1+('สัปดาห์ที่ 17'!I27="✓")*1+('สัปดาห์ที่ 18'!I27="✓")*1+('สัปดาห์ที่ 19'!I27="✓")*1+('สัปดาห์ที่ 20'!I27="✓")*1) -> 0 | J25: =SUM(D25:I25) -> 0
A26: 23 | D26: =SUMPRODUCT(('สัปดาห์ที่ 1'!D28="✓")*1+('สัปดาห์ที่ 2'!D28="✓")*1+('สัปดาห์ที่ 3'!D28="✓")*1+('สัปดาห์ที่ 4'!D28="✓")*1+('สัปดาห์ที่ 5'!D28="✓")*1+('สัปดาห์ที่ 6'!D28="✓")*1+('สัปดาห์ที่ 7'!D28="✓")*1+('สัปดาห์ที่ 8'!D28="✓")*1+('สัปดาห์ที่ 9'!D28="✓")*1+('สัปดาห์ที่ 10'!D28="✓")*1+('สัปดาห์ที่ 11'!D28="✓")*1+('สัปดาห์ที่ 12'!D28="✓")*1+('สัปดาห์ที่ 13'!D28="✓")*1+('สัปดาห์ที่ 14'!D28="✓")*1+('สัปดาห์ที่ 15'!D28="✓")*1+('สัปดาห์ที่ 16'!D28="✓")*1+('สัปดาห์ที่ 17'!D28="✓")*1+('สัปดาห์ที่ 18'!D28="✓")*1+('สัปดาห์ที่ 19'!D28="✓")*1+('สัปดาห์ที่ 20'!D28="✓")*1) -> 0 | E26: =SUMPRODUCT(('สัปดาห์ที่ 1'!E28="✓")*1+('สัปดาห์ที่ 2'!E28="✓")*1+('สัปดาห์ที่ 3'!E28="✓")*1+('สัปดาห์ที่ 4'!E28="✓")*1+('สัปดาห์ที่ 5'!E28="✓")*1+('สัปดาห์ที่ 6'!E28="✓")*1+('สัปดาห์ที่ 7'!E28="✓")*1+('สัปดาห์ที่ 8'!E28="✓")*1+('สัปดาห์ที่ 9'!E28="✓")*1+('สัปดาห์ที่ 10'!E28="✓")*1+('สัปดาห์ที่ 11'!E28="✓")*1+('สัปดาห์ที่ 12'!E28="✓")*1+('สัปดาห์ที่ 13'!E28="✓")*1+('สัปดาห์ที่ 14'!E28="✓")*1+('สัปดาห์ที่ 15'!E28="✓")*1+('สัปดาห์ที่ 16'!E28="✓")*1+('สัปดาห์ที่ 17'!E28="✓")*1+('สัปดาห์ที่ 18'!E28="✓")*1+('สัปดาห์ที่ 19'!E28="✓")*1+('สัปดาห์ที่ 20'!E28="✓")*1) -> 0 | F26: =SUMPRODUCT(('สัปดาห์ที่ 1'!F28="✓")*1+('สัปดาห์ที่ 2'!F28="✓")*1+('สัปดาห์ที่ 3'!F28="✓")*1+('สัปดาห์ที่ 4'!F28="✓")*1+('สัปดาห์ที่ 5'!F28="✓")*1+('สัปดาห์ที่ 6'!F28="✓")*1+('สัปดาห์ที่ 7'!F28="✓")*1+('สัปดาห์ที่ 8'!F28="✓")*1+('สัปดาห์ที่ 9'!F28="✓")*1+('สัปดาห์ที่ 10'!F28="✓")*1+('สัปดาห์ที่ 11'!F28="✓")*1+('สัปดาห์ที่ 12'!F28="✓")*1+('สัปดาห์ที่ 13'!F28="✓")*1+('สัปดาห์ที่ 14'!F28="✓")*1+('สัปดาห์ที่ 15'!F28="✓")*1+('สัปดาห์ที่ 16'!F28="✓")*1+('สัปดาห์ที่ 17'!F28="✓")*1+('สัปดาห์ที่ 18'!F28="✓")*1+('สัปดาห์ที่ 19'!F28="✓")*1+('สัปดาห์ที่ 20'!F28="✓")*1) -> 0 | G26: =SUMPRODUCT(('สัปดาห์ที่ 1'!G28="✓")*1+('สัปดาห์ที่ 2'!G28="✓")*1+('สัปดาห์ที่ 3'!G28="✓")*1+('สัปดาห์ที่ 4'!G28="✓")*1+('สัปดาห์ที่ 5'!G28="✓")*1+('สัปดาห์ที่ 6'!G28="✓")*1+('สัปดาห์ที่ 7'!G28="✓")*1+('สัปดาห์ที่ 8'!G28="✓")*1+('สัปดาห์ที่ 9'!G28="✓")*1+('สัปดาห์ที่ 10'!G28="✓")*1+('สัปดาห์ที่ 11'!G28="✓")*1+('สัปดาห์ที่ 12'!G28="✓")*1+('สัปดาห์ที่ 13'!G28="✓")*1+('สัปดาห์ที่ 14'!G28="✓")*1+('สัปดาห์ที่ 15'!G28="✓")*1+('สัปดาห์ที่ 16'!G28="✓")*1+('สัปดาห์ที่ 17'!G28="✓")*1+('สัปดาห์ที่ 18'!G28="✓")*1+('สัปดาห์ที่ 19'!G28="✓")*1+('สัปดาห์ที่ 20'!G28="✓")*1) -> 0 | H26: =SUMPRODUCT(('สัปดาห์ที่ 1'!H28="✓")*1+('สัปดาห์ที่ 2'!H28="✓")*1+('สัปดาห์ที่ 3'!H28="✓")*1+('สัปดาห์ที่ 4'!H28="✓")*1+('สัปดาห์ที่ 5'!H28="✓")*1+('สัปดาห์ที่ 6'!H28="✓")*1+('สัปดาห์ที่ 7'!H28="✓")*1+('สัปดาห์ที่ 8'!H28="✓")*1+('สัปดาห์ที่ 9'!H28="✓")*1+('สัปดาห์ที่ 10'!H28="✓")*1+('สัปดาห์ที่ 11'!H28="✓")*1+('สัปดาห์ที่ 12'!H28="✓")*1+('สัปดาห์ที่ 13'!H28="✓")*1+('สัปดาห์ที่ 14'!H28="✓")*1+('สัปดาห์ที่ 15'!H28="✓")*1+('สัปดาห์ที่ 16'!H28="✓")*1+('สัปดาห์ที่ 17'!H28="✓")*1+('สัปดาห์ที่ 18'!H28="✓")*1+('สัปดาห์ที่ 19'!H28="✓")*1+('สัปดาห์ที่ 20'!H28="✓")*1) -> 0 | I26: =SUMPRODUCT(('สัปดาห์ที่ 1'!I28="✓")*1+('สัปดาห์ที่ 2'!I28="✓")*1+('สัปดาห์ที่ 3'!I28="✓")*1+('สัปดาห์ที่ 4'!I28="✓")*1+('สัปดาห์ที่ 5'!I28="✓")*1+('สัปดาห์ที่ 6'!I28="✓")*1+('สัปดาห์ที่ 7'!I28="✓")*1+('สัปดาห์ที่ 8'!I28="✓")*1+('สัปดาห์ที่ 9'!I28="✓")*1+('สัปดาห์ที่ 10'!I28="✓")*1+('สัปดาห์ที่ 11'!I28="✓")*1+('สัปดาห์ที่ 12'!I28="✓")*1+('สัปดาห์ที่ 13'!I28="✓")*1+('สัปดาห์ที่ 14'!I28="✓")*1+('สัปดาห์ที่ 15'!I28="✓")*1+('สัปดาห์ที่ 16'!I28="✓")*1+('สัปดาห์ที่ 17'!I28="✓")*1+('สัปดาห์ที่ 18'!I28="✓")*1+('สัปดาห์ที่ 19'!I28="✓")*1+('สัปดาห์ที่ 20'!I28="✓")*1) -> 0 | J26: =SUM(D26:I26) -> 0
