Workbook

Sheet สัปดาห์ที่ 1
A1: แบบบันทึกการเล่นตามมุมประสบการณ์ภายนอกห้องเรียนของเด็กปฐมวัยรายสัปดาห์
A2: โรงเรียนเทศบาลบ้านเพ ๑ สังกัดกองการศึกษา เทศบาลตำบลบ้านเพ ชั้น อ.๑/๓
A3: สัปดาห์ที่ 1 | D3: วันที่ .............. ถึง .............. เดือน .............. พ.ศ. ..............
D4: มุมเสริมประสบการณ์ภายในห้องเรียน | J4: มุมเสริมประสบการณ์แหล่งเรียนรู้ นอกห้องเรียน | M4: สรุป มุมที่เล่น
A5: ที่ | B5: ชื่อ | C5: นามสกุล | D5: มุมบล็อก | E5: มุมนิทาน | F5: มุมแต่งตัว | G5: มุมสร้างสรรค์ | H5: มุมบทบาทสมมติ | I5: มุมสื่อ | J5: มุมทราย/น้ำ | K5: มุมธรรมชาติ | L5: มุมออกกำลังกาย | M5: จำนวน มุม
A6: 1 | B6: เด็กชายนันทิพัฒน์ | C6: ฤทธิ์นอก | M6: =COUNTIF(D6:L6,"✓") -> 0
A7: 2 | B7: เด็กหญิงปาณิสรา | C7: บางขุนทด | M7: =COUNTIF(D7:L7,"✓") -> 0
A8: 3 | B8: เด็กหญิงกรายทิพย์ | C8: พันธ์สวัสดิ์ | M8: =COUNTIF(D8:L8,"✓") -> 0
A9: 4 | B9: เด็กหญิงจารุวรรณ | C9: เหมือนประโคน | M9: =COUNTIF(D9:L9,"✓") -> 0
A10: 5 | B10: เด็กชายนิติพัฒน์ | C10: พูดเพราะ | M10: =COUNTIF(D10:L10,"✓") -> 0
A11: 6 | B11: เด็กชายธนวัฒน์ | C11: บางทุ่มแบน | M11: =COUNTIF(D11:L11,"✓") -> 0
A12: 7 | B12: เด็กชายปิยวัฒน์ | C12: กิ่งเกตุ | M12: =COUNTIF(D12:L12,"✓") -> 0
A13: 8 | B13: เด็กหญิงรัญจิดา | C13: แสนเจริญ | M13: =COUNTIF(D13:L13,"✓") -> 0
A14: 9 | B14: เด็กหญิงพรนัชชา | C14: เปลื้องกลาง | M14: =COUNTIF(D14:L14,"✓") -> 0
A15: 10 | B15: เด็กหญิงจันเอย | C15: ทน | M15: =COUNTIF(D15:L15,"✓") -> 0
A16: 11 | B16: เด็กชายศริตวรรธน์ | C16: การดี | M16: =COUNTIF(D16:L16,"✓") -> 0
A17: 12 | B17: เด็กหญิงมนัสนันท์ | C17: เหลืองอร่าม | M17: =COUNTIF(D17:L17,"✓") -> 0
... A20: 15 | B20: เด็กชายต้นกล้า | C20: ลิทธิศักดิ์ | M20: =COUNTIF(D20:L20,"✓") -> 0
A21: รวมจำนวนนักเรียนที่เล่นแต่ละมุม | D21: =COUNTIF(D6:D20,"✓") -> 0 | E21: =COUNTIF(E6:E20,"✓") -> 0 | F21: =COUNTIF(F6:F20,"✓") -> 0 | G21: =COUNTIF(G6:G20,"✓") -> 0 | H21: =COUNTIF(H6:H20,"✓") -> 0 | I21: =COUNTIF(I6:I20,"✓") -> 0 | J21: =COUNTIF(J6:J20,"✓") -> 0 | K21: =COUNTIF(K6:K20,"✓") -> 0 | L21: =COUNTIF(L6:L20,"✓") -> 0 | M21: =SUM(M6:M20) -> 0
A23: ลงชื่อ .................................................. ผู้บันทึก ( นางสาวชลดา กู่เฟี้ยม )

Sheet สัปดาห์ที่ 2
A1: แบบบันทึกการเล่นตามมุมประสบการณ์ของเด็กปฐมวัยรายสัปดาห์
A2: โรงเรียนเทศบาลบ้านเพ ๑ สังกัดกองการศึกษา เทศบาลตำบลบ้านเพ ชั้น อ.๑/๓
A3: สัปดาห์ที่ 2 | D3: วันที่ .............. ถึง .............. เดือน .............. พ.ศ. ..............
D4: มุมเสริมประสบการณ์ภายในห้องเรียน | J4: มุมเสริมประสบการณ์แหล่งเรียนรู้ นอกห้องเรียน | M4: สรุป มุมที่เล่น
A5: ที่ | B5: ชื่อ | C5: นามสกุล | D5: มุมบล็อก | E5: มุมนิทาน | F5: มุมแต่งตัว | G5: มุมสร้างสรรค์ | H5: มุมบทบาทสมมติ | I5: มุมสื่อ | J5: มุมทราย/น้ำ | K5: มุมธรรมชาติ | L5: มุมออกกำลังกาย | M5: จำนวน มุม
A6: 1 | B6: เด็กชายนันทิพัฒน์ | C6: ฤทธิ์นอก | M6: =COUNTIF(D6:L6,"✓") -> 0
A7: 2 | B7: เด็กหญิงปาณิสรา | C7: บางขุนทด | M7: =COUNTIF(D7:L7,"✓") -> 0
A8: 3 | B8: เด็กหญิงกรายทิพย์ | C8: พันธ์สวัสดิ์ | M8: =COUNTIF(D8:L8,"✓") -> 0
A9: 4 | B9: เด็กหญิงจารุวรรณ | C9: เหมือนประโคน | M9: =COUNTIF(D9:L9,"✓") -> 0
A10: 5 | B10: เด็กชายนิติพัฒน์ | C10: พูดเพราะ | M10: =COUNTIF(D10:L10,"✓") -> 0
A11: 6 | B11: เด็กชายธนวัฒน์ | C11: บางทุ่มแบน | M11: =COUNTIF(D11:L11,"✓") -> 0
A12: 7 | B12: เด็กชายปิยวัฒน์ | C12: กิ่งเกตุ | M12: =COUNTIF(D12:L12,"✓") -> 0
A13: 8 | B13: เด็กหญิงรัญจิดา | C13: แสนเจริญ | M13: =COUNTIF(D13:L13,"✓") -> 0
A14: 9 | B14: เด็กหญิงพรนัชชา | C14: เปลื้องกลาง | M14: =COUNTIF(D14:L14,"✓") -> 0
A15: 10 | B15: เด็กหญิงจันเอย | C15: ทน | M15: =COUNTIF(D15:L15,"✓") -> 0
A16: 11 | B16: เด็กชายศริตวรรธน์ | C16: การดี | M16: =COUNTIF(D16:L16,"✓") -> 0
A17: 12 | B17: เด็กหญิงมนัสนันท์ | C17: เหลืองอร่าม | M17: =COUNTIF(D17:L17,"✓") -> 0
... A20: 15 | B20: เด็กชายต้นกล้า | C20: ลิทธิศักดิ์ | M20: =COUNTIF(D20:L20,"✓") -> 0
A21: รวมจำนวนนักเรียนที่เล่นแต่ละมุม | D21: =COUNTIF(D6:D20,"✓") -> 0 | E21: =COUNTIF(E6:E20,"✓") -> 0 | F21: =COUNTIF(F6:F20,"✓") -> 0 | G21: =COUNTIF(G6:G20,"✓") -> 0 | H21: =COUNTIF(H6:H20,"✓") -> 0 | I21: =COUNTIF(I6:I20,"✓") -> 0 | J21: =COUNTIF(J6:J20,"✓") -> 0 | K21: =COUNTIF(K6:K20,"✓") -> 0 | L21: =COUNTIF(L6:L20,"✓") -> 0 | M21: =SUM(M6:M20) -> 0
A23: ลงชื่อ .................................................. ผู้บันทึก ( นางสาวชลดา กู่เฟี้ยม )

Sheet สัปดาห์ที่ 3
A1: แบบบันทึกการเล่นตามมุมประสบการณ์ของเด็กปฐมวัยรายสัปดาห์
A2: โรงเรียนเทศบาลบ้านเพ ๑ สังกัดกองการศึกษา เทศบาลตำบลบ้านเพ ชั้น อ.๑/๓
A3: สัปดาห์ที่ 3 | D3: วันที่ .............. ถึง .............. เดือน .............. พ.ศ. ..............
D4: มุมเสริมประสบการณ์ภายในห้องเรียน | J4: มุมเสริมประสบการณ์แหล่งเรียนรู้ นอกห้องเรียน | M4: สรุป มุมที่เล่น
A5: ที่ | B5: ชื่อ | C5: นามสกุล | D5: มุมบล็อก | E5: มุมนิทาน | F5: มุมแต่งตัว | G5: มุมสร้างสรรค์ | H5: มุมบทบาทสมมติ | I5: มุมสื่อ | J5: มุมทราย/น้ำ | K5: มุมธรรมชาติ | L5: มุมออกกำลังกาย | M5: จำนวน มุม
A6: 1 | B6: เด็กชายนันทิพัฒน์ | C6: ฤทธิ์นอก | M6: =COUNTIF(D6:L6,"✓") -> 0
A7: 2 | B7: เด็กหญิงปาณิสรา | C7: บางขุนทด | M7: =COUNTIF(D7:L7,"✓") -> 0
A8: 3 | B8: เด็กหญิงกรายทิพย์ | C8: พันธ์สวัสดิ์ | M8: =COUNTIF(D8:L8,"✓") -> 0
A9: 4 | B9: เด็กหญิงจารุวรรณ | C9: เหมือนประโคน | M9: =COUNTIF(D9:L9,"✓") -> 0
A10: 5 | B10: เด็กชายนิติพัฒน์ | C10: พูดเพราะ | M10: =COUNTIF(D10:L10,"✓") -> 0
A11: 6 | B11: เด็กชายธนวัฒน์ | C11: บางทุ่มแบน | M11: =COUNTIF(D11:L11,"✓") -> 0
A12: 7 | B12: เด็กชายปิยวัฒน์ | C12: กิ่งเกตุ | M12: =COUNTIF(D12:L12,"✓") -> 0
A13: 8 | B13: เด็กหญิงรัญจิดา | C13: แสนเจริญ | M13: =COUNTIF(D13:L13,"✓") -> 0
A14: 9 | B14: เด็กหญิงพรนัชชา | C14: เปลื้องกลาง | M14: =COUNTIF(D14:L14,"✓") -> 0
A15: 10 | B15: เด็กหญิงจันเอย | C15: ทน | M15: =COUNTIF(D15:L15,"✓") -> 0
A16: 11 | B16: เด็กชายศริตวรรธน์ | C16: การดี | M16: =COUNTIF(D16:L16,"✓") -> 0
A17: 12 | B17: เด็กหญิงมนัสนันท์ | C17: เหลืองอร่าม | M17: =COUNTIF(D17:L17,"✓") -> 0
... A20: 15 | B20: เด็กชายต้นกล้า | C20: ลิทธิศักดิ์ | M20: =COUNTIF(D20:L20,"✓") -> 0
A21: รวมจำนวนนักเรียนที่เล่นแต่ละมุม | D21: =COUNTIF(D6:D20,"✓") -> 0 | E21: =COUNTIF(E6:E20,"✓") -> 0 | F21: =COUNTIF(F6:F20,"✓") -> 0 | G21: =COUNTIF(G6:G20,"✓") -> 0 | H21: =COUNTIF(H6:H20,"✓") -> 0 | I21: =COUNTIF(I6:I20,"✓") -> 0 | J21: =COUNTIF(J6:J20,"✓") -> 0 | K21: =COUNTIF(K6:K20,"✓") -> 0 | L21: =COUNTIF(L6:L20,"✓") -> 0 | M21: =SUM(M6:M20) -> 0
A23: ลงชื่อ .................................................. ผู้บันทึก ( นางสาวชลดา กู่เฟี้ยม )

Sheet สัปดาห์ที่ 4
A1: แบบบันทึกการเล่นตามมุมประสบการณ์ของเด็กปฐมวัยรายสัปดาห์
A2: โรงเรียนเทศบาลบ้านเพ ๑ สังกัดกองการศึกษา เทศบาลตำบลบ้านเพ ชั้น อ.๑/๓
A3: สัปดาห์ที่ 4 | D3: วันที่ .............. ถึง .............. เดือน .............. พ.ศ. ..............
D4: มุมเสริมประสบการณ์ภายในห้องเรียน | J4: มุมเสริมประสบการณ์แหล่งเรียนรู้ นอกห้องเรียน | M4: สรุป มุมที่เล่น
A5: ที่ | B5: ชื่อ | C5: นามสกุล | D5: มุมบล็อก | E5: มุมนิทาน | F5: มุมแต่งตัว | G5: มุมสร้างสรรค์ | H5: มุมบทบาทสมมติ | I5: มุมสื่อ | J5: มุมทราย/น้ำ | K5: มุมธรรมชาติ | L5: มุมออกกำลังกาย | M5: จำนวน มุม
A6: 1 | B6: เด็กชายนันทิพัฒน์ | C6: ฤทธิ์นอก | M6: =COUNTIF(D6:L6,"✓") -> 0
A7: 2 | B7: เด็กหญิงปาณิสรา | C7: บางขุนทด | M7: =COUNTIF(D7:L7,"✓") -> 0
A8: 3 | B8: เด็กหญิงกรายทิพย์ | C8: พันธ์สวัสดิ์ | M8: =COUNTIF(D8:L8,"✓") -> 0
A9: 4 | B9: เด็กหญิงจารุวรรณ | C9: เหมือนประโคน | M9: =COUNTIF(D9:L9,"✓") -> 0
A10: 5 | B10: เด็กชายนิติพัฒน์ | C10: พูดเพราะ | M10: =COUNTIF(D10:L10,"✓") -> 0
A11: 6 | B11: เด็กชายธนวัฒน์ | C11: บางทุ่มแบน | M11: =COUNTIF(D11:L11,"✓") -> 0
A12: 7 | B12: เด็กชายปิยวัฒน์ | C12: กิ่งเกตุ | M12: =COUNTIF(D12:L12,"✓") -> 0
A13: 8 | B13: เด็กหญิงรัญจิดา | C13: แสนเจริญ | M13: =COUNTIF(D13:L13,"✓") -> 0
A14: 9 | B14: เด็กหญิงพรนัชชา | C14: เปลื้องกลาง | M14: =COUNTIF(D14:L14,"✓") -> 0
A15: 10 | B15: เด็กหญิงจันเอย | C15: ทน | M15: =COUNTIF(D15:L15,"✓") -> 0
A16: 11 | B16: เด็กชายศริตวรรธน์ | C16: การดี | M16: =COUNTIF(D16:L16,"✓") -> 0
A17: 12 | B17: เด็กหญิงมนัสนันท์ | C17: เหลืองอร่าม | M17: =COUNTIF(D17:L17,"✓") -> 0
... A20: 15 | B20: เด็กชายต้นกล้า | C20: ลิทธิศักดิ์ | M20: =COUNTIF(D20:L20,"✓") -> 0
A21: รวมจำนวนนักเรียนที่เล่นแต่ละมุม | D21: =COUNTIF(D6:D20,"✓") -> 0 | E21: =COUNTIF(E6:E20,"✓") -> 0 | F21: =COUNTIF(F6:F20,"✓") -> 0 | G21: =COUNTIF(G6:G20,"✓") -> 0 | H21: =COUNTIF(H6:H20,"✓") -> 0 | I21: =COUNTIF(I6:I20,"✓") -> 0 | J21: =COUNTIF(J6:J20,"✓") -> 0 | K21: =COUNTIF(K6:K20,"✓") -> 0 | L21: =COUNTIF(L6:L20,"✓") -> 0 | M21: =SUM(M6:M20) -> 0
A23: ลงชื่อ .................................................. ผู้บันทึก ( นางสาวชลดา กู่เฟี้ยม )

Sheet สัปดาห์ที่ 5
A1: แบบบันทึกการเล่นตามมุมประสบการณ์ของเด็กปฐมวัยรายสัปดาห์
A2: โรงเรียนเทศบาลบ้านเพ ๑ สังกัดกองการศึกษา เทศบาลตำบลบ้านเพ ชั้น อ.๑/๓
A3: สัปดาห์ที่ 5 | D3: วันที่ .............. ถึง .............. เดือน .............. พ.ศ. ..............
D4: มุมเสริมประสบการณ์ภายในห้องเรียน | J4: มุมเสริมประสบการณ์แหล่งเรียนรู้ นอกห้องเรียน | M4: สรุป มุมที่เล่น
A5: ที่ | B5: ชื่อ | C5: นามสกุล | D5: มุมบล็อก | E5: มุมนิทาน | F5: มุมแต่งตัว | G5: มุมสร้างสรรค์ | H5: มุมบทบาทสมมติ | I5: มุมสื่อ | J5: มุมทราย/น้ำ | K5: มุมธรรมชาติ | L5: มุมออกกำลังกาย | M5: จำนวน มุม
A6: 1 | B6: เด็กชายนันทิพัฒน์ | C6: ฤทธิ์นอก | M6: =COUNTIF(D6:L6,"✓") -> 0
A7: 2 | B7: เด็กหญิงปาณิสรา | C7: บางขุนทด | M7: =COUNTIF(D7:L7,"✓") -> 0
A8: 3 | B8: เด็กหญิงกรายทิพย์ | C8: พันธ์สวัสดิ์ | M8: =COUNTIF(D8:L8,"✓") -> 0
A9: 4 | B9: เด็กหญิงจารุวรรณ | C9: เหมือนประโคน | M9: =COUNTIF(D9:L9,"✓") -> 0
A10: 5 | B10: เด็กชายนิติพัฒน์ | C10: พูดเพราะ | M10: =COUNTIF(D10:L10,"✓") -> 0
A11: 6 | B11: เด็กชายธนวัฒน์ | C11: บางทุ่มแบน | M11: =COUNTIF(D11:L11,"✓") -> 0
A12: 7 | B12: เด็กชายปิยวัฒน์ | C12: กิ่งเกตุ | M12: =COUNTIF(D12:L12,"✓") -> 0
A13: 8 | B13: เด็กหญิงรัญจิดา | C13: แสนเจริญ | M13: =COUNTIF(D13:L13,"✓") -> 0
A14: 9 | B14: เด็กหญิงพรนัชชา | C14: เปลื้องกลาง | M14: =COUNTIF(D14:L14,"✓") -> 0
A15: 10 | B15: เด็กหญิงจันเอย | C15: ทน | M15: =COUNTIF(D15:L15,"✓") -> 0
A16: 11 | B16: เด็กชายศริตวรรธน์ | C16: การดี | M16: =COUNTIF(D16:L16,"✓") -> 0
A17: 12 | B17: เด็กหญิงมนัสนันท์ | C17: เหลืองอร่าม | M17: =COUNTIF(D17:L17,"✓") -> 0
... A20: 15 | B20: เด็กชายต้นกล้า | C20: ลิทธิศักดิ์ | M20: =COUNTIF(D20:L20,"✓") -> 0
A21: รวมจำนวนนักเรียนที่เล่นแต่ละมุม | D21: =COUNTIF(D6:D20,"✓") -> 0 | E21: =COUNTIF(E6:E20,"✓") -> 0 | F21: =COUNTIF(F6:F20,"✓") -> 0 | G21: =COUNTIF(G6:G20,"✓") -> 0 | H21: =COUNTIF(H6:H20,"✓") -> 0 | I21: =COUNTIF(I6:I20,"✓") -> 0 | J21: =COUNTIF(J6:J20,"✓") -> 0 | K21: =COUNTIF(K6:K20,"✓") -> 0 | L21: =COUNTIF(L6:L20,"✓") -> 0 | M21: =SUM(M6:M20) -> 0
A23: ลงชื่อ .................................................. ผู้บันทึก ( นางสาวชลดา กู่เฟี้ยม )

Sheet สัปดาห์ที่ 6
A1: แบบบันทึกการเล่นตามมุมประสบการณ์ของเด็กปฐมวัยรายสัปดาห์
A2: โรงเรียนเทศบาลบ้านเพ ๑ สังกัดกองการศึกษา เทศบาลตำบลบ้านเพ ชั้น อ.๑/๓
A3: สัปดาห์ที่ 6 | D3: วันที่ .............. ถึง .............. เดือน .............. พ.ศ. ..............
D4: มุมเสริมประสบการณ์ภายในห้องเรียน | J4: มุมเสริมประสบการณ์แหล่งเรียนรู้ นอกห้องเรียน | M4: สรุป มุมที่เล่น
A5: ที่ | B5: ชื่อ | C5: นามสกุล | D5: มุมบล็อก | E5: มุมนิทาน | F5: มุมแต่งตัว | G5: มุมสร้างสรรค์ | H5: มุมบทบาทสมมติ | I5: มุมสื่อ | J5: มุมทราย/น้ำ | K5: มุมธรรมชาติ | L5: มุมออกกำลังกาย | M5: จำนวน มุม
A6: 1 | B6: เด็กชายนันทิพัฒน์ | C6: ฤทธิ์นอก | M6: =COUNTIF(D6:L6,"✓") -> 0
A7: 2 | B7: เด็กหญิงปาณิสรา | C7: บางขุนทด | M7: =COUNTIF(D7:L7,"✓") -> 0
A8: 3 | B8: เด็กหญิงกรายทิพย์ | C8: พันธ์สวัสดิ์ | M8: =COUNTIF(D8:L8,"✓") -> 0
A9: 4 | B9: เด็กหญิงจารุวรรณ | C9: เหมือนประโคน | M9: =COUNTIF(D9:L9,"✓") -> 0
A10: 5 | B10: เด็กชายนิติพัฒน์ | C10: พูดเพราะ | M10: =COUNTIF(D10:L10,"✓") -> 0
A11: 6 | B11: เด็กชายธนวัฒน์ | C11: บางทุ่มแบน | M11: =COUNTIF(D11:L11,"✓") -> 0
A12: 7 | B12: เด็กชายปิยวัฒน์ | C12: กิ่งเกตุ | M12: =COUNTIF(D12:L12,"✓") -> 0
A13: 8 | B13: เด็กหญิงรัญจิดา | C13: แสนเจริญ | M13: =COUNTIF(D13:L13,"✓") -> 0
A14: 9 | B14: เด็กหญิงพรนัชชา | C14: เปลื้องกลาง | M14: =COUNTIF(D14:L14,"✓") -> 0
A15: 10 | B15: เด็กหญิงจันเอย | C15: ทน | M15: =COUNTIF(D15:L15,"✓") -> 0
A16: 11 | B16: เด็กชายศริตวรรธน์ | C16: การดี | M16: =COUNTIF(D16:L16,"✓") -> 0
A17: 12 | B17: เด็กหญิงมนัสนันท์ | C17: เหลืองอร่าม | M17: =COUNTIF(D17:L17,"✓") -> 0
... A20: 15 | B20: เด็กชายต้นกล้า | C20: ลิทธิศักดิ์ | M20: =COUNTIF(D20:L20,"✓") -> 0
A21: รวมจำนวนนักเรียนที่เล่นแต่ละมุม | D21: =COUNTIF(D6:D20,"✓") -> 0 | E21: =COUNTIF(E6:E20,"✓") -> 0 | F21: =COUNTIF(F6:F20,"✓") -> 0 | G21: =COUNTIF(G6:G20,"✓") -> 0 | H21: =COUNTIF(H6:H20,"✓") -> 0 | I21: =COUNTIF(I6:I20,"✓") -> 0 | J21: =COUNTIF(J6:J20,"✓") -> 0 | K21: =COUNTIF(K6:K20,"✓") -> 0 | L21: =COUNTIF(L6:L20,"✓") -> 0 | M21: =SUM(M6:M20) -> 0
A23: ลงชื่อ .................................................. ผู้บันทึก ( นางสาวชลดา กู่เฟี้ยม )

Sheet สัปดาห์ที่ 7
A1: แบบบันทึกการเล่นตามมุมประสบการณ์ของเด็กปฐมวัยรายสัปดาห์
A2: โรงเรียนเทศบาลบ้านเพ ๑ สังกัดกองการศึกษา เทศบาลตำบลบ้านเพ ชั้น อ.๑/๓
A3: สัปดาห์ที่ 7 | D3: วันที่ .............. ถึง .............. เดือน .............. พ.ศ. ..............
D4: มุมเสริมประสบการณ์ภายในห้องเรียน | J4: มุมเสริมประสบการณ์แหล่งเรียนรู้ นอกห้องเรียน | M4: สรุป มุมที่เล่น
A5: ที่ | B5: ชื่อ | C5: นามสกุล | D5: มุมบล็อก | E5: มุมนิทาน | F5: มุมแต่งตัว | G5: มุมสร้างสรรค์ | H5: มุมบทบาทสมมติ | I5: มุมสื่อ | J5: มุมทราย/น้ำ | K5: มุมธรรมชาติ | L5: มุมออกกำลังกาย | M5: จำนวน มุม
A6: 1 | B6: เด็กชายนันทิพัฒน์ | C6: ฤทธิ์นอก | M6: =COUNTIF(D6:L6,"✓") -> 0
A7: 2 | B7: เด็กหญิงปาณิสรา | C7: บางขุนทด | M7: =COUNTIF(D7:L7,"✓") -> 0
A8: 3 | B8: เด็กหญิงกรายทิพย์ | C8: พันธ์สวัสดิ์ | M8: =COUNTIF(D8:L8,"✓") -> 0
A9: 4 | B9: เด็กหญิงจารุวรรณ | C9: เหมือนประโคน | M9: =COUNTIF(D9:L9,"✓") -> 0
A10: 5 | B10: เด็กชายนิติพัฒน์ | C10: พูดเพราะ | M10: =COUNTIF(D10:L10,"✓") -> 0
A11: 6 | B11: เด็กชายธนวัฒน์ | C11: บางทุ่มแบน | M11: =COUNTIF(D11:L11,"✓") -> 0
A12: 7 | B12: เด็กชายปิยวัฒน์ | C12: กิ่งเกตุ | M12: =COUNTIF(D12:L12,"✓") -> 0
A13: 8 | B13: เด็กหญิงรัญจิดา | C13: แสนเจริญ | M13: =COUNTIF(D13:L13,"✓") -> 0
A14: 9 | B14: เด็กหญิงพรนัชชา | C14: เปลื้องกลาง | M14: =COUNTIF(D14:L14,"✓") -> 0
A15: 10 | B15: เด็กหญิงจันเอย | C15: ทน | M15: =COUNTIF(D15:L15,"✓") -> 0
A16: 11 | B16: เด็กชายศริตวรรธน์ | C16: การดี | M16: =COUNTIF(D16:L16,"✓") -> 0
A17: 12 | B17: เด็กหญิงมนัสนันท์ | C17: เหลืองอร่าม | M17: =COUNTIF(D17:L17,"✓") -> 0
... A20: 15 | B20: เด็กชายต้นกล้า | C20: ลิทธิศักดิ์ | M20: =COUNTIF(D20:L20,"✓") -> 0
A21: รวมจำนวนนักเรียนที่เล่นแต่ละมุม | D21: =COUNTIF(D6:D20,"✓") -> 0 | E21: =COUNTIF(E6:E20,"✓") -> 0 | F21: =COUNTIF(F6:F20,"✓") -> 0 | G21: =COUNTIF(G6:G20,"✓") -> 0 | H21: =COUNTIF(H6:H20,"✓") -> 0 | I21: =COUNTIF(I6:I20,"✓") -> 0 | J21: =COUNTIF(J6:J20,"✓") -> 0 | K21: =COUNTIF(K6:K20,"✓") -> 0 | L21: =COUNTIF(L6:L20,"✓") -> 0 | M21: =SUM(M6:M20) -> 0
A23: ลงชื่อ .................................................. ผู้บันทึก ( นางสาวชลดา กู่เฟี้ยม )

Sheet สัปดาห์ที่ 8
A1: แบบบันทึกการเล่นตามมุมประสบการณ์ของเด็กปฐมวัยรายสัปดาห์
A2: โรงเรียนเทศบาลบ้านเพ ๑ สังกัดกองการศึกษา เทศบาลตำบลบ้านเพ ชั้น อ.๑/๓
A3: สัปดาห์ที่ 8 | D3: วันที่ .............. ถึง .............. เดือน .............. พ.ศ. ..............
D4: มุมเสริมประสบการณ์ภายในห้องเรียน | J4: มุมเสริมประสบการณ์แหล่งเรียนรู้ นอกห้องเรียน | M4: สรุป มุมที่เล่น
A5: ที่ | B5: ชื่อ | C5: นามสกุล | D5: มุมบล็อก | E5: มุมนิทาน | F5: มุมแต่งตัว | G5: มุมสร้างสรรค์ | H5: มุมบทบาทสมมติ | I5: มุมสื่อ | J5: มุมทราย/น้ำ | K5: มุมธรรมชาติ | L5: มุมออกกำลังกาย | M5: จำนวน มุม
A6: 1 | B6: เด็กชายนันทิพัฒน์ | C6: ฤทธิ์นอก | M6: =COUNTIF(D6:L6,"✓") -> 0
A7: 2 | B7: เด็กหญิงปาณิสรา | C7: บางขุนทด | M7: =COUNTIF(D7:L7,"✓") -> 0
A8: 3 | B8: เด็กหญิงกรายทิพย์ | C8: พันธ์สวัสดิ์ | M8: =COUNTIF(D8:L8,"✓") -> 0
A9: 4 | B9: เด็กหญิงจารุวรรณ | C9: เหมือนประโคน | M9: =COUNTIF(D9:L9,"✓") -> 0
A10: 5 | B10: เด็กชายนิติพัฒน์ | C10: พูดเพราะ | M10: =COUNTIF(D10:L10,"✓") -> 0
A11: 6 | B11: เด็กชายธนวัฒน์ | C11: บางทุ่มแบน | M11: =COUNTIF(D11:L11,"✓") -> 0
A12: 7 | B12: เด็กชายปิยวัฒน์ | C12: กิ่งเกตุ | M12: =COUNTIF(D12:L12,"✓") -> 0
A13: 8 | B13: เด็กหญิงรัญจิดา | C13: แสนเจริญ | M13: =COUNTIF(D13:L13,"✓") -> 0
A14: 9 | B14: เด็กหญิงพรนัชชา | C14: เปลื้องกลาง | M14: =COUNTIF(D14:L14,"✓") -> 0
A15: 10 | B15: เด็กหญิงจันเอย | C15: ทน | M15: =COUNTIF(D15:L15,"✓") -> 0
A16: 11 | B16: เด็กชายศริตวรรธน์ | C16: การดี | M16: =COUNTIF(D16:L16,"✓") -> 0
A17: 12 | B17: เด็กหญิงมนัสนันท์ | C17: เหลืองอร่าม | M17: =COUNTIF(D17:L17,"✓") -> 0
... A20: 15 | B20: เด็กชายต้นกล้า | C20: ลิทธิศักดิ์ | M20: =COUNTIF(D20:L20,"✓") -> 0
A21: รวมจำนวนนักเรียนที่เล่นแต่ละมุม | D21: =COUNTIF(D6:D20,"✓") -> 0 | E21: =COUNTIF(E6:E20,"✓") -> 0 | F21: =COUNTIF(F6:F20,"✓") -> 0 | G21: =COUNTIF(G6:G20,"✓") -> 0 | H21: =COUNTIF(H6:H20,"✓") -> 0 | I21: =COUNTIF(I6:I20,"✓") -> 0 | J21: =COUNTIF(J6:J20,"✓") -> 0 | K21: =COUNTIF(K6:K20,"✓") -> 0 | L21: =COUNTIF(L6:L20,"✓") -> 0 | M21: =SUM(M6:M20) -> 0
A23: ลงชื่อ .................................................. ผู้บันทึก ( นางสาวชลดา กู่เฟี้ยม )

Sheet สัปดาห์ที่ 9
A1: แบบบันทึกการเล่นตามมุมประสบการณ์ของเด็กปฐมวัยรายสัปดาห์
A2: โรงเรียนเทศบาลบ้านเพ ๑ สังกัดกองการศึกษา เทศบาลตำบลบ้านเพ ชั้น อ.๑/๓
A3: สัปดาห์ที่ 9 | D3: วันที่ .............. ถึง .............. เดือน .............. พ.ศ. ..............
D4: มุมเสริมประสบการณ์ภายในห้องเรียน | J4: มุมเสริมประสบการณ์แหล่งเรียนรู้ นอกห้องเรียน | M4: สรุป มุมที่เล่น
A5: ที่ | B5: ชื่อ | C5: นามสกุล | D5: มุมบล็อก | E5: มุมนิทาน | F5: มุมแต่งตัว | G5: มุมสร้างสรรค์ | H5: มุมบทบาทสมมติ | I5: มุมสื่อ | J5: มุมทราย/น้ำ | K5: มุมธรรมชาติ | L5: มุมออกกำลังกาย | M5: จำนวน มุม
A6: 1 | B6: เด็กชายนันทิพัฒน์ | C6: ฤทธิ์นอก | M6: =COUNTIF(D6:L6,"✓") -> 0
A7: 2 | B7: เด็กหญิงปาณิสรา | C7: บางขุนทด | M7: =COUNTIF(D7:L7,"✓") -> 0
A8: 3 | B8: เด็กหญิงกรายทิพย์ | C8: พันธ์สวัสดิ์ | M8: =COUNTIF(D8:L8,"✓") -> 0
A9: 4 | B9: เด็กหญิงจารุวรรณ | C9: เหมือนประโคน | M9: =COUNTIF(D9:L9,"✓") -> 0
A10: 5 | B10: เด็กชายนิติพัฒน์ | C10: พูดเพราะ | M10: =COUNTIF(D10:L10,"✓") -> 0
A11: 6 | B11: เด็กชายธนวัฒน์ | C11: บางทุ่มแบน | M11: =COUNTIF(D11:L11,"✓") -> 0
A12: 7 | B12: เด็กชายปิยวัฒน์ | C12: กิ่งเกตุ | M12: =COUNTIF(D12:L12,"✓") -> 0
A13: 8 | B13: เด็กหญิงรัญจิดา | C13: แสนเจริญ | M13: =COUNTIF(D13:L13,"✓") -> 0
A14: 9 | B14: เด็กหญิงพรนัชชา | C14: เปลื้องกลาง | M14: =COUNTIF(D14:L14,"✓") -> 0
A15: 10 | B15: เด็กหญิงจันเอย | C15: ทน | M15: =COUNTIF(D15:L15,"✓") -> 0
A16: 11 | B16: เด็กชายศริตวรรธน์ | C16: การดี | M16: =COUNTIF(D16:L16,"✓") -> 0
A17: 12 | B17: เด็กหญิงมนัสนันท์ | C17: เหลืองอร่าม | M17: =COUNTIF(D17:L17,"✓") -> 0
... A20: 15 | B20: เด็กชายต้นกล้า | C20: ลิทธิศักดิ์ | M20: =COUNTIF(D20:L20,"✓") -> 0
A21: รวมจำนวนนักเรียนที่เล่นแต่ละมุม | D21: =COUNTIF(D6:D20,"✓") -> 0 | E21: =COUNTIF(E6:E20,"✓") -> 0 | F21: =COUNTIF(F6:F20,"✓") -> 0 | G21: =COUNTIF(G6:G20,"✓") -> 0 | H21: =COUNTIF(H6:H20,"✓") -> 0 | I21: =COUNTIF(I6:I20,"✓") -> 0 | J21: =COUNTIF(J6:J20,"✓") -> 0 | K21: =COUNTIF(K6:K20,"✓") -> 0 | L21: =COUNTIF(L6:L20,"✓") -> 0 | M21: =SUM(M6:M20) -> 0
A23: ลงชื่อ .................................................. ผู้บันทึก ( นางสาวชลดา กู่เฟี้ยม )

Sheet สัปดาห์ที่ 10
A1: แบบบันทึกการเล่นตามมุมประสบการณ์ของเด็กปฐมวัยรายสัปดาห์
A2: โรงเรียนเทศบาลบ้านเพ ๑ สังกัดกองการศึกษา เทศบาลตำบลบ้านเพ ชั้น อ.๑/๓
A3: สัปดาห์ที่ 10 | D3: วันที่ .............. ถึง .............. เดือน .............. พ.ศ. ..............
D4: มุมเสริมประสบการณ์ภายในห้องเรียน | J4: มุมเสริมประสบการณ์แหล่งเรียนรู้ นอกห้องเรียน | M4: สรุป มุมที่เล่น
A5: ที่ | B5: ชื่อ | C5: นามสกุล | D5: มุมบล็อก | E5: มุมนิทาน | F5: มุมแต่งตัว | G5: มุมสร้างสรรค์ | H5: มุมบทบาทสมมติ | I5: มุมสื่อ | J5: มุมทราย/น้ำ | K5: มุมธรรมชาติ | L5: มุมออกกำลังกาย | M5: จำนวน มุม
A6: 1 | B6: เด็กชายนันทิพัฒน์ | C6: ฤทธิ์นอก | M6: =COUNTIF(D6:L6,"✓") -> 0
A7: 2 | B7: เด็กหญิงปาณิสรา | C7: บางขุนทด | M7: =COUNTIF(D7:L7,"✓") -> 0
A8: 3 | B8: เด็กหญิงกรายทิพย์ | C8: พันธ์สวัสดิ์ | M8: =COUNTIF(D8:L8,"✓") -> 0
A9: 4 | B9: เด็กหญิงจารุวรรณ | C9: เหมือนประโคน | M9: =COUNTIF(D9:L9,"✓") -> 0
A10: 5 | B10: เด็กชายนิติพัฒน์ | C10: พูดเพราะ | M10: =COUNTIF(D10:L10,"✓") -> 0
A11: 6 | B11: เด็กชายธนวัฒน์ | C11: บางทุ่มแบน | M11: =COUNTIF(D11:L11,"✓") -> 0
A12: 7 | B12: เด็กชายปิยวัฒน์ | C12: กิ่งเกตุ | M12: =COUNTIF(D12:L12,"✓") -> 0
A13: 8 | B13: เด็กหญิงรัญจิดา | C13: แสนเจริญ | M13: =COUNTIF(D13:L13,"✓") -> 0
A14: 9 | B14: เด็กหญิงพรนัชชา | C14: เปลื้องกลาง | M14: =COUNTIF(D14:L14,"✓") -> 0
A15: 10 | B15: เด็กหญิงจันเอย | C15: ทน | M15: =COUNTIF(D15:L15,"✓") -> 0
A16: 11 | B16: เด็กชายศริตวรรธน์ | C16: การดี | M16: =COUNTIF(D16:L16,"✓") -> 0
A17: 12 | B17: เด็กหญิงมนัสนันท์ | C17: เหลืองอร่าม | M17: =COUNTIF(D17:L17,"✓") -> 0
... A20: 15 | B20: เด็กชายต้นกล้า | C20: ลิทธิศักดิ์ | M20: =COUNTIF(D20:L20,"✓") -> 0
A21: รวมจำนวนนักเรียนที่เล่นแต่ละมุม | D21: =COUNTIF(D6:D20,"✓") -> 0 | E21: =COUNTIF(E6:E20,"✓") -> 0 | F21: =COUNTIF(F6:F20,"✓") -> 0 | G21: =COUNTIF(G6:G20,"✓") -> 0 | H21: =COUNTIF(H6:H20,"✓") -> 0 | I21: =COUNTIF(I6:I20,"✓") -> 0 | J21: =COUNTIF(J6:J20,"✓") -> 0 | K21: =COUNTIF(K6:K20,"✓") -> 0 | L21: =COUNTIF(L6:L20,"✓") -> 0 | M21: =SUM(M6:M20) -> 0
A23: ลงชื่อ .................................................. ผู้บันทึก ( นางสาวชลดา กู่เฟี้ยม )

Sheet สัปดาห์ที่ 11
A1: แบบบันทึกการเล่นตามมุมประสบการณ์ของเด็กปฐมวัยรายสัปดาห์
A2: โรงเรียนเทศบาลบ้านเพ ๑ สังกัดกองการศึกษา เทศบาลตำบลบ้านเพ ชั้น อ.๑/๓
A3: สัปดาห์ที่ 11 | D3: วันที่ .............. ถึง .............. เดือน .............. พ.ศ. ..............
D4: มุมเสริมประสบการณ์ภายในห้องเรียน | J4: มุมเสริมประสบการณ์แหล่งเรียนรู้ นอกห้องเรียน | M4: สรุป มุมที่เล่น
A5: ที่ | B5: ชื่อ | C5: นามสกุล | D5: มุมบล็อก | E5: มุมนิทาน | F5: มุมแต่งตัว | G5: มุมสร้างสรรค์ | H5: มุมบทบาทสมมติ | I5: มุมสื่อ | J5: มุมทราย/น้ำ | K5: มุมธรรมชาติ | L5: มุมออกกำลังกาย | M5: จำนวน มุม
A6: 1 | B6: เด็กชายนันทิพัฒน์ | C6: ฤทธิ์นอก | M6: =COUNTIF(D6:L6,"✓") -> 0
A7: 2 | B7: เด็กหญิงปาณิสรา | C7: บางขุนทด | M7: =COUNTIF(D7:L7,"✓") -> 0
A8: 3 | B8: เด็กหญิงกรายทิพย์ | C8: พันธ์สวัสดิ์ | M8: =COUNTIF(D8:L8,"✓") -> 0
A9: 4 | B9: เด็กหญิงจารุวรรณ | C9: เหมือนประโคน | M9: =COUNTIF(D9:L9,"✓") -> 0
A10: 5 | B10: เด็กชายนิติพัฒน์ | C10: พูดเพราะ | M10: =COUNTIF(D10:L10,"✓") -> 0
A11: 6 | B11: เด็กชายธนวัฒน์ | C11: บางทุ่มแบน | M11: =COUNTIF(D11:L11,"✓") -> 0
A12: 7 | B12: เด็กชายปิยวัฒน์ | C12: กิ่งเกตุ | M12: =COUNTIF(D12:L12,"✓") -> 0
A13: 8 | B13: เด็กหญิงรัญจิดา | C13: แสนเจริญ | M13: =COUNTIF(D13:L13,"✓") -> 0
A14: 9 | B14: เด็กหญิงพรนัชชา | C14: เปลื้องกลาง | M14: =COUNTIF(D14:L14,"✓") -> 0
A15: 10 | B15: เด็กหญิงจันเอย | C15: ทน | M15: =COUNTIF(D15:L15,"✓") -> 0
A16: 11 | B16: เด็กชายศริตวรรธน์ | C16: การดี | M16: =COUNTIF(D16:L16,"✓") -> 0
A17: 12 | B17: เด็กหญิงมนัสนันท์ | C17: เหลืองอร่าม | M17: =COUNTIF(D17:L17,"✓") -> 0
... A20: 15 | B20: เด็กชายต้นกล้า | C20: ลิทธิศักดิ์ | M20: =COUNTIF(D20:L20,"✓") -> 0
A21: รวมจำนวนนักเรียนที่เล่นแต่ละมุม | D21: =COUNTIF(D6:D20,"✓") -> 0 | E21: =COUNTIF(E6:E20,"✓") -> 0 | F21: =COUNTIF(F6:F20,"✓") -> 0 | G21: =COUNTIF(G6:G20,"✓") -> 0 | H21: =COUNTIF(H6:H20,"✓") -> 0 | I21: =COUNTIF(I6:I20,"✓") -> 0 | J21: =COUNTIF(J6:J20,"✓") -> 0 | K21: =COUNTIF(K6:K20,"✓") -> 0 | L21: =COUNTIF(L6:L20,"✓") -> 0 | M21: =SUM(M6:M20) -> 0
A23: ลงชื่อ .................................................. ผู้บันทึก ( นางสาวชลดา กู่เฟี้ยม )

Sheet สัปดาห์ที่ 12
A1: แบบบันทึกการเล่นตามมุมประสบการณ์ของเด็กปฐมวัยรายสัปดาห์
A2: โรงเรียนเทศบาลบ้านเพ ๑ สังกัดกองการศึกษา เทศบาลตำบลบ้านเพ ชั้น อ.๑/๓
A3: สัปดาห์ที่ 12 | D3: วันที่ .............. ถึง .............. เดือน .............. พ.ศ. ..............
D4: มุมเสริมประสบการณ์ภายในห้องเรียน | J4: มุมเสริมประสบการณ์แหล่งเรียนรู้ นอกห้องเรียน | M4: สรุป มุมที่เล่น
A5: ที่ | B5: ชื่อ | C5: นามสกุล | D5: มุมบล็อก | E5: มุมนิทาน | F5: มุมแต่งตัว | G5: มุมสร้างสรรค์ | H5: มุมบทบาทสมมติ | I5: มุมสื่อ | J5: มุมทราย/น้ำ | K5: มุมธรรมชาติ | L5: มุมออกกำลังกาย | M5: จำนวน มุม
A6: 1 | B6: เด็กชายนันทิพัฒน์ | C6: ฤทธิ์นอก | M6: =COUNTIF(D6:L6,"✓") -> 0
A7: 2 | B7: เด็กหญิงปาณิสรา | C7: บางขุนทด | M7: =COUNTIF(D7:L7,"✓") -> 0
A8: 3 | B8: เด็กหญิงกรายทิพย์ | C8: พันธ์สวัสดิ์ | M8: =COUNTIF(D8:L8,"✓") -> 0
A9: 4 | B9: เด็กหญิงจารุวรรณ | C9: เหมือนประโคน | M9: =COUNTIF(D9:L9,"✓") -> 0
A10: 5 | B10: เด็กชายนิติพัฒน์ | C10: พูดเพราะ | M10: =COUNTIF(D10:L10,"✓") -> 0
A11: 6 | B11: เด็กชายธนวัฒน์ | C11: บางทุ่มแบน | M11: =COUNTIF(D11:L11,"✓") -> 0
A12: 7 | B12: เด็กชายปิยวัฒน์ | C12: กิ่งเกตุ | M12: =COUNTIF(D12:L12,"✓") -> 0
A13: 8 | B13: เด็กหญิงรัญจิดา | C13: แสนเจริญ | M13: =COUNTIF(D13:L13,"✓") -> 0
A14: 9 | B14: เด็กหญิงพรนัชชา | C14: เปลื้องกลาง | M14: =COUNTIF(D14:L14,"✓") -> 0
A15: 10 | B15: เด็กหญิงจันเอย | C15: ทน | M15: =COUNTIF(D15:L15,"✓") -> 0
A16: 11 | B16: เด็กชายศริตวรรธน์ | C16: การดี | M16: =COUNTIF(D16:L16,"✓") -> 0
A17: 12 | B17: เด็กหญิงมนัสนันท์ | C17: เหลืองอร่าม | M17: =COUNTIF(D17:L17,"✓") -> 0
... A20: 15 | B20: เด็กชายต้นกล้า | C20: ลิทธิศักดิ์ | M20: =COUNTIF(D20:L20,"✓") -> 0
A21: รวมจำนวนนักเรียนที่เล่นแต่ละมุม | D21: =COUNTIF(D6:D20,"✓") -> 0 | E21: =COUNTIF(E6:E20,"✓") -> 0 | F21: =COUNTIF(F6:F20,"✓") -> 0 | G21: =COUNTIF(G6:G20,"✓") -> 0 | H21: =COUNTIF(H6:H20,"✓") -> 0 | I21: =COUNTIF(I6:I20,"✓") -> 0 | J21: =COUNTIF(J6:J20,"✓") -> 0 | K21: =COUNTIF(K6:K20,"✓") -> 0 | L21: =COUNTIF(L6:L20,"✓") -> 0 | M21: =SUM(M6:M20) -> 0
A23: ลงชื่อ .................................................. ผู้บันทึก ( นางสาวชลดา กู่เฟี้ยม )

Sheet สัปดาห์ที่ 13
A1: แบบบันทึกการเล่นตามมุมประสบการณ์ของเด็กปฐมวัยรายสัปดาห์
A2: โรงเรียนเทศบาลบ้านเพ ๑ สังกัดกองการศึกษา เทศบาลตำบลบ้านเพ ชั้น อ.๑/๓
A3: สัปดาห์ที่ 13 | D3: วันที่ .............. ถึง .............. เดือน .............. พ.ศ. ..............
D4: มุมเสริมประสบการณ์ภายในห้องเรียน | J4: มุมเสริมประสบการณ์แหล่งเรียนรู้ นอกห้องเรียน | M4: สรุป มุมที่เล่น
A5: ที่ | B5: ชื่อ | C5: นามสกุล | D5: มุมบล็อก | E5: มุมนิทาน | F5: มุมแต่งตัว | G5: มุมสร้างสรรค์ | H5: มุมบทบาทสมมติ | I5: มุมสื่อ | J5: มุมทราย/น้ำ | K5: มุมธรรมชาติ | L5: มุมออกกำลังกาย | M5: จำนวน มุม
A6: 1 | B6: เด็กชายนันทิพัฒน์ | C6: ฤทธิ์นอก | M6: =COUNTIF(D6:L6,"✓") -> 0
A7: 2 | B7: เด็กหญิงปาณิสรา | C7: บางขุนทด | M7: =COUNTIF(D7:L7,"✓") -> 0
A8: 3 | B8: เด็กหญิงกรายทิพย์ | C8: พันธ์สวัสดิ์ | M8: =COUNTIF(D8:L8,"✓") -> 0
A9: 4 | B9: เด็กหญิงจารุวรรณ | C9: เหมือนประโคน | M9: =COUNTIF(D9:L9,"✓") -> 0
A10: 5 | B10: เด็กชายนิติพัฒน์ | C10: พูดเพราะ | M10: =COUNTIF(D10:L10,"✓") -> 0
A11: 6 | B11: เด็กชายธนวัฒน์ | C11: บางทุ่มแบน | M11: =COUNTIF(D11:L11,"✓") -> 0
A12: 7 | B12: เด็กชายปิยวัฒน์ | C12: กิ่งเกตุ | M12: =COUNTIF(D12:L12,"✓") -> 0
A13: 8 | B13: เด็กหญิงรัญจิดา | C13: แสนเจริญ | M13: =COUNTIF(D13:L13,"✓") -> 0
A14: 9 | B14: เด็กหญิงพรนัชชา | C14: เปลื้องกลาง | M14: =COUNTIF(D14:L14,"✓") -> 0
A15: 10 | B15: เด็กหญิงจันเอย | C15: ทน | M15: =COUNTIF(D15:L15,"✓") -> 0
A16: 11 | B16: เด็กชายศริตวรรธน์ | C16: การดี | M16: =COUNTIF(D16:L16,"✓") -> 0
A17: 12 | B17: เด็กหญิงมนัสนันท์ | C17: เหลืองอร่าม | M17: =COUNTIF(D17:L17,"✓") -> 0
... A20: 15 | B20: เด็กชายต้นกล้า | C20: ลิทธิศักดิ์ | M20: =COUNTIF(D20:L20,"✓") -> 0
A21: รวมจำนวนนักเรียนที่เล่นแต่ละมุม | D21: =COUNTIF(D6:D20,"✓") -> 0 | E21: =COUNTIF(E6:E20,"✓") -> 0 | F21: =COUNTIF(F6:F20,"✓") -> 0 | G21: =COUNTIF(G6:G20,"✓") -> 0 | H21: =COUNTIF(H6:H20,"✓") -> 0 | I21: =COUNTIF(I6:I20,"✓") -> 0 | J21: =COUNTIF(J6:J20,"✓") -> 0 | K21: =COUNTIF(K6:K20,"✓") -> 0 | L21: =COUNTIF(L6:L20,"✓") -> 0 | M21: =SUM(M6:M20) -> 0
A23: ลงชื่อ .................................................. ผู้บันทึก ( นางสาวชลดา กู่เฟี้ยม )

Sheet สัปดาห์ที่ 14
A1: แบบบันทึกการเล่นตามมุมประสบการณ์ของเด็กปฐมวัยรายสัปดาห์
A2: โรงเรียนเทศบาลบ้านเพ ๑ สังกัดกองการศึกษา เทศบาลตำบลบ้านเพ ชั้น อ.๑/๓
A3: สัปดาห์ที่ 14 | D3: วันที่ .............. ถึง .............. เดือน .............. พ.ศ. ..............
D4: มุมเสริมประสบการณ์ภายในห้องเรียน | J4: มุมเสริมประสบการณ์แหล่งเรียนรู้ นอกห้องเรียน | M4: สรุป มุมที่เล่น
A5: ที่ | B5: ชื่อ | C5: นามสกุล | D5: มุมบล็อก | E5: มุมนิทาน | F5: มุมแต่งตัว | G5: มุมสร้างสรรค์ | H5: มุมบทบาทสมมติ | I5: มุมสื่อ | J5: มุมทราย/น้ำ | K5: มุมธรรมชาติ | L5: มุมออกกำลังกาย | M5: จำนวน มุม
A6: 1 | B6: เด็กชายนันทิพัฒน์ | C6: ฤทธิ์นอก | M6: =COUNTIF(D6:L6,"✓") -> 0
A7: 2 | B7: เด็กหญิงปาณิสรา | C7: บางขุนทด | M7: =COUNTIF(D7:L7,"✓") -> 0
A8: 3 | B8: เด็กหญิงกรายทิพย์ | C8: พันธ์สวัสดิ์ | M8: =COUNTIF(D8:L8,"✓") -> 0
A9: 4 | B9: เด็กหญิงจารุวรรณ | C9: เหมือนประโคน | M9: =COUNTIF(D9:L9,"✓") -> 0
A10: 5 | B10: เด็กชายนิติพัฒน์ | C10: พูดเพราะ | M10: =COUNTIF(D10:L10,"✓") -> 0
A11: 6 | B11: เด็กชายธนวัฒน์ | C11: บางทุ่มแบน | M11: =COUNTIF(D11:L11,"✓") -> 0
A12: 7 | B12: เด็กชายปิยวัฒน์ | C12: กิ่งเกตุ | M12: =COUNTIF(D12:L12,"✓") -> 0
A13: 8 | B13: เด็กหญิงรัญจิดา | C13: แสนเจริญ | M13: =COUNTIF(D13:L13,"✓") -> 0
A14: 9 | B14: เด็กหญิงพรนัชชา | C14: เปลื้องกลาง | M14: =COUNTIF(D14:L14,"✓") -> 0
A15: 10 | B15: เด็กหญิงจันเอย | C15: ทน | M15: =COUNTIF(D15:L15,"✓") -> 0
A16: 11 | B16: เด็กชายศริตวรรธน์ | C16: การดี | M16: =COUNTIF(D16:L16,"✓") -> 0
A17: 12 | B17: เด็กหญิงมนัสนันท์ | C17: เหลืองอร่าม | M17: =COUNTIF(D17:L17,"✓") -> 0
... A20: 15 | B20: เด็กชายต้นกล้า | C20: ลิทธิศักดิ์ | M20: =COUNTIF(D20:L20,"✓") -> 0
A21: รวมจำนวนนักเรียนที่เล่นแต่ละมุม | D21: =COUNTIF(D6:D20,"✓") -> 0 | E21: =COUNTIF(E6:E20,"✓") -> 0 | F21: =COUNTIF(F6:F20,"✓") -> 0 | G21: =COUNTIF(G6:G20,"✓") -> 0 | H21: =COUNTIF(H6:H20,"✓") -> 0 | I21: =COUNTIF(I6:I20,"✓") -> 0 | J21: =COUNTIF(J6:J20,"✓") -> 0 | K21: =COUNTIF(K6:K20,"✓") -> 0 | L21: =COUNTIF(L6:L20,"✓") -> 0 | M21: =SUM(M6:M20) -> 0
A23: ลงชื่อ .................................................. ผู้บันทึก ( นางสาวชลดา กู่เฟี้ยม )

Sheet สัปดาห์ที่ 15
A1: แบบบันทึกการเล่นตามมุมประสบการณ์ของเด็กปฐมวัยรายสัปดาห์
A2: โรงเรียนเทศบาลบ้านเพ ๑ สังกัดกองการศึกษา เทศบาลตำบลบ้านเพ ชั้น อ.๑/๓
A3: สัปดาห์ที่ 15 | D3: วันที่ .............. ถึง .............. เดือน .............. พ.ศ. ..............
D4: มุมเสริมประสบการณ์ภายในห้องเรียน | J4: มุมเสริมประสบการณ์แหล่งเรียนรู้ นอกห้องเรียน | M4: สรุป มุมที่เล่น
A5: ที่ | B5: ชื่อ | C5: นามสกุล | D5: มุมบล็อก | E5: มุมนิทาน | F5: มุมแต่งตัว | G5: มุมสร้างสรรค์ | H5: มุมบทบาทสมมติ | I5: มุมสื่อ | J5: มุมทราย/น้ำ | K5: มุมธรรมชาติ | L5: มุมออกกำลังกาย | M5: จำนวน มุม
A6: 1 | B6: เด็กชายนันทิพัฒน์ | C6: ฤทธิ์นอก | M6: =COUNTIF(D6:L6,"✓") -> 0
A7: 2 | B7: เด็กหญิงปาณิสรา | C7: บางขุนทด | M7: =COUNTIF(D7:L7,"✓") -> 0
A8: 3 | B8: เด็กหญิงกรายทิพย์ | C8: พันธ์สวัสดิ์ | M8: =COUNTIF(D8:L8,"✓") -> 0
A9: 4 | B9: เด็กหญิงจารุวรรณ | C9: เหมือนประโคน | M9: =COUNTIF(D9:L9,"✓") -> 0
A10: 5 | B10: เด็กชายนิติพัฒน์ | C10: พูดเพราะ | M10: =COUNTIF(D10:L10,"✓") -> 0
A11: 6 | B11: เด็กชายธนวัฒน์ | C11: บางทุ่มแบน | M11: =COUNTIF(D11:L11,"✓") -> 0
A12: 7 | B12: เด็กชายปิยวัฒน์ | C12: กิ่งเกตุ | M12: =COUNTIF(D12:L12,"✓") -> 0
A13: 8 | B13: เด็กหญิงรัญจิดา | C13: แสนเจริญ | M13: =COUNTIF(D13:L13,"✓") -> 0
A14: 9 | B14: เด็กหญิงพรนัชชา | C14: เปลื้องกลาง | M14: =COUNTIF(D14:L14,"✓") -> 0
A15: 10 | B15: เด็กหญิงจันเอย | C15: ทน | M15: =COUNTIF(D15:L15,"✓") -> 0
A16: 11 | B16: เด็กชายศริตวรรธน์ | C16: การดี | M16: =COUNTIF(D16:L16,"✓") -> 0
A17: 12 | B17: เด็กหญิงมนัสนันท์ | C17: เหลืองอร่าม | M17: =COUNTIF(D17:L17,"✓") -> 0
... A20: 15 | B20: เด็กชายต้นกล้า | C20: ลิทธิศักดิ์ | M20: =COUNTIF(D20:L20,"✓") -> 0
A21: รวมจำนวนนักเรียนที่เล่นแต่ละมุม | D21: =COUNTIF(D6:D20,"✓") -> 0 | E21: =COUNTIF(E6:E20,"✓") -> 0 | F21: =COUNTIF(F6:F20,"✓") -> 0 | G21: =COUNTIF(G6:G20,"✓") -> 0 | H21: =COUNTIF(H6:H20,"✓") -> 0 | I21: =COUNTIF(I6:I20,"✓") -> 0 | J21: =COUNTIF(J6:J20,"✓") -> 0 | K21: =COUNTIF(K6:K20,"✓") -> 0 | L21: =COUNTIF(L6:L20,"✓") -> 0 | M21: =SUM(M6:M20) -> 0
A23: ลงชื่อ .................................................. ผู้บันทึก ( นางสาวชลดา กู่เฟี้ยม )

Sheet สัปดาห์ที่ 16
A1: แบบบันทึกการเล่นตามมุมประสบการณ์ของเด็กปฐมวัยรายสัปดาห์
A2: โรงเรียนเทศบาลบ้านเพ ๑ สังกัดกองการศึกษา เทศบาลตำบลบ้านเพ ชั้น อ.๑/๓
A3: สัปดาห์ที่ 16 | D3: วันที่ .............. ถึง .............. เดือน .............. พ.ศ. ..............
D4: มุมเสริมประสบการณ์ภายในห้องเรียน | J4: มุมเสริมประสบการณ์แหล่งเรียนรู้ นอกห้องเรียน | M4: สรุป มุมที่เล่น
A5: ที่ | B5: ชื่อ | C5: นามสกุล | D5: มุมบล็อก | E5: มุมนิทาน | F5: มุมแต่งตัว | G5: มุมสร้างสรรค์ | H5: มุมบทบาทสมมติ | I5: มุมสื่อ | J5: มุมทราย/น้ำ | K5: มุมธรรมชาติ | L5: มุมออกกำลังกาย | M5: จำนวน มุม
A6: 1 | B6: เด็กชายนันทิพัฒน์ | C6: ฤทธิ์นอก | M6: =COUNTIF(D6:L6,"✓") -> 0
A7: 2 | B7: เด็กหญิงปาณิสรา | C7: บางขุนทด | M7: =COUNTIF(D7:L7,"✓") -> 0
A8: 3 | B8: เด็กหญิงกรายทิพย์ | C8: พันธ์สวัสดิ์ | M8: =COUNTIF(D8:L8,"✓") -> 0
A9: 4 | B9: เด็กหญิงจารุวรรณ | C9: เหมือนประโคน | M9: =COUNTIF(D9:L9,"✓") -> 0
A10: 5 | B10: เด็กชายนิติพัฒน์ | C10: พูดเพราะ | M10: =COUNTIF(D10:L10,"✓") -> 0
A11: 6 | B11: เด็กชายธนวัฒน์ | C11: บางทุ่มแบน | M11: =COUNTIF(D11:L11,"✓") -> 0
A12: 7 | B12: เด็กชายปิยวัฒน์ | C12: กิ่งเกตุ | M12: =COUNTIF(D12:L12,"✓") -> 0
A13: 8 | B13: เด็กหญิงรัญจิดา | C13: แสนเจริญ | M13: =COUNTIF(D13:L13,"✓") -> 0
A14: 9 | B14: เด็กหญิงพรนัชชา | C14: เปลื้องกลาง | M14: =COUNTIF(D14:L14,"✓") -> 0
A15: 10 | B15: เด็กหญิงจันเอย | C15: ทน | M15: =COUNTIF(D15:L15,"✓") -> 0
A16: 11 | B16: เด็กชายศริตวรรธน์ | C16: การดี | M16: =COUNTIF(D16:L16,"✓") -> 0
A17: 12 | B17: เด็กหญิงมนัสนันท์ | C17: เหลืองอร่าม | M17: =COUNTIF(D17:L17,"✓") -> 0
... A20: 15 | B20: เด็กชายต้นกล้า | C20: ลิทธิศักดิ์ | M20: =COUNTIF(D20:L20,"✓") -> 0
A21: รวมจำนวนนักเรียนที่เล่นแต่ละมุม | D21: =COUNTIF(D6:D20,"✓") -> 0 | E21: =COUNTIF(E6:E20,"✓") -> 0 | F21: =COUNTIF(F6:F20,"✓") -> 0 | G21: =COUNTIF(G6:G20,"✓") -> 0 | H21: =COUNTIF(H6:H20,"✓") -> 0 | I21: =COUNTIF(I6:I20,"✓") -> 0 | J21: =COUNTIF(J6:J20,"✓") -> 0 | K21: =COUNTIF(K6:K20,"✓") -> 0 | L21: =COUNTIF(L6:L20,"✓") -> 0 | M21: =SUM(M6:M20) -> 0
A23: ลงชื่อ .................................................. ผู้บันทึก ( นางสาวชลดา กู่เฟี้ยม )

Sheet สัปดาห์ที่ 17
A1: แบบบันทึกการเล่นตามมุมประสบการณ์ของเด็กปฐมวัยรายสัปดาห์
A2: โรงเรียนเทศบาลบ้านเพ ๑ สังกัดกองการศึกษา เทศบาลตำบลบ้านเพ ชั้น อ.๑/๓
A3: สัปดาห์ที่ 17 | D3: วันที่ .............. ถึง .............. เดือน .............. พ.ศ. ..............
D4: มุมเสริมประสบการณ์ภายในห้องเรียน | J4: มุมเสริมประสบการณ์แหล่งเรียนรู้ นอกห้องเรียน | M4: สรุป มุมที่เล่น
A5: ที่ | B5: ชื่อ | C5: นามสกุล | D5: มุมบล็อก | E5: มุมนิทาน | F5: มุมแต่งตัว | G5: มุมสร้างสรรค์ | H5: มุมบทบาทสมมติ | I5: มุมสื่อ | J5: มุมทราย/น้ำ | K5: มุมธรรมชาติ | L5: มุมออกกำลังกาย | M5: จำนวน มุม
A6: 1 | B6: เด็กชายนันทิพัฒน์ | C6: ฤทธิ์นอก | M6: =COUNTIF(D6:L6,"✓") -> 0
A7: 2 | B7: เด็กหญิงปาณิสรา | C7: บางขุนทด | M7: =COUNTIF(D7:L7,"✓") -> 0
A8: 3 | B8: เด็กหญิงกรายทิพย์ | C8: พันธ์สวัสดิ์ | M8: =COUNTIF(D8:L8,"✓") -> 0
A9: 4 | B9: เด็กหญิงจารุวรรณ | C9: เหมือนประโคน | M9: =COUNTIF(D9:L9,"✓") -> 0
A10: 5 | B10: เด็กชายนิติพัฒน์ | C10: พูดเพราะ | M10: =COUNTIF(D10:L10,"✓") -> 0
A11: 6 | B11: เด็กชายธนวัฒน์ | C11: บางทุ่มแบน | M11: =COUNTIF(D11:L11,"✓") -> 0
A12: 7 | B12: เด็กชายปิยวัฒน์ | C12: กิ่งเกตุ | M12: =COUNTIF(D12:L12,"✓") -> 0
A13: 8 | B13: เด็กหญิงรัญจิดา | C13: แสนเจริญ | M13: =COUNTIF(D13:L13,"✓") -> 0
A14: 9 | B14: เด็กหญิงพรนัชชา | C14: เปลื้องกลาง | M14: =COUNTIF(D14:L14,"✓") -> 0
A15: 10 | B15: เด็กหญิงจันเอย | C15: ทน | M15: =COUNTIF(D15:L15,"✓") -> 0
A16: 11 | B16: เด็กชายศริตวรรธน์ | C16: การดี | M16: =COUNTIF(D16:L16,"✓") -> 0
A17: 12 | B17: เด็กหญิงมนัสนันท์ | C17: เหลืองอร่าม | M17: =COUNTIF(D17:L17,"✓") -> 0
... A20: 15 | B20: เด็กชายต้นกล้า | C20: ลิทธิศักดิ์ | M20: =COUNTIF(D20:L20,"✓") -> 0
A21: รวมจำนวนนักเรียนที่เล่นแต่ละมุม | D21: =COUNTIF(D6:D20,"✓") -> 0 | E21: =COUNTIF(E6:E20,"✓") -> 0 | F21: =COUNTIF(F6:F20,"✓") -> 0 | G21: =COUNTIF(G6:G20,"✓") -> 0 | H21: =COUNTIF(H6:H20,"✓") -> 0 | I21: =COUNTIF(I6:I20,"✓") -> 0 | J21: =COUNTIF(J6:J20,"✓") -> 0 | K21: =COUNTIF(K6:K20,"✓") -> 0 | L21: =COUNTIF(L6:L20,"✓") -> 0 | M21: =SUM(M6:M20) -> 0
A23: ลงชื่อ .................................................. ผู้บันทึก ( นางสาวชลดา กู่เฟี้ยม )

Sheet สัปดาห์ที่ 18
A1: แบบบันทึกการเล่นตามมุมประสบการณ์ของเด็กปฐมวัยรายสัปดาห์
A2: โรงเรียนเทศบาลบ้านเพ ๑ สังกัดกองการศึกษา เทศบาลตำบลบ้านเพ ชั้น อ.๑/๓
A3: สัปดาห์ที่ 18 | D3: วันที่ .............. ถึง .............. เดือน .............. พ.ศ. ..............
D4: มุมเสริมประสบการณ์ภายในห้องเรียน | J4: มุมเสริมประสบการณ์แหล่งเรียนรู้ นอกห้องเรียน | M4: สรุป มุมที่เล่น
A5: ที่ | B5: ชื่อ | C5: นามสกุล | D5: มุมบล็อก | E5: มุมนิทาน | F5: มุมแต่งตัว | G5: มุมสร้างสรรค์ | H5: มุมบทบาทสมมติ | I5: มุมสื่อ | J5: มุมทราย/น้ำ | K5: มุมธรรมชาติ | L5: มุมออกกำลังกาย | M5: จำนวน มุม
A6: 1 | B6: เด็กชายนันทิพัฒน์ | C6: ฤทธิ์นอก | M6: =COUNTIF(D6:L6,"✓") -> 0
A7: 2 | B7: เด็กหญิงปาณิสรา | C7: บางขุนทด | M7: =COUNTIF(D7:L7,"✓") -> 0
A8: 3 | B8: เด็กหญิงกรายทิพย์ | C8: พันธ์สวัสดิ์ | M8: =COUNTIF(D8:L8,"✓") -> 0
A9: 4 | B9: เด็กหญิงจารุวรรณ | C9: เหมือนประโคน | M9: =COUNTIF(D9:L9,"✓") -> 0
A10: 5 | B10: เด็กชายนิติพัฒน์ | C10: พูดเพราะ | M10: =COUNTIF(D10:L10,"✓") -> 0
A11: 6 | B11: เด็กชายธนวัฒน์ | C11: บางทุ่มแบน | M11: =COUNTIF(D11:L11,"✓") -> 0
A12: 7 | B12: เด็กชายปิยวัฒน์ | C12: กิ่งเกตุ | M12: =COUNTIF(D12:L12,"✓") -> 0
A13: 8 | B13: เด็กหญิงรัญจิดา | C13: แสนเจริญ | M13: =COUNTIF(D13:L13,"✓") -> 0
A14: 9 | B14: เด็กหญิงพรนัชชา | C14: เปลื้องกลาง | M14: =COUNTIF(D14:L14,"✓") -> 0
A15: 10 | B15: เด็กหญิงจันเอย | C15: ทน | M15: =COUNTIF(D15:L15,"✓") -> 0
A16: 11 | B16: เด็กชายศริตวรรธน์ | C16: การดี | M16: =COUNTIF(D16:L16,"✓") -> 0
A17: 12 | B17: เด็กหญิงมนัสนันท์ | C17: เหลืองอร่าม | M17: =COUNTIF(D17:L17,"✓") -> 0
... A20: 15 | B20: เด็กชายต้นกล้า | C20: ลิทธิศักดิ์ | M20: =COUNTIF(D20:L20,"✓") -> 0
A21: รวมจำนวนนักเรียนที่เล่นแต่ละมุม | D21: =COUNTIF(D6:D20,"✓") -> 0 | E21: =COUNTIF(E6:E20,"✓") -> 0 | F21: =COUNTIF(F6:F20,"✓") -> 0 | G21: =COUNTIF(G6:G20,"✓") -> 0 | H21: =COUNTIF(H6:H20,"✓") -> 0 | I21: =COUNTIF(I6:I20,"✓") -> 0 | J21: =COUNTIF(J6:J20,"✓") -> 0 | K21: =COUNTIF(K6:K20,"✓") -> 0 | L21: =COUNTIF(L6:L20,"✓") -> 0 | M21: =SUM(M6:M20) -> 0
A23: ลงชื่อ .................................................. ผู้บันทึก ( นางสาวชลดา กู่เฟี้ยม )

Sheet สัปดาห์ที่ 19
A1: แบบบันทึกการเล่นตามมุมประสบการณ์ของเด็กปฐมวัยรายสัปดาห์
A2: โรงเรียนเทศบาลบ้านเพ ๑ สังกัดกองการศึกษา เทศบาลตำบลบ้านเพ ชั้น อ.๑/๓
A3: สัปดาห์ที่ 19 | D3: วันที่ .............. ถึง .............. เดือน .............. พ.ศ. ..............
D4: มุมเสริมประสบการณ์ภายในห้องเรียน | J4: มุมเสริมประสบการณ์แหล่งเรียนรู้ นอกห้องเรียน | M4: สรุป มุมที่เล่น
A5: ที่ | B5: ชื่อ | C5: นามสกุล | D5: มุมบล็อก | E5: มุมนิทาน | F5: มุมแต่งตัว | G5: มุมสร้างสรรค์ | H5: มุมบทบาทสมมติ | I5: มุมสื่อ | J5: มุมทราย/น้ำ | K5: มุมธรรมชาติ | L5: มุมออกกำลังกาย | M5: จำนวน มุม
A6: 1 | B6: เด็กชายนันทิพัฒน์ | C6: ฤทธิ์นอก | M6: =COUNTIF(D6:L6,"✓") -> 0
A7: 2 | B7: เด็กหญิงปาณิสรา | C7: บางขุนทด | M7: =COUNTIF(D7:L7,"✓") -> 0
A8: 3 | B8: เด็กหญิงกรายทิพย์ | C8: พันธ์สวัสดิ์ | M8: =COUNTIF(D8:L8,"✓") -> 0
A9: 4 | B9: เด็กหญิงจารุวรรณ | C9: เหมือนประโคน | M9: =COUNTIF(D9:L9,"✓") -> 0
A10: 5 | B10: เด็กชายนิติพัฒน์ | C10: พูดเพราะ | M10: =COUNTIF(D10:L10,"✓") -> 0
A11: 6 | B11: เด็กชายธนวัฒน์ | C11: บางทุ่มแบน | M11: =COUNTIF(D11:L11,"✓") -> 0
A12: 7 | B12: เด็กชายปิยวัฒน์ | C12: กิ่งเกตุ | M12: =COUNTIF(D12:L12,"✓") -> 0
A13: 8 | B13: เด็กหญิงรัญจิดา | C13: แสนเจริญ | M13: =COUNTIF(D13:L13,"✓") -> 0
A14: 9 | B14: เด็กหญิงพรนัชชา | C14: เปลื้องกลาง | M14: =COUNTIF(D14:L14,"✓") -> 0
A15: 10 | B15: เด็กหญิงจันเอย | C15: ทน | M15: =COUNTIF(D15:L15,"✓") -> 0
A16: 11 | B16: เด็กชายศริตวรรธน์ | C16: การดี | M16: =COUNTIF(D16:L16,"✓") -> 0
A17: 12 | B17: เด็กหญิงมนัสนันท์ | C17: เหลืองอร่าม | M17: =COUNTIF(D17:L17,"✓") -> 0
... A20: 15 | B20: เด็กชายต้นกล้า | C20: ลิทธิศักดิ์ | M20: =COUNTIF(D20:L20,"✓") -> 0
A21: รวมจำนวนนักเรียนที่เล่นแต่ละมุม | D21: =COUNTIF(D6:D20,"✓") -> 0 | E21: =COUNTIF(E6:E20,"✓") -> 0 | F21: =COUNTIF(F6:F20,"✓") -> 0 | G21: =COUNTIF(G6:G20,"✓") -> 0 | H21: =COUNTIF(H6:H20,"✓") -> 0 | I21: =COUNTIF(I6:I20,"✓") -> 0 | J21: =COUNTIF(J6:J20,"✓") -> 0 | K21: =COUNTIF(K6:K20,"✓") -> 0 | L21: =COUNTIF(L6:L20,"✓") -> 0 | M21: =SUM(M6:M20) -> 0
A23: ลงชื่อ .................................................. ผู้บันทึก ( นางสาวชลดา กู่เฟี้ยม )

Sheet สัปดาห์ที่ 20
A1: แบบบันทึกการเล่นตามมุมประสบการณ์ของเด็กปฐมวัยรายสัปดาห์
A2: โรงเรียนเทศบาลบ้านเพ ๑ สังกัดกองการศึกษา เทศบาลตำบลบ้านเพ ชั้น อ.๑/๓
A3: สัปดาห์ที่ 20 | D3: วันที่ .............. ถึง .............. เดือน .............. พ.ศ. ..............
D4: มุมเสริมประสบการณ์ภายในห้องเรียน | J4: มุมเสริมประสบการณ์แหล่งเรียนรู้ นอกห้องเรียน | M4: สรุป มุมที่เล่น
A5: ที่ | B5: ชื่อ | C5: นามสกุล | D5: มุมบล็อก | E5: มุมนิทาน | F5: มุมแต่งตัว | G5: มุมสร้างสรรค์ | H5: มุมบทบาทสมมติ | I5: มุมสื่อ | J5: มุมทราย/น้ำ | K5: มุมธรรมชาติ | L5: มุมออกกำลังกาย | M5: จำนวน มุม
A6: 1 | B6: เด็กชายนันทิพัฒน์ | C6: ฤทธิ์นอก | M6: =COUNTIF(D6:L6,"✓") -> 0
A7: 2 | B7: เด็กหญิงปาณิสรา | C7: บางขุนทด | M7: =COUNTIF(D7:L7,"✓") -> 0
A8: 3 | B8: เด็กหญิงกรายทิพย์ | C8: พันธ์สวัสดิ์ | M8: =COUNTIF(D8:L8,"✓") -> 0
A9: 4 | B9: เด็กหญิงจารุวรรณ | C9: เหมือนประโคน | M9: =COUNTIF(D9:L9,"✓") -> 0
A10: 5 | B10: เด็กชายนิติพัฒน์ | C10: พูดเพราะ | M10: =COUNTIF(D10:L10,"✓") -> 0
A11: 6 | B11: เด็กชายธนวัฒน์ | C11: บางทุ่มแบน | M11: =COUNTIF(D11:L11,"✓") -> 0
A12: 7 | B12: เด็กชายปิยวัฒน์ | C12: กิ่งเกตุ | M12: =COUNTIF(D12:L12,"✓") -> 0
A13: 8 | B13: เด็กหญิงรัญจิดา | C13: แสนเจริญ | M13: =COUNTIF(D13:L13,"✓") -> 0
A14: 9 | B14: เด็กหญิงพรนัชชา | C14: เปลื้องกลาง | M14: =COUNTIF(D14:L14,"✓") -> 0
A15: 10 | B15: เด็กหญิงจันเอย | C15: ทน | M15: =COUNTIF(D15:L15,"✓") -> 0
A16: 11 | B16: เด็กชายศริตวรรธน์ | C16: การดี | M16: =COUNTIF(D16:L16,"✓") -> 0
A17: 12 | B17: เด็กหญิงมนัสนันท์ | C17: เหลืองอร่าม | M17: =COUNTIF(D17:L17,"✓") -> 0
... A20: 15 | B20: เด็กชายต้นกล้า | C20: ลิทธิศักดิ์ | M20: =COUNTIF(D20:L20,"✓") -> 0
A21: รวมจำนวนนักเรียนที่เล่นแต่ละมุม | D21: =COUNTIF(D6:D20,"✓") -> 0 | E21: =COUNTIF(E6:E20,"✓") -> 0 | F21: =COUNTIF(F6:F20,"✓") -> 0 | G21: =COUNTIF(G6:G20,"✓") -> 0 | H21: =COUNTIF(H6:H20,"✓") -> 0 | I21: =COUNTIF(I6:I20,"✓") -> 0 | J21: =COUNTIF(J6:J20,"✓") -> 0 | K21: =COUNTIF(K6:K20,"✓") -> 0 | L21: =COUNTIF(L6:L20,"✓") -> 0 | M21: =SUM(M6:M20) -> 0
A23: ลงชื่อ .................................................. ผู้บันทึก ( นางสาวชลดา กู่เฟี้ยม )

Sheet สรุปรายภาคเรียน
A1: สรุปผลการเล่นตามมุมประสบการณ์ รายภาคเรียน ชั้น อ.๑/๓
A2: โรงเรียนเทศบาลบ้านเพ ๑ ปีการศึกษา ๒๕๖๘
A3: ที่ | B3: ชื่อ | C3: นามสกุล | D3: รวม มุมบล็อก | E3: รวม มุมนิทาน | F3: รวม มุมแต่งตัว | G3: รวม มุมสร้างสรรค์ | H3: รวม มุมบทบาทสมมติ | I3: รวม มุมสื่อ | J3: รวม มุมทราย/น้ำ | K3: รวม มุมธรรมชาติ | L3: รวม มุมออกกำลังกาย | M3: รวมทั้งหมด
A4: 1 | B4: เด็กชายนันทิพัฒน์ | C4: ฤทธิ์นอก | D4: =SUMPRODUCT((('สัปดาห์ที่ 1'!D6="✓")*1+('สัปดาห์ที่ 2'!D6="✓")*1+('สัปดาห์ที่ 3'!D6="✓")*1+('สัปดาห์ที่ 4'!D6="✓")*1+('สัปดาห์ที่ 5'!D6="✓")*1+('สัปดาห์ที่ 6'!D6="✓")*1+('สัปดาห์ที่ 7'!D6="✓")*1+('สัปดาห์ที่ 8'!D6="✓")*1+('สัปดาห์ที่ 9'!D6="✓")*1+('สัปดาห์ที่ 10'!D6="✓")*1+('สัปดาห์ที่ 11'!D6="✓")*1+('สัปดาห์ที่ 12'!D6="✓")*1+('สัปดาห์ที่ 13'!D6="✓")*1+('สัปดาห์ที่ 14'!D6="✓")*1+('สัปดาห์ที่ 15'!D6="✓")*1+('สัปดาห์ที่ 16'!D6="✓")*1+('สัปดาห์ที่ 17'!D6="✓")*1+('สัปดาห์ที่ 18'!D6="✓")*1+('สัปดาห์ที่ 19'!D6="✓")*1+('สัปดาห์ที่ 20'!D6="✓")*1)) -> 0 | E4: =SUMPRODUCT((('สัปดาห์ที่ 1'!E6="✓")*1+('สัปดาห์ที่ 2'!E6="✓")*1+('สัปดาห์ที่ 3'!E6="✓")*1+('สัปดาห์ที่ 4'!E6="✓")*1+('สัปดาห์ที่ 5'!E6="✓")*1+('สัปดาห์ที่ 6'!E6="✓")*1+('สัปดาห์ที่ 7'!E6="✓")*1+('สัปดาห์ที่ 8'!E6="✓")*1+('สัปดาห์ที่ 9'!E6="✓")*1+('สัปดาห์ที่ 10'!E6="✓")*1+('สัปดาห์ที่ 11'!E6="✓")*1+('สัปดาห์ที่ 12'!E6="✓")*1+('สัปดาห์ที่ 13'!E6="✓")*1+('สัปดาห์ที่ 14'!E6="✓")*1+('สัปดาห์ที่ 15'!E6="✓")*1+('สัปดาห์ที่ 16'!E6="✓")*1+('สัปดาห์ที่ 17'!E6="✓")*1+('สัปดาห์ที่ 18'!E6="✓")*1+('สัปดาห์ที่ 19'!E6="✓")*1+('สัปดาห์ที่ 20'!E6="✓")*1)) -> 0 | F4: =SUMPRODUCT((('สัปดาห์ที่ 1'!F6="✓")*1+('สัปดาห์ที่ 2'!F6="✓")*1+('สัปดาห์ที่ 3'!F6="✓")*1+('สัปดาห์ที่ 4'!F6="✓")*1+('สัปดาห์ที่ 5'!F6="✓")*1+('สัปดาห์ที่ 6'!F6="✓")*1+('สัปดาห์ที่ 7'!F6="✓")*1+('สัปดาห์ที่ 8'!F6="✓")*1+('สัปดาห์ที่ 9'!F6="✓")*1+('สัปดาห์ที่ 10'!F6="✓")*1+('สัปดาห์ที่ 11'!F6="✓")*1+('สัปดาห์ที่ 12'!F6="✓")*1+('สัปดาห์ที่ 13'!F6="✓")*1+('สัปดาห์ที่ 14'!F6="✓")*1+('สัปดาห์ที่ 15'!F6="✓")*1+('สัปดาห์ที่ 16'!F6="✓")*1+('สัปดาห์ที่ 17'!F6="✓")*1+('สัปดาห์ที่ 18'!F6="✓")*1+('สัปดาห์ที่ 19'!F6="✓")*1+('สัปดาห์ที่ 20'!F6="✓")*1)) -> 0 | G4: =SUMPRODUCT((('สัปดาห์ที่ 1'!G6="✓")*1+('สัปดาห์ที่ 2'!G6="✓")*1+('สัปดาห์ที่ 3'!G6="✓")*1+('สัปดาห์ที่ 4'!G6="✓")*1+('สัปดาห์ที่ 5'!G6="✓")*1+('สัปดาห์ที่ 6'!G6="✓")*1+('สัปดาห์ที่ 7'!G6="✓")*1+('สัปดาห์ที่ 8'!G6="✓")*1+('สัปดาห์ที่ 9'!G6="✓")*1+('สัปดาห์ที่ 10'!G6="✓")*1+('สัปดาห์ที่ 11'!G6="✓")*1+('สัปดาห์ที่ 12'!G6="✓")*1+('สัปดาห์ที่ 13'!G6="✓")*1+('สัปดาห์ที่ 14'!G6="✓")*1+('สัปดาห์ที่ 15'!G6="✓")*1+('สัปดาห์ที่ 16'!G6="✓")*1+('สัปดาห์ที่ 17'!G6="✓")*1+('สัปดาห์ที่ 18'!G6="✓")*1+('สัปดาห์ที่ 19'!G6="✓")*1+('สัปดาห์ที่ 20'!G6="✓")*1)) -> 0 | H4: =SUMPRODUCT((('สัปดาห์ที่ 1'!H6="✓")*1+('สัปดาห์ที่ 2'!H6="✓")*1+('สัปดาห์ที่ 3'!H6="✓")*1+('สัปดาห์ที่ 4'!H6="✓")*1+('สัปดาห์ที่ 5'!H6="✓")*1+('สัปดาห์ที่ 6'!H6="✓")*1+('สัปดาห์ที่ 7'!H6="✓")*1+('สัปดาห์ที่ 8'!H6="✓")*1+('สัปดาห์ที่ 9'!H6="✓")*1+('สัปดาห์ที่ 10'!H6="✓")*1+('สัปดาห์ที่ 11'!H6="✓")*1+('สัปดาห์ที่ 12'!H6="✓")*1+('สัปดาห์ที่ 13'!H6="✓")*1+('สัปดาห์ที่ 14'!H6="✓")*1+('สัปดาห์ที่ 15'!H6="✓")*1+('สัปดาห์ที่ 16'!H6="✓")*1+('สัปดาห์ที่ 17'!H6="✓")*1+('สัปดาห์ที่ 18'!H6="✓")*1+('สัปดาห์ที่ 19'!H6="✓")*1+('สัปดาห์ที่ 20'!H6="✓")*1)) -> 0 | I4: =SUMPRODUCT((('สัปดาห์ที่ 1'!I6="✓")*1+('สัปดาห์ที่ 2'!I6="✓")*1+('สัปดาห์ที่ 3'!I6="✓")*1+('สัปดาห์ที่ 4'!I6="✓")*1+('สัปดาห์ที่ 5'!I6="✓")*1+('สัปดาห์ที่ 6'!I6="✓")*1+('สัปดาห์ที่ 7'!I6="✓")*1+('สัปดาห์ที่ 8'!I6="✓")*1+('สัปดาห์ที่ 9'!I6="✓")*1+('สัปดาห์ที่ 10'!I6="✓")*1+('สัปดาห์ที่ 11'!I6="✓")*1+('สัปดาห์ที่ 12'!I6="✓")*1+('สัปดาห์ที่ 13'!I6="✓")*1+('สัปดาห์ที่ 14'!I6="✓")*1+('สัปดาห์ที่ 15'!I6="✓")*1+('สัปดาห์ที่ 16'!I6="✓")*1+('สัปดาห์ที่ 17'!I6="✓")*1+('สัปดาห์ที่ 18'!I6="✓")*1+('สัปดาห์ที่ 19'!I6="✓")*1+('สัปดาห์ที่ 20'!I6="✓")*1)) -> 0 | J4: =SUMPRODUCT((('สัปดาห์ที่ 1'!J6="✓")*1+('สัปดาห์ที่ 2'!J6="✓")*1+('สัปดาห์ที่ 3'!J6="✓")*1+('สัปดาห์ที่ 4'!J6="✓")*1+('สัปดาห์ที่ 5'!J6="✓")*1+('สัปดาห์ที่ 6'!J6="✓")*1+('สัปดาห์ที่ 7'!J6="✓")*1+('สัปดาห์ที่ 8'!J6="✓")*1+('สัปดาห์ที่ 9'!J6="✓")*1+('สัปดาห์ที่ 10'!J6="✓")*1+('สัปดาห์ที่ 11'!J6="✓")*1+('สัปดาห์ที่ 12'!J6="✓")*1+('สัปดาห์ที่ 13'!J6="✓")*1+('สัปดาห์ที่ 14'!J6="✓")*1+('สัปดาห์ที่ 15'!J6="✓")*1+('สัปดาห์ที่ 16'!J6="✓")*1+('สัปดาห์ที่ 17'!J6="✓")*1+('สัปดาห์ที่ 18'!J6="✓")*1+('สัปดาห์ที่ 19'!J6="✓")*1+('สัปดาห์ที่ 20'!J6="✓")*1)) -> 0 | K4: =SUMPRODUCT((('สัปดาห์ที่ 1'!K6="✓")*1+('สัปดาห์ที่ 2'!K6="✓")*1+('สัปดาห์ที่ 3'!K6="✓")*1+('สัปดาห์ที่ 4'!K6="✓")*1+('สัปดาห์ที่ 5'!K6="✓")*1+('สัปดาห์ที่ 6'!K6="✓")*1+('สัปดาห์ที่ 7'!K6="✓")*1+('สัปดาห์ที่ 8'!K6="✓")*1+('สัปดาห์ที่ 9'!K6="✓")*1+('สัปดาห์ที่ 10'!K6="✓")*1+('สัปดาห์ที่ 11'!K6="✓")*1+('สัปดาห์ที่ 12'!K6="✓")*1+('สัปดาห์ที่ 13'!K6="✓")*1+('สัปดาห์ที่ 14'!K6="✓")*1+('สัปดาห์ที่ 15'!K6="✓")*1+('สัปดาห์ที่ 16'!K6="✓")*1+('สัปดาห์ที่ 17'!K6="✓")*1+('สัปดาห์ที่ 18'!K6="✓")*1+('สัปดาห์ที่ 19'!K6="✓")*1+('สัปดาห์ที่ 20'!K6="✓")*1)) -> 0 | L4: =SUMPRODUCT((('สัปดาห์ที่ 1'!L6="✓")*1+('สัปดาห์ที่ 2'!L6="✓")*1+('สัปดาห์ที่ 3'!L6="✓")*1+('สัปดาห์ที่ 4'!L6="✓")*1+('สัปดาห์ที่ 5'!L6="✓")*1+('สัปดาห์ที่ 6'!L6="✓")*1+('สัปดาห์ที่ 7'!L6="✓")*1+('สัปดาห์ที่ 8'!L6="✓")*1+('สัปดาห์ที่ 9'!L6="✓")*1+('สัปดาห์ที่ 10'!L6="✓")*1+('สัปดาห์ที่ 11'!L6="✓")*1+('สัปดาห์ที่ 12'!L6="✓")*1+('สัปดาห์ที่ 13'!L6="✓")*1+('สัปดาห์ที่ 14'!L6="✓")*1+('สัปดาห์ที่ 15'!L6="✓")*1+('สัปดาห์ที่ 16'!L6="✓")*1+('สัปดาห์ที่ 17'!L6="✓")*1+('สัปดาห์ที่ 18'!L6="✓")*1+('สัปดาห์ที่ 19'!L6="✓")*1+('สัปดาห์ที่ 20'!L6="✓")*1)) -> 0 | M4: =SUM(D4:L4) -> 0
A5: 2 | B5: เด็กหญิงปาณิสรา | C5: บางขุนทด | D5: =SUMPRODUCT((('สัปดาห์ที่ 1'!D7="✓")*1+('สัปดาห์ที่ 2'!D7="✓")*1+('สัปดาห์ที่ 3'!D7="✓")*1+('สัปดาห์ที่ 4'!D7="✓")*1+('สัปดาห์ที่ 5'!D7="✓")*1+('สัปดาห์ที่ 6'!D7="✓")*1+('สัปดาห์ที่ 7'!D7="✓")*1+('สัปดาห์ที่ 8'!D7="✓")*1+('สัปดาห์ที่ 9'!D7="✓")*1+('สัปดาห์ที่ 10'!D7="✓")*1+('สัปดาห์ที่ 11'!D7="✓")*1+('สัปดาห์ที่ 12'!D7="✓")*1+('สัปดาห์ที่ 13'!D7="✓")*1+('สัปดาห์ที่ 14'!D7="✓")*1+('สัปดาห์ที่ 15'!D7="✓")*1+('สัปดาห์ที่ 16'!D7="✓")*1+('สัปดาห์ที่ 17'!D7="✓")*1+('สัปดาห์ที่ 18'!D7="✓")*1+('สัปดาห์ที่ 19'!D7="✓")*1+('สัปดาห์ที่ 20'!D7="✓")*1)) -> 0 | E5: =SUMPRODUCT((('สัปดาห์ที่ 1'!E7="✓")*1+('สัปดาห์ที่ 2'!E7="✓")*1+('สัปดาห์ที่ 3'!E7="✓")*1+('สัปดาห์ที่ 4'!E7="✓")*1+('สัปดาห์ที่ 5'!E7="✓")*1+('สัปดาห์ที่ 6'!E7="✓")*1+('สัปดาห์ที่ 7'!E7="✓")*1+('สัปดาห์ที่ 8'!E7="✓")*1+('สัปดาห์ที่ 9'!E7="✓")*1+('สัปดาห์ที่ 10'!E7="✓")*1+('สัปดาห์ที่ 11'!E7="✓")*1+('สัปดาห์ที่ 12'!E7="✓")*1+('สัปดาห์ที่ 13'!E7="✓")*1+('สัปดาห์ที่ 14'!E7="✓")*1+('สัปดาห์ที่ 15'!E7="✓")*1+('สัปดาห์ที่ 16'!E7="✓")*1+('สัปดาห์ที่ 17'!E7="✓")*1+('สัปดาห์ที่ 18'!E7="✓")*1+('สัปดาห์ที่ 19'!E7="✓")*1+('สัปดาห์ที่ 20'!E7="✓")*1)) -> 0 | F5: =SUMPRODUCT((('สัปดาห์ที่ 1'!F7="✓")*1+('สัปดาห์ที่ 2'!F7="✓")*1+('สัปดาห์ที่ 3'!F7="✓")*1+('สัปดาห์ที่ 4'!F7="✓")*1+('สัปดาห์ที่ 5'!F7="✓")*1+('สัปดาห์ที่ 6'!F7="✓")*1+('สัปดาห์ที่ 7'!F7="✓")*1+('สัปดาห์ที่ 8'!F7="✓")*1+('สัปดาห์ที่ 9'!F7="✓")*1+('สัปดาห์ที่ 10'!F7="✓")*1+('สัปดาห์ที่ 11'!F7="✓")*1+('สัปดาห์ที่ 12'!F7="✓")*1+('สัปดาห์ที่ 13'!F7="✓")*1+('สัปดาห์ที่ 14'!F7="✓")*1+('สัปดาห์ที่ 15'!F7="✓")*1+('สัปดาห์ที่ 16'!F7="✓")*1+('สัปดาห์ที่ 17'!F7="✓")*1+('สัปดาห์ที่ 18'!F7="✓")*1+('สัปดาห์ที่ 19'!F7="✓")*1+('สัปดาห์ที่ 20'!F7="✓")*1)) -> 0 | G5: =SUMPRODUCT((('สัปดาห์ที่ 1'!G7="✓")*1+('สัปดาห์ที่ 2'!G7="✓")*1+('สัปดาห์ที่ 3'!G7="✓")*1+('สัปดาห์ที่ 4'!G7="✓")*1+('สัปดาห์ที่ 5'!G7="✓")*1+('สัปดาห์ที่ 6'!G7="✓")*1+('สัปดาห์ที่ 7'!G7="✓")*1+('สัปดาห์ที่ 8'!G7="✓")*1+('สัปดาห์ที่ 9'!G7="✓")*1+('สัปดาห์ที่ 10'!G7="✓")*1+('สัปดาห์ที่ 11'!G7="✓")*1+('สัปดาห์ที่ 12'!G7="✓")*1+('สัปดาห์ที่ 13'!G7="✓")*1+('สัปดาห์ที่ 14'!G7="✓")*1+('สัปดาห์ที่ 15'!G7="✓")*1+('สัปดาห์ที่ 16'!G7="✓")*1+('สัปดาห์ที่ 17'!G7="✓")*1+('สัปดาห์ที่ 18'!G7="✓")*1+('สัปดาห์ที่ 19'!G7="✓")*1+('สัปดาห์ที่ 20'!G7="✓")*1)) -> 0 | H5: =SUMPRODUCT((('สัปดาห์ที่ 1'!H7="✓")*1+('สัปดาห์ที่ 2'!H7="✓")*1+('สัปดาห์ที่ 3'!H7="✓")*1+('สัปดาห์ที่ 4'!H7="✓")*1+('สัปดาห์ที่ 5'!H7="✓")*1+('สัปดาห์ที่ 6'!H7="✓")*1+('สัปดาห์ที่ 7'!H7="✓")*1+('สัปดาห์ที่ 8'!H7="✓")*1+('สัปดาห์ที่ 9'!H7="✓")*1+('สัปดาห์ที่ 10'!H7="✓")*1+('สัปดาห์ที่ 11'!H7="✓")*1+('สัปดาห์ที่ 12'!H7="✓")*1+('สัปดาห์ที่ 13'!H7="✓")*1+('สัปดาห์ที่ 14'!H7="✓")*1+('สัปดาห์ที่ 15'!H7="✓")*1+('สัปดาห์ที่ 16'!H7="✓")*1+('สัปดาห์ที่ 17'!H7="✓")*1+('สัปดาห์ที่ 18'!H7="✓")*1+('สัปดาห์ที่ 19'!H7="✓")*1+('สัปดาห์ที่ 20'!H7="✓")*1)) -> 0 | I5: =SUMPRODUCT((('สัปดาห์ที่ 1'!I7="✓")*1+('สัปดาห์ที่ 2'!I7="✓")*1+('สัปดาห์ที่ 3'!I7="✓")*1+('สัปดาห์ที่ 4'!I7="✓")*1+('สัปดาห์ที่ 5'!I7="✓")*1+('สัปดาห์ที่ 6'!I7="✓")*1+('สัปดาห์ที่ 7'!I7="✓")*1+('สัปดาห์ที่ 8'!I7="✓")*1+('สัปดาห์ที่ 9'!I7="✓")*1+('สัปดาห์ที่ 10'!I7="✓")*1+('สัปดาห์ที่ 11'!I7="✓")*1+('สัปดาห์ที่ 12'!I7="✓")*1+('สัปดาห์ที่ 13'!I7="✓")*1+('สัปดาห์ที่ 14'!I7="✓")*1+('สัปดาห์ที่ 15'!I7="✓")*1+('สัปดาห์ที่ 16'!I7="✓")*1+('สัปดาห์ที่ 17'!I7="✓")*1+('สัปดาห์ที่ 18'!I7="✓")*1+('สัปดาห์ที่ 19'!I7="✓")*1+('สัปดาห์ที่ 20'!I7="✓")*1)) -> 0 | J5: =SUMPRODUCT((('สัปดาห์ที่ 1'!J7="✓")*1+('สัปดาห์ที่ 2'!J7="✓")*1+('สัปดาห์ที่ 3'!J7="✓")*1+('สัปดาห์ที่ 4'!J7="✓")*1+('สัปดาห์ที่ 5'!J7="✓")*1+('สัปดาห์ที่ 6'!J7="✓")*1+('สัปดาห์ที่ 7'!J7="✓")*1+('สัปดาห์ที่ 8'!J7="✓")*1+('สัปดาห์ที่ 9'!J7="✓")*1+('สัปดาห์ที่ 10'!J7="✓")*1+('สัปดาห์ที่ 11'!J7="✓")*1+('สัปดาห์ที่ 12'!J7="✓")*1+('สัปดาห์ที่ 13'!J7="✓")*1+('สัปดาห์ที่ 14'!J7="✓")*1+('สัปดาห์ที่ 15'!J7="✓")*1+('สัปดาห์ที่ 16'!J7="✓")*1+('สัปดาห์ที่ 17'!J7="✓")*1+('สัปดาห์ที่ 18'!J7="✓")*1+('สัปดาห์ที่ 19'!J7="✓")*1+('สัปดาห์ที่ 20'!J7="✓")*1)) -> 0 | K5: =SUMPRODUCT((('สัปดาห์ที่ 1'!K7="✓")*1+('สัปดาห์ที่ 2'!K7="✓")*1+('สัปดาห์ที่ 3'!K7="✓")*1+('สัปดาห์ที่ 4'!K7="✓")*1+('สัปดาห์ที่ 5'!K7="✓")*1+('สัปดาห์ที่ 6'!K7="✓")*1+('สัปดาห์ที่ 7'!K7="✓")*1+('สัปดาห์ที่ 8'!K7="✓")*1+('สัปดาห์ที่ 9'!K7="✓")*1+('สัปดาห์ที่ 10'!K7="✓")*1+('สัปดาห์ที่ 11'!K7="✓")*1+('สัปดาห์ที่ 12'!K7="✓")*1+('สัปดาห์ที่ 13'!K7="✓")*1+('สัปดาห์ที่ 14'!K7="✓")*1+('สัปดาห์ที่ 15'!K7="✓")*1+('สัปดาห์ที่ 16'!K7="✓")*1+('สัปดาห์ที่ 17'!K7="✓")*1+('สัปดาห์ที่ 18'!K7="✓")*1+('สัปดาห์ที่ 19'!K7="✓")*1+('สัปดาห์ที่ 20'!K7="✓")*1)) -> 0 | L5: =SUMPRODUCT((('สัปดาห์ที่ 1'!L7="✓")*1+('สัปดาห์ที่ 2'!L7="✓")*1+('สัปดาห์ที่ 3'!L7="✓")*1+('สัปดาห์ที่ 4'!L7="✓")*1+('สัปดาห์ที่ 5'!L7="✓")*1+('สัปดาห์ที่ 6'!L7="✓")*1+('สัปดาห์ที่ 7'!L7="✓")*1+('สัปดาห์ที่ 8'!L7="✓")*1+('สัปดาห์ที่ 9'!L7="✓")*1+('สัปดาห์ที่ 10'!L7="✓")*1+('สัปดาห์ที่ 11'!L7="✓")*1+('สัปดาห์ที่ 12'!L7="✓")*1+('สัปดาห์ที่ 13'!L7="✓")*1+('สัปดาห์ที่ 14'!L7="✓")*1+('สัปดาห์ที่ 15'!L7="✓")*1+('สัปดาห์ที่ 16'!L7="✓")*1+('สัปดาห์ที่ 17'!L7="✓")*1+('สัปดาห์ที่ 18'!L7="✓")*1+('สัปดาห์ที่ 19'!L7="✓")*1+('สัปดาห์ที่ 20'!L7="✓")*1)) -> 0 | M5: =SUM(D5:L5) -> 0
A6: 3 | B6: เด็กหญิงกรายทิพย์ | C6: พันธ์สวัสดิ์ | D6: =SUMPRODUCT((('สัปดาห์ที่ 1'!D8="✓")*1+('สัปดาห์ที่ 2'!D8="✓")*1+('สัปดาห์ที่ 3'!D8="✓")*1+('สัปดาห์ที่ 4'!D8="✓")*1+('สัปดาห์ที่ 5'!D8="✓")*1+('สัปดาห์ที่ 6'!D8="✓")*1+('สัปดาห์ที่ 7'!D8="✓")*1+('สัปดาห์ที่ 8'!D8="✓")*1+('สัปดาห์ที่ 9'!D8="✓")*1+('สัปดาห์ที่ 10'!D8="✓")*1+('สัปดาห์ที่ 11'!D8="✓")*1+('สัปดาห์ที่ 12'!D8="✓")*1+('สัปดาห์ที่ 13'!D8="✓")*1+('สัปดาห์ที่ 14'!D8="✓")*1+('สัปดาห์ที่ 15'!D8="✓")*1+('สัปดาห์ที่ 16'!D8="✓")*1+('สัปดาห์ที่ 17'!D8="✓")*1+('สัปดาห์ที่ 18'!D8="✓")*1+('สัปดาห์ที่ 19'!D8="✓")*1+('สัปดาห์ที่ 20'!D8="✓")*1)) -> 0 | E6: =SUMPRODUCT((('สัปดาห์ที่ 1'!E8="✓")*1+('สัปดาห์ที่ 2'!E8="✓")*1+('สัปดาห์ที่ 3'!E8="✓")*1+('สัปดาห์ที่ 4'!E8="✓")*1+('สัปดาห์ที่ 5'!E8="✓")*1+('สัปดาห์ที่ 6'!E8="✓")*1+('สัปดาห์ที่ 7'!E8="✓")*1+('สัปดาห์ที่ 8'!E8="✓")*1+('สัปดาห์ที่ 9'!E8="✓")*1+('สัปดาห์ที่ 10'!E8="✓")*1+('สัปดาห์ที่ 11'!E8="✓")*1+('สัปดาห์ที่ 12'!E8="✓")*1+('สัปดาห์ที่ 13'!E8="✓")*1+('สัปดาห์ที่ 14'!E8="✓")*1+('สัปดาห์ที่ 15'!E8="✓")*1+('สัปดาห์ที่ 16'!E8="✓")*1+('สัปดาห์ที่ 17'!E8="✓")*1+('สัปดาห์ที่ 18'!E8="✓")*1+('สัปดาห์ที่ 19'!E8="✓")*1+('สัปดาห์ที่ 20'!E8="✓")*1)) -> 0 | F6: =SUMPRODUCT((('สัปดาห์ที่ 1'!F8="✓")*1+('สัปดาห์ที่ 2'!F8="✓")*1+('สัปดาห์ที่ 3'!F8="✓")*1+('สัปดาห์ที่ 4'!F8="✓")*1+('สัปดาห์ที่ 5'!F8="✓")*1+('สัปดาห์ที่ 6'!F8="✓")*1+('สัปดาห์ที่ 7'!F8="✓")*1+('สัปดาห์ที่ 8'!F8="✓")*1+('สัปดาห์ที่ 9'!F8="✓")*1+('สัปดาห์ที่ 10'!F8="✓")*1+('สัปดาห์ที่ 11'!F8="✓")*1+('สัปดาห์ที่ 12'!F8="✓")*1+('สัปดาห์ที่ 13'!F8="✓")*1+('สัปดาห์ที่ 14'!F8="✓")*1+('สัปดาห์ที่ 15'!F8="✓")*1+('สัปดาห์ที่ 16'!F8="✓")*1+('สัปดาห์ที่ 17'!F8="✓")*1+('สัปดาห์ที่ 18'!F8="✓")*1+('สัปดาห์ที่ 19'!F8="✓")*1+('สัปดาห์ที่ 20'!F8="✓")*1)) -> 0 | G6: =SUMPRODUCT((('สัปดาห์ที่ 1'!G8="✓")*1+('สัปดาห์ที่ 2'!G8="✓")*1+('สัปดาห์ที่ 3'!G8="✓")*1+('สัปดาห์ที่ 4'!G8="✓")*1+('สัปดาห์ที่ 5'!G8="✓")*1+('สัปดาห์ที่ 6'!G8="✓")*1+('สัปดาห์ที่ 7'!G8="✓")*1+('สัปดาห์ที่ 8'!G8="✓")*1+('สัปดาห์ที่ 9'!G8="✓")*1+('สัปดาห์ที่ 10'!G8="✓")*1+('สัปดาห์ที่ 11'!G8="✓")*1+('สัปดาห์ที่ 12'!G8="✓")*1+('สัปดาห์ที่ 13'!G8="✓")*1+('สัปดาห์ที่ 14'!G8="✓")*1+('สัปดาห์ที่ 15'!G8="✓")*1+('สัปดาห์ที่ 16'!G8="✓")*1+('สัปดาห์ที่ 17'!G8="✓")*1+('สัปดาห์ที่ 18'!G8="✓")*1+('สัปดาห์ที่ 19'!G8="✓")*1+('สัปดาห์ที่ 20'!G8="✓")*1)) -> 0 | H6: =SUMPRODUCT((('สัปดาห์ที่ 1'!H8="✓")*1+('สัปดาห์ที่ 2'!H8="✓")*1+('สัปดาห์ที่ 3'!H8="✓")*1+('สัปดาห์ที่ 4'!H8="✓")*1+('สัปดาห์ที่ 5'!H8="✓")*1+('สัปดาห์ที่ 6'!H8="✓")*1+('สัปดาห์ที่ 7'!H8="✓")*1+('สัปดาห์ที่ 8'!H8="✓")*1+('สัปดาห์ที่ 9'!H8="✓")*1+('สัปดาห์ที่ 10'!H8="✓")*1+('สัปดาห์ที่ 11'!H8="✓")*1+('สัปดาห์ที่ 12'!H8="✓")*1+('สัปดาห์ที่ 13'!H8="✓")*1+('สัปดาห์ที่ 14'!H8="✓")*1+('สัปดาห์ที่ 15'!H8="✓")*1+('สัปดาห์ที่ 16'!H8="✓")*1+('สัปดาห์ที่ 17'!H8="✓")*1+('สัปดาห์ที่ 18'!H8="✓")*1+('สัปดาห์ที่ 19'!H8="✓")*1+('สัปดาห์ที่ 20'!H8="✓")*1)) -> 0 | I6: =SUMPRODUCT((('สัปดาห์ที่ 1'!I8="✓")*1+('สัปดาห์ที่ 2'!I8="✓")*1+('สัปดาห์ที่ 3'!I8="✓")*1+('สัปดาห์ที่ 4'!I8="✓")*1+('สัปดาห์ที่ 5'!I8="✓")*1+('สัปดาห์ที่ 6'!I8="✓")*1+('สัปดาห์ที่ 7'!I8="✓")*1+('สัปดาห์ที่ 8'!I8="✓")*1+('สัปดาห์ที่ 9'!I8="✓")*1+('สัปดาห์ที่ 10'!I8="✓")*1+('สัปดาห์ที่ 11'!I8="✓")*1+('สัปดาห์ที่ 12'!I8="✓")*1+('สัปดาห์ที่ 13'!I8="✓")*1+('สัปดาห์ที่ 14'!I8="✓")*1+('สัปดาห์ที่ 15'!I8="✓")*1+('สัปดาห์ที่ 16'!I8="✓")*1+('สัปดาห์ที่ 17'!I8="✓")*1+('สัปดาห์ที่ 18'!I8="✓")*1+('สัปดาห์ที่ 19'!I8="✓")*1+('สัปดาห์ที่ 20'!I8="✓")*1)) -> 0 | J6: =SUMPRODUCT((('สัปดาห์ที่ 1'!J8="✓")*1+('สัปดาห์ที่ 2'!J8="✓")*1+('สัปดาห์ที่ 3'!J8="✓")*1+('สัปดาห์ที่ 4'!J8="✓")*1+('สัปดาห์ที่ 5'!J8="✓")*1+('สัปดาห์ที่ 6'!J8="✓")*1+('สัปดาห์ที่ 7'!J8="✓")*1+('สัปดาห์ที่ 8'!J8="✓")*1+('สัปดาห์ที่ 9'!J8="✓")*1+('สัปดาห์ที่ 10'!J8="✓")*1+('สัปดาห์ที่ 11'!J8="✓")*1+('สัปดาห์ที่ 12'!J8="✓")*1+('สัปดาห์ที่ 13'!J8="✓")*1+('สัปดาห์ที่ 14'!J8="✓")*1+('สัปดาห์ที่ 15'!J8="✓")*1+('สัปดาห์ที่ 16'!J8="✓")*1+('สัปดาห์ที่ 17'!J8="✓")*1+('สัปดาห์ที่ 18'!J8="✓")*1+('สัปดาห์ที่ 19'!J8="✓")*1+('สัปดาห์ที่ 20'!J8="✓")*1)) -> 0 | K6: =SUMPRODUCT((('สัปดาห์ที่ 1'!K8="✓")*1+('สัปดาห์ที่ 2'!K8="✓")*1+('สัปดาห์ที่ 3'!K8="✓")*1+('สัปดาห์ที่ 4'!K8="✓")*1+('สัปดาห์ที่ 5'!K8="✓")*1+('สัปดาห์ที่ 6'!K8="✓")*1+('สัปดาห์ที่ 7'!K8="✓")*1+('สัปดาห์ที่ 8'!K8="✓")*1+('สัปดาห์ที่ 9'!K8="✓")*1+('สัปดาห์ที่ 10'!K8="✓")*1+('สัปดาห์ที่ 11'!K8="✓")*1+('สัปดาห์ที่ 12'!K8="✓")*1+('สัปดาห์ที่ 13'!K8="✓")*1+('สัปดาห์ที่ 14'!K8="✓")*1+('สัปดาห์ที่ 15'!K8="✓")*1+('สัปดาห์ที่ 16'!K8="✓")*1+('สัปดาห์ที่ 17'!K8="✓")*1+('สัปดาห์ที่ 18'!K8="✓")*1+('สัปดาห์ที่ 19'!K8="✓")*1+('สัปดาห์ที่ 20'!K8="✓")*1)) -> 0 | L6: =SUMPRODUCT((('สัปดาห์ที่ 1'!L8="✓")*1+('สัปดาห์ที่ 2'!L8="✓")*1+('สัปดาห์ที่ 3'!L8="✓")*1+('สัปดาห์ที่ 4'!L8="✓")*1+('สัปดาห์ที่ 5'!L8="✓")*1+('สัปดาห์ที่ 6'!L8="✓")*1+('สัปดาห์ที่ 7'!L8="✓")*1+('สัปดาห์ที่ 8'!L8="✓")*1+('สัปดาห์ที่ 9'!L8="✓")*1+('สัปดาห์ที่ 10'!L8="✓")*1+('สัปดาห์ที่ 11'!L8="✓")*1+('สัปดาห์ที่ 12'!L8="✓")*1+('สัปดาห์ที่ 13'!L8="✓")*1+('สัปดาห์ที่ 14'!L8="✓")*1+('สัปดาห์ที่ 15'!L8="✓")*1+('สัปดาห์ที่ 16'!L8="✓")*1+('สัปดาห์ที่ 17'!L8="✓")*1+('สัปดาห์ที่ 18'!L8="✓")*1+('สัปดาห์ที่ 19'!L8="✓")*1+('สัปดาห์ที่ 20'!L8="✓")*1)) -> 0 | M6: =SUM(D6:L6) -> 0
A7: 4 | B7: เด็กหญิงจารุวรรณ | C7: เหมือนประโคน | D7: =SUMPRODUCT((('สัปดาห์ที่ 1'!D9="✓")*1+('สัปดาห์ที่ 2'!D9="✓")*1+('สัปดาห์ที่ 3'!D9="✓")*1+('สัปดาห์ที่ 4'!D9="✓")*1+('สัปดาห์ที่ 5'!D9="✓")*1+('สัปดาห์ที่ 6'!D9="✓")*1+('สัปดาห์ที่ 7'!D9="✓")*1+('สัปดาห์ที่ 8'!D9="✓")*1+('สัปดาห์ที่ 9'!D9="✓")*1+('สัปดาห์ที่ 10'!D9="✓")*1+('สัปดาห์ที่ 11'!D9="✓")*1+('สัปดาห์ที่ 12'!D9="✓")*1+('สัปดาห์ที่ 13'!D9="✓")*1+('สัปดาห์ที่ 14'!D9="✓")*1+('สัปดาห์ที่ 15'!D9="✓")*1+('สัปดาห์ที่ 16'!D9="✓")*1+('สัปดาห์ที่ 17'!D9="✓")*1+('สัปดาห์ที่ 18'!D9="✓")*1+('สัปดาห์ที่ 19'!D9="✓")*1+('สัปดาห์ที่ 20'!D9="✓")*1)) -> 0 | E7: =SUMPRODUCT((('สัปดาห์ที่ 1'!E9="✓")*1+('สัปดาห์ที่ 2'!E9="✓")*1+('สัปดาห์ที่ 3'!E9="✓")*1+('สัปดาห์ที่ 4'!E9="✓")*1+('สัปดาห์ที่ 5'!E9="✓")*1+('สัปดาห์ที่ 6'!E9="✓")*1+('สัปดาห์ที่ 7'!E9="✓")*1+('สัปดาห์ที่ 8'!E9="✓")*1+('สัปดาห์ที่ 9'!E9="✓")*1+('สัปดาห์ที่ 10'!E9="✓")*1+('สัปดาห์ที่ 11'!E9="✓")*1+('สัปดาห์ที่ 12'!E9="✓")*1+('สัปดาห์ที่ 13'!E9="✓")*1+('สัปดาห์ที่ 14'!E9="✓")*1+('สัปดาห์ที่ 15'!E9="✓")*1+('สัปดาห์ที่ 16'!E9="✓")*1+('สัปดาห์ที่ 17'!E9="✓")*1+('สัปดาห์ที่ 18'!E9="✓")*1+('สัปดาห์ที่ 19'!E9="✓")*1+('สัปดาห์ที่ 20'!E9="✓")*1)) -> 0 | F7: =SUMPRODUCT((('สัปดาห์ที่ 1'!F9="✓")*1+('สัปดาห์ที่ 2'!F9="✓")*1+('สัปดาห์ที่ 3'!F9="✓")*1+('สัปดาห์ที่ 4'!F9="✓")*1+('สัปดาห์ที่ 5'!F9="✓")*1+('สัปดาห์ที่ 6'!F9="✓")*1+('สัปดาห์ที่ 7'!F9="✓")*1+('สัปดาห์ที่ 8'!F9="✓")*1+('สัปดาห์ที่ 9'!F9="✓")*1+('สัปดาห์ที่ 10'!F9="✓")*1+('สัปดาห์ที่ 11'!F9="✓")*1+('สัปดาห์ที่ 12'!F9="✓")*1+('สัปดาห์ที่ 13'!F9="✓")*1+('สัปดาห์ที่ 14'!F9="✓")*1+('สัปดาห์ที่ 15'!F9="✓")*1+('สัปดาห์ที่ 16'!F9="✓")*1+('สัปดาห์ที่ 17'!F9="✓")*1+('สัปดาห์ที่ 18'!F9="✓")*1+('สัปดาห์ที่ 19'!F9="✓")*1+('สัปดาห์ที่ 20'!F9="✓")*1)) -> 0 | G7: =SUMPRODUCT((('สัปดาห์ที่ 1'!G9="✓")*1+('สัปดาห์ที่ 2'!G9="✓")*1+('สัปดาห์ที่ 3'!G9="✓")*1+('สัปดาห์ที่ 4'!G9="✓")*1+('สัปดาห์ที่ 5'!G9="✓")*1+('สัปดาห์ที่ 6'!G9="✓")*1+('สัปดาห์ที่ 7'!G9="✓")*1+('สัปดาห์ที่ 8'!G9="✓")*1+('สัปดาห์ที่ 9'!G9="✓")*1+('สัปดาห์ที่ 10'!G9="✓")*1+('สัปดาห์ที่ 11'!G9="✓")*1+('สัปดาห์ที่ 12'!G9="✓")*1+('สัปดาห์ที่ 13'!G9="✓")*1+('สัปดาห์ที่ 14'!G9="✓")*1+('สัปดาห์ที่ 15'!G9="✓")*1+('สัปดาห์ที่ 16'!G9="✓")*1+('สัปดาห์ที่ 17'!G9="✓")*1+('สัปดาห์ที่ 18'!G9="✓")*1+('สัปดาห์ที่ 19'!G9="✓")*1+('สัปดาห์ที่ 20'!G9="✓")*1)) -> 0 | H7: =SUMPRODUCT((('สัปดาห์ที่ 1'!H9="✓")*1+('สัปดาห์ที่ 2'!H9="✓")*1+('สัปดาห์ที่ 3'!H9="✓")*1+('สัปดาห์ที่ 4'!H9="✓")*1+('สัปดาห์ที่ 5'!H9="✓")*1+('สัปดาห์ที่ 6'!H9="✓")*1+('สัปดาห์ที่ 7'!H9="✓")*1+('สัปดาห์ที่ 8'!H9="✓")*1+('สัปดาห์ที่ 9'!H9="✓")*1+('สัปดาห์ที่ 10'!H9="✓")*1+('สัปดาห์ที่ 11'!H9="✓")*1+('สัปดาห์ที่ 12'!H9="✓")*1+('สัปดาห์ที่ 13'!H9="✓")*1+('สัปดาห์ที่ 14'!H9="✓")*1+('สัปดาห์ที่ 15'!H9="✓")*1+('สัปดาห์ที่ 16'!H9="✓")*1+('สัปดาห์ที่ 17'!H9="✓")*1+('สัปดาห์ที่ 18'!H9="✓")*1+('สัปดาห์ที่ 19'!H9="✓")*1+('สัปดาห์ที่ 20'!H9="✓")*1)) -> 0 | I7: =SUMPRODUCT((('สัปดาห์ที่ 1'!I9="✓")*1+('สัปดาห์ที่ 2'!I9="✓")*1+('สัปดาห์ที่ 3'!I9="✓")*1+('สัปดาห์ที่ 4'!I9="✓")*1+('สัปดาห์ที่ 5'!I9="✓")*1+('สัปดาห์ที่ 6'!I9="✓")*1+('สัปดาห์ที่ 7'!I9="✓")*1+('สัปดาห์ที่ 8'!I9="✓")*1+('สัปดาห์ที่ 9'!I9="✓")*1+('สัปดาห์ที่ 10'!I9="✓")*1+('สัปดาห์ที่ 11'!I9="✓")*1+('สัปดาห์ที่ 12'!I9="✓")*1+('สัปดาห์ที่ 13'!I9="✓")*1+('สัปดาห์ที่ 14'!I9="✓")*1+('สัปดาห์ที่ 15'!I9="✓")*1+('สัปดาห์ที่ 16'!I9="✓")*1+('สัปดาห์ที่ 17'!I9="✓")*1+('สัปดาห์ที่ 18'!I9="✓")*1+('สัปดาห์ที่ 19'!I9="✓")*1+('สัปดาห์ที่ 20'!I9="✓")*1)) -> 0 | J7: =SUMPRODUCT((('สัปดาห์ที่ 1'!J9="✓")*1+('สัปดาห์ที่ 2'!J9="✓")*1+('สัปดาห์ที่ 3'!J9="✓")*1+('สัปดาห์ที่ 4'!J9="✓")*1+('สัปดาห์ที่ 5'!J9="✓")*1+('สัปดาห์ที่ 6'!J9="✓")*1+('สัปดาห์ที่ 7'!J9="✓")*1+('สัปดาห์ที่ 8'!J9="✓")*1+('สัปดาห์ที่ 9'!J9="✓")*1+('สัปดาห์ที่ 10'!J9="✓")*1+('สัปดาห์ที่ 11'!J9="✓")*1+('สัปดาห์ที่ 12'!J9="✓")*1+('สัปดาห์ที่ 13'!J9="✓")*1+('สัปดาห์ที่ 14'!J9="✓")*1+('สัปดาห์ที่ 15'!J9="✓")*1+('สัปดาห์ที่ 16'!J9="✓")*1+('สัปดาห์ที่ 17'!J9="✓")*1+('สัปดาห์ที่ 18'!J9="✓")*1+('สัปดาห์ที่ 19'!J9="✓")*1+('สัปดาห์ที่ 20'!J9="✓")*1)) -> 0 | K7: =SUMPRODUCT((('สัปดาห์ที่ 1'!K9="✓")*1+('สัปดาห์ที่ 2'!K9="✓")*1+('สัปดาห์ที่ 3'!K9="✓")*1+('สัปดาห์ที่ 4'!K9="✓")*1+('สัปดาห์ที่ 5'!K9="✓")*1+('สัปดาห์ที่ 6'!K9="✓")*1+('สัปดาห์ที่ 7'!K9="✓")*1+('สัปดาห์ที่ 8'!K9="✓")*1+('สัปดาห์ที่ 9'!K9="✓")*1+('สัปดาห์ที่ 10'!K9="✓")*1+('สัปดาห์ที่ 11'!K9="✓")*1+('สัปดาห์ที่ 12'!K9="✓")*1+('สัปดาห์ที่ 13'!K9="✓")*1+('สัปดาห์ที่ 14'!K9="✓")*1+('สัปดาห์ที่ 15'!K9="✓")*1+('สัปดาห์ที่ 16'!K9="✓")*1+('สัปดาห์ที่ 17'!K9="✓")*1+('สัปดาห์ที่ 18'!K9="✓")*1+('สัปดาห์ที่ 19'!K9="✓")*1+('สัปดาห์ที่ 20'!K9="✓")*1)) -> 0 | L7: =SUMPRODUCT((('สัปดาห์ที่ 1'!L9="✓")*1+('สัปดาห์ที่ 2'!L9="✓")*1+('สัปดาห์ที่ 3'!L9="✓")*1+('สัปดาห์ที่ 4'!L9="✓")*1+('สัปดาห์ที่ 5'!L9="✓")*1+('สัปดาห์ที่ 6'!L9="✓")*1+('สัปดาห์ที่ 7'!L9="✓")*1+('สัปดาห์ที่ 8'!L9="✓")*1+('สัปดาห์ที่ 9'!L9="✓")*1+('สัปดาห์ที่ 10'!L9="✓")*1+('สัปดาห์ที่ 11'!L9="✓")*1+('สัปดาห์ที่ 12'!L9="✓")*1+('สัปดาห์ที่ 13'!L9="✓")*1+('สัปดาห์ที่ 14'!L9="✓")*1+('สัปดาห์ที่ 15'!L9="✓")*1+('สัปดาห์ที่ 16'!L9="✓")*1+('สัปดาห์ที่ 17'!L9="✓")*1+('สัปดาห์ที่ 18'!L9="✓")*1+('สัปดาห์ที่ 19'!L9="✓")*1+('สัปดาห์ที่ 20'!L9="✓")*1)) -> 0 | M7: =SUM(D7:L7) -> 0
A8: 5 | B8: เด็กชายนิติพัฒน์ | C8: พูดเพราะ | D8: =SUMPRODUCT((('สัปดาห์ที่ 1'!D10="✓")*1+('สัปดาห์ที่ 2'!D10="✓")*1+('สัปดาห์ที่ 3'!D10="✓")*1+('สัปดาห์ที่ 4'!D10="✓")*1+('สัปดาห์ที่ 5'!D10="✓")*1+('สัปดาห์ที่ 6'!D10="✓")*1+('สัปดาห์ที่ 7'!D10="✓")*1+('สัปดาห์ที่ 8'!D10="✓")*1+('สัปดาห์ที่ 9'!D10="✓")*1+('สัปดาห์ที่ 10'!D10="✓")*1+('สัปดาห์ที่ 11'!D10="✓")*1+('สัปดาห์ที่ 12'!D10="✓")*1+('สัปดาห์ที่ 13'!D10="✓")*1+('สัปดาห์ที่ 14'!D10="✓")*1+('สัปดาห์ที่ 15'!D10="✓")*1+('สัปดาห์ที่ 16'!D10="✓")*1+('สัปดาห์ที่ 17'!D10="✓")*1+('สัปดาห์ที่ 18'!D10="✓")*1+('สัปดาห์ที่ 19'!D10="✓")*1+('สัปดาห์ที่ 20'!D10="✓")*1)) -> 0 | E8: =SUMPRODUCT((('สัปดาห์ที่ 1'!E10="✓")*1+('สัปดาห์ที่ 2'!E10="✓")*1+('สัปดาห์ที่ 3'!E10="✓")*1+('สัปดาห์ที่ 4'!E10="✓")*1+('สัปดาห์ที่ 5'!E10="✓")*1+('สัปดาห์ที่ 6'!E10="✓")*1+('สัปดาห์ที่ 7'!E10="✓")*1+('สัปดาห์ที่ 8'!E10="✓")*1+('สัปดาห์ที่ 9'!E10="✓")*1+('สัปดาห์ที่ 10'!E10="✓")*1+('สัปดาห์ที่ 11'!E10="✓")*1+('สัปดาห์ที่ 12'!E10="✓")*1+('สัปดาห์ที่ 13'!E10="✓")*1+('สัปดาห์ที่ 14'!E10="✓")*1+('สัปดาห์ที่ 15'!E10="✓")*1+('สัปดาห์ที่ 16'!E10="✓")*1+('สัปดาห์ที่ 17'!E10="✓")*1+('สัปดาห์ที่ 18'!E10="✓")*1+('สัปดาห์ที่ 19'!E10="✓")*1+('สัปดาห์ที่ 20'!E10="✓")*1)) -> 0 | F8: =SUMPRODUCT((('สัปดาห์ที่ 1'!F10="✓")*1+('สัปดาห์ที่ 2'!F10="✓")*1+('สัปดาห์ที่ 3'!F10="✓")*1+('สัปดาห์ที่ 4'!F10="✓")*1+('สัปดาห์ที่ 5'!F10="✓")*1+('สัปดาห์ที่ 6'!F10="✓")*1+('สัปดาห์ที่ 7'!F10="✓")*1+('สัปดาห์ที่ 8'!F10="✓")*1+('สัปดาห์ที่ 9'!F10="✓")*1+('สัปดาห์ที่ 10'!F10="✓")*1+('สัปดาห์ที่ 11'!F10="✓")*1+('สัปดาห์ที่ 12'!F10="✓")*1+('สัปดาห์ที่ 13'!F10="✓")*1+('สัปดาห์ที่ 14'!F10="✓")*1+('สัปดาห์ที่ 15'!F10="✓")*1+('สัปดาห์ที่ 16'!F10="✓")*1+('สัปดาห์ที่ 17'!F10="✓")*1+('สัปดาห์ที่ 18'!F10="✓")*1+('สัปดาห์ที่ 19'!F10="✓")*1+('สัปดาห์ที่ 20'!F10="✓")*1)) -> 0 | G8: =SUMPRODUCT((('สัปดาห์ที่ 1'!G10="✓")*1+('สัปดาห์ที่ 2'!G10="✓")*1+('สัปดาห์ที่ 3'!G10="✓")*1+('สัปดาห์ที่ 4'!G10="✓")*1+('สัปดาห์ที่ 5'!G10="✓")*1+('สัปดาห์ที่ 6'!G10="✓")*1+('สัปดาห์ที่ 7'!G10="✓")*1+('สัปดาห์ที่ 8'!G10="✓")*1+('สัปดาห์ที่ 9'!G10="✓")*1+('สัปดาห์ที่ 10'!G10="✓")*1+('สัปดาห์ที่ 11'!G10="✓")*1+('สัปดาห์ที่ 12'!G10="✓")*1+('สัปดาห์ที่ 13'!G10="✓")*1+('สัปดาห์ที่ 14'!G10="✓")*1+('สัปดาห์ที่ 15'!G10="✓")*1+('สัปดาห์ที่ 16'!G10="✓")*1+('สัปดาห์ที่ 17'!G10="✓")*1+('สัปดาห์ที่ 18'!G10="✓")*1+('สัปดาห์ที่ 19'!G10="✓")*1+('สัปดาห์ที่ 20'!G10="✓")*1)) -> 0 | H8: =SUMPRODUCT((('สัปดาห์ที่ 1'!H10="✓")*1+('สัปดาห์ที่ 2'!H10="✓")*1+('สัปดาห์ที่ 3'!H10="✓")*1+('สัปดาห์ที่ 4'!H10="✓")*1+('สัปดาห์ที่ 5'!H10="✓")*1+('สัปดาห์ที่ 6'!H10="✓")*1+('สัปดาห์ที่ 7'!H10="✓")*1+('สัปดาห์ที่ 8'!H10="✓")*1+('สัปดาห์ที่ 9'!H10="✓")*1+('สัปดาห์ที่ 10'!H10="✓")*1+('สัปดาห์ที่ 11'!H10="✓")*1+('สัปดาห์ที่ 12'!H10="✓")*1+('สัปดาห์ที่ 13'!H10="✓")*1+('สัปดาห์ที่ 14'!H10="✓")*1+('สัปดาห์ที่ 15'!H10="✓")*1+('สัปดาห์ที่ 16'!H10="✓")*1+('สัปดาห์ที่ 17'!H10="✓")*1+('สัปดาห์ที่ 18'!H10="✓")*1+('สัปดาห์ที่ 19'!H10="✓")*1+('สัปดาห์ที่ 20'!H10="✓")*1)) -> 0 | I8: =SUMPRODUCT((('สัปดาห์ที่ 1'!I10="✓")*1+('สัปดาห์ที่ 2'!I10="✓")*1+('สัปดาห์ที่ 3'!I10="✓")*1+('สัปดาห์ที่ 4'!I10="✓")*1+('สัปดาห์ที่ 5'!I10="✓")*1+('สัปดาห์ที่ 6'!I10="✓")*1+('สัปดาห์ที่ 7'!I10="✓")*1+('สัปดาห์ที่ 8'!I10="✓")*1+('สัปดาห์ที่ 9'!I10="✓")*1+('สัปดาห์ที่ 10'!I10="✓")*1+('สัปดาห์ที่ 11'!I10="✓")*1+('สัปดาห์ที่ 12'!I10="✓")*1+('สัปดาห์ที่ 13'!I10="✓")*1+('สัปดาห์ที่ 14'!I10="✓")*1+('สัปดาห์ที่ 15'!I10="✓")*1+('สัปดาห์ที่ 16'!I10="✓")*1+('สัปดาห์ที่ 17'!I10="✓")*1+('สัปดาห์ที่ 18'!I10="✓")*1+('สัปดาห์ที่ 19'!I10="✓")*1+('สัปดาห์ที่ 20'!I10="✓")*1)) -> 0 | J8: =SUMPRODUCT((('สัปดาห์ที่ 1'!J10="✓")*1+('สัปดาห์ที่ 2'!J10="✓")*1+('สัปดาห์ที่ 3'!J10="✓")*1+('สัปดาห์ที่ 4'!J10="✓")*1+('สัปดาห์ที่ 5'!J10="✓")*1+('สัปดาห์ที่ 6'!J10="✓")*1+('สัปดาห์ที่ 7'!J10="✓")*1+('สัปดาห์ที่ 8'!J10="✓")*1+('สัปดาห์ที่ 9'!J10="✓")*1+('สัปดาห์ที่ 10'!J10="✓")*1+('สัปดาห์ที่ 11'!J10="✓")*1+('สัปดาห์ที่ 12'!J10="✓")*1+('สัปดาห์ที่ 13'!J10="✓")*1+('สัปดาห์ที่ 14'!J10="✓")*1+('สัปดาห์ที่ 15'!J10="✓")*1+('สัปดาห์ที่ 16'!J10="✓")*1+('สัปดาห์ที่ 17'!J10="✓")*1+('สัปดาห์ที่ 18'!J10="✓")*1+('สัปดาห์ที่ 19'!J10="✓")*1+('สัปดาห์ที่ 20'!J10="✓")*1)) -> 0 | K8: =SUMPRODUCT((('สัปดาห์ที่ 1'!K10="✓")*1+('สัปดาห์ที่ 2'!K10="✓")*1+('สัปดาห์ที่ 3'!K10="✓")*1+('สัปดาห์ที่ 4'!K10="✓")*1+('สัปดาห์ที่ 5'!K10="✓")*1+('สัปดาห์ที่ 6'!K10="✓")*1+('สัปดาห์ที่ 7'!K10="✓")*1+('สัปดาห์ที่ 8'!K10="✓")*1+('สัปดาห์ที่ 9'!K10="✓")*1+('สัปดาห์ที่ 10'!K10="✓")*1+('สัปดาห์ที่ 11'!K10="✓")*1+('สัปดาห์ที่ 12'!K10="✓")*1+('สัปดาห์ที่ 13'!K10="✓")*1+('สัปดาห์ที่ 14'!K10="✓")*1+('สัปดาห์ที่ 15'!K10="✓")*1+('สัปดาห์ที่ 16'!K10="✓")*1+('สัปดาห์ที่ 17'!K10="✓")*1+('สัปดาห์ที่ 18'!K10="✓")*1+('สัปดาห์ที่ 19'!K10="✓")*1+('สัปดาห์ที่ 20'!K10="✓")*1)) -> 0 | L8: =SUMPRODUCT((('สัปดาห์ที่ 1'!L10="✓")*1+('สัปดาห์ที่ 2'!L10="✓")*1+('สัปดาห์ที่ 3'!L10="✓")*1+('สัปดาห์ที่ 4'!L10="✓")*1+('สัปดาห์ที่ 5'!L10="✓")*1+('สัปดาห์ที่ 6'!L10="✓")*1+('สัปดาห์ที่ 7'!L10="✓")*1+('สัปดาห์ที่ 8'!L10="✓")*1+('สัปดาห์ที่ 9'!L10="✓")*1+('สัปดาห์ที่ 10'!L10="✓")*1+('สัปดาห์ที่ 11'!L10="✓")*1+('สัปดาห์ที่ 12'!L10="✓")*1+('สัปดาห์ที่ 13'!L10="✓")*1+('สัปดาห์ที่ 14'!L10="✓")*1+('สัปดาห์ที่ 15'!L10="✓")*1+('สัปดาห์ที่ 16'!L10="✓")*1+('สัปดาห์ที่ 17'!L10="✓")*1+('สัปดาห์ที่ 18'!L10="✓")*1+('สัปดาห์ที่ 19'!L10="✓")*1+('สัปดาห์ที่ 20'!L10="✓")*1)) -> 0 | M8: =SUM(D8:L8) -> 0
A9: 6 | B9: เด็กชายธนวัฒน์ | C9: บางทุ่มแบน | D9: =SUMPRODUCT((('สัปดาห์ที่ 1'!D11="✓")*1+('สัปดาห์ที่ 2'!D11="✓")*1+('สัปดาห์ที่ 3'!D11="✓")*1+('สัปดาห์ที่ 4'!D11="✓")*1+('สัปดาห์ที่ 5'!D11="✓")*1+('สัปดาห์ที่ 6'!D11="✓")*1+('สัปดาห์ที่ 7'!D11="✓")*1+('สัปดาห์ที่ 8'!D11="✓")*1+('สัปดาห์ที่ 9'!D11="✓")*1+('สัปดาห์ที่ 10'!D11="✓")*1+('สัปดาห์ที่ 11'!D11="✓")*1+('สัปดาห์ที่ 12'!D11="✓")*1+('สัปดาห์ที่ 13'!D11="✓")*1+('สัปดาห์ที่ 14'!D11="✓")*1+('สัปดาห์ที่ 15'!D11="✓")*1+('สัปดาห์ที่ 16'!D11="✓")*1+('สัปดาห์ที่ 17'!D11="✓")*1+('สัปดาห์ที่ 18'!D11="✓")*1+('สัปดาห์ที่ 19'!D11="✓")*1+('สัปดาห์ที่ 20'!D11="✓")*1)) -> 0 | E9: =SUMPRODUCT((('สัปดาห์ที่ 1'!E11="✓")*1+('สัปดาห์ที่ 2'!E11="✓")*1+('สัปดาห์ที่ 3'!E11="✓")*1+('สัปดาห์ที่ 4'!E11="✓")*1+('สัปดาห์ที่ 5'!E11="✓")*1+('สัปดาห์ที่ 6'!E11="✓")*1+('สัปดาห์ที่ 7'!E11="✓")*1+('สัปดาห์ที่ 8'!E11="✓")*1+('สัปดาห์ที่ 9'!E11="✓")*1+('สัปดาห์ที่ 10'!E11="✓")*1+('สัปดาห์ที่ 11'!E11="✓")*1+('สัปดาห์ที่ 12'!E11="✓")*1+('สัปดาห์ที่ 13'!E11="✓")*1+('สัปดาห์ที่ 14'!E11="✓")*1+('สัปดาห์ที่ 15'!E11="✓")*1+('สัปดาห์ที่ 16'!E11="✓")*1+('สัปดาห์ที่ 17'!E11="✓")*1+('สัปดาห์ที่ 18'!E11="✓")*1+('สัปดาห์ที่ 19'!E11="✓")*1+('สัปดาห์ที่ 20'!E11="✓")*1)) -> 0 | F9: =SUMPRODUCT((('สัปดาห์ที่ 1'!F11="✓")*1+('สัปดาห์ที่ 2'!F11="✓")*1+('สัปดาห์ที่ 3'!F11="✓")*1+('สัปดาห์ที่ 4'!F11="✓")*1+('สัปดาห์ที่ 5'!F11="✓")*1+('สัปดาห์ที่ 6'!F11="✓")*1+('สัปดาห์ที่ 7'!F11="✓")*1+('สัปดาห์ที่ 8'!F11="✓")*1+('สัปดาห์ที่ 9'!F11="✓")*1+('สัปดาห์ที่ 10'!F11="✓")*1+('สัปดาห์ที่ 11'!F11="✓")*1+('สัปดาห์ที่ 12'!F11="✓")*1+('สัปดาห์ที่ 13'!F11="✓")*1+('สัปดาห์ที่ 14'!F11="✓")*1+('สัปดาห์ที่ 15'!F11="✓")*1+('สัปดาห์ที่ 16'!F11="✓")*1+('สัปดาห์ที่ 17'!F11="✓")*1+('สัปดาห์ที่ 18'!F11="✓")*1+('สัปดาห์ที่ 19'!F11="✓")*1+('สัปดาห์ที่ 20'!F11="✓")*1)) -> 0 | G9: =SUMPRODUCT((('สัปดาห์ที่ 1'!G11="✓")*1+('สัปดาห์ที่ 2'!G11="✓")*1+('สัปดาห์ที่ 3'!G11="✓")*1+('สัปดาห์ที่ 4'!G11="✓")*1+('สัปดาห์ที่ 5'!G11="✓")*1+('สัปดาห์ที่ 6'!G11="✓")*1+('สัปดาห์ที่ 7'!G11="✓")*1+('สัปดาห์ที่ 8'!G11="✓")*1+('สัปดาห์ที่ 9'!G11="✓")*1+('สัปดาห์ที่ 10'!G11="✓")*1+('สัปดาห์ที่ 11'!G11="✓")*1+('สัปดาห์ที่ 12'!G11="✓")*1+('สัปดาห์ที่ 13'!G11="✓")*1+('สัปดาห์ที่ 14'!G11="✓")*1+('สัปดาห์ที่ 15'!G11="✓")*1+('สัปดาห์ที่ 16'!G11="✓")*1+('สัปดาห์ที่ 17'!G11="✓")*1+('สัปดาห์ที่ 18'!G11="✓")*1+('สัปดาห์ที่ 19'!G11="✓")*1+('สัปดาห์ที่ 20'!G11="✓")*1)) -> 0 | H9: =SUMPRODUCT((('สัปดาห์ที่ 1'!H11="✓")*1+('สัปดาห์ที่ 2'!H11="✓")*1+('สัปดาห์ที่ 3'!H11="✓")*1+('สัปดาห์ที่ 4'!H11="✓")*1+('สัปดาห์ที่ 5'!H11="✓")*1+('สัปดาห์ที่ 6'!H11="✓")*1+('สัปดาห์ที่ 7'!H11="✓")*1+('สัปดาห์ที่ 8'!H11="✓")*1+('สัปดาห์ที่ 9'!H11="✓")*1+('สัปดาห์ที่ 10'!H11="✓")*1+('สัปดาห์ที่ 11'!H11="✓")*1+('สัปดาห์ที่ 12'!H11="✓")*1+('สัปดาห์ที่ 13'!H11="✓")*1+('สัปดาห์ที่ 14'!H11="✓")*1+('สัปดาห์ที่ 15'!H11="✓")*1+('สัปดาห์ที่ 16'!H11="✓")*1+('สัปดาห์ที่ 17'!H11="✓")*1+('สัปดาห์ที่ 18'!H11="✓")*1+('สัปดาห์ที่ 19'!H11="✓")*1+('สัปดาห์ที่ 20'!H11="✓")*1)) -> 0 | I9: =SUMPRODUCT((('สัปดาห์ที่ 1'!I11="✓")*1+('สัปดาห์ที่ 2'!I11="✓")*1+('สัปดาห์ที่ 3'!I11="✓")*1+('สัปดาห์ที่ 4'!I11="✓")*1+('สัปดาห์ที่ 5'!I11="✓")*1+('สัปดาห์ที่ 6'!I11="✓")*1+('สัปดาห์ที่ 7'!I11="✓")*1+('สัปดาห์ที่ 8'!I11="✓")*1+('สัปดาห์ที่ 9'!I11="✓")*1+('สัปดาห์ที่ 10'!I11="✓")*1+('สัปดาห์ที่ 11'!I11="✓")*1+('สัปดาห์ที่ 12'!I11="✓")*1+('สัปดาห์ที่ 13'!I11="✓")*1+('สัปดาห์ที่ 14'!I11="✓")*1+('สัปดาห์ที่ 15'!I11="✓")*1+('สัปดาห์ที่ 16'!I11="✓")*1+('สัปดาห์ที่ 17'!I11="✓")*1+('สัปดาห์ที่ 18'!I11="✓")*1+('สัปดาห์ที่ 19'!I11="✓")*1+('สัปดาห์ที่ 20'!I11="✓")*1)) -> 0 | J9: =SUMPRODUCT((('สัปดาห์ที่ 1'!J11="✓")*1+('สัปดาห์ที่ 2'!J11="✓")*1+('สัปดาห์ที่ 3'!J11="✓")*1+('สัปดาห์ที่ 4'!J11="✓")*1+('สัปดาห์ที่ 5'!J11="✓")*1+('สัปดาห์ที่ 6'!J11="✓")*1+('สัปดาห์ที่ 7'!J11="✓")*1+('สัปดาห์ที่ 8'!J11="✓")*1+('สัปดาห์ที่ 9'!J11="✓")*1+('สัปดาห์ที่ 10'!J11="✓")*1+('สัปดาห์ที่ 11'!J11="✓")*1+('สัปดาห์ที่ 12'!J11="✓")*1+('สัปดาห์ที่ 13'!J11="✓")*1+('สัปดาห์ที่ 14'!J11="✓")*1+('สัปดาห์ที่ 15'!J11="✓")*1+('สัปดาห์ที่ 16'!J11="✓")*1+('สัปดาห์ที่ 17'!J11="✓")*1+('สัปดาห์ที่ 18'!J11="✓")*1+('สัปดาห์ที่ 19'!J11="✓")*1+('สัปดาห์ที่ 20'!J11="✓")*1)) -> 0 | K9: =SUMPRODUCT((('สัปดาห์ที่ 1'!K11="✓")*1+('สัปดาห์ที่ 2'!K11="✓")*1+('สัปดาห์ที่ 3'!K11="✓")*1+('สัปดาห์ที่ 4'!K11="✓")*1+('สัปดาห์ที่ 5'!K11="✓")*1+('สัปดาห์ที่ 6'!K11="✓")*1+('สัปดาห์ที่ 7'!K11="✓")*1+('สัปดาห์ที่ 8'!K11="✓")*1+('สัปดาห์ที่ 9'!K11="✓")*1+('สัปดาห์ที่ 10'!K11="✓")*1+('สัปดาห์ที่ 11'!K11="✓")*1+('สัปดาห์ที่ 12'!K11="✓")*1+('สัปดาห์ที่ 13'!K11="✓")*1+('สัปดาห์ที่ 14'!K11="✓")*1+('สัปดาห์ที่ 15'!K11="✓")*1+('สัปดาห์ที่ 16'!K11="✓")*1+('สัปดาห์ที่ 17'!K11="✓")*1+('สัปดาห์ที่ 18'!K11="✓")*1+('สัปดาห์ที่ 19'!K11="✓")*1+('สัปดาห์ที่ 20'!K11="✓")*1)) -> 0 | L9: =SUMPRODUCT((('สัปดาห์ที่ 1'!L11="✓")*1+('สัปดาห์ที่ 2'!L11="✓")*1+('สัปดาห์ที่ 3'!L11="✓")*1+('สัปดาห์ที่ 4'!L11="✓")*1+('สัปดาห์ที่ 5'!L11="✓")*1+('สัปดาห์ที่ 6'!L11="✓")*1+('สัปดาห์ที่ 7'!L11="✓")*1+('สัปดาห์ที่ 8'!L11="✓")*1+('สัปดาห์ที่ 9'!L11="✓")*1+('สัปดาห์ที่ 10'!L11="✓")*1+('สัปดาห์ที่ 11'!L11="✓")*1+('สัปดาห์ที่ 12'!L11="✓")*1+('สัปดาห์ที่ 13'!L11="✓")*1+('สัปดาห์ที่ 14'!L11="✓")*1+('สัปดาห์ที่ 15'!L11="✓")*1+('สัปดาห์ที่ 16'!L11="✓")*1+('สัปดาห์ที่ 17'!L11="✓")*1+('สัปดาห์ที่ 18'!L11="✓")*1+('สัปดาห์ที่ 19'!L11="✓")*1+('สัปดาห์ที่ 20'!L11="✓")*1)) -> 0 | M9: =SUM(D9:L9) -> 0
A10: 7 | B10: เด็กชายปิยวัฒน์ | C10: กิ่งเกตุ | D10: =SUMPRODUCT((('สัปดาห์ที่ 1'!D12="✓")*1+('สัปดาห์ที่ 2'!D12="✓")*1+('สัปดาห์ที่ 3'!D12="✓")*1+('สัปดาห์ที่ 4'!D12="✓")*1+('สัปดาห์ที่ 5'!D12="✓")*1+('สัปดาห์ที่ 6'!D12="✓")*1+('สัปดาห์ที่ 7'!D12="✓")*1+('สัปดาห์ที่ 8'!D12="✓")*1+('สัปดาห์ที่ 9'!D12="✓")*1+('สัปดาห์ที่ 10'!D12="✓")*1+('สัปดาห์ที่ 11'!D12="✓")*1+('สัปดาห์ที่ 12'!D12="✓")*1+('สัปดาห์ที่ 13'!D12="✓")*1+('สัปดาห์ที่ 14'!D12="✓")*1+('สัปดาห์ที่ 15'!D12="✓")*1+('สัปดาห์ที่ 16'!D12="✓")*1+('สัปดาห์ที่ 17'!D12="✓")*1+('สัปดาห์ที่ 18'!D12="✓")*1+('สัปดาห์ที่ 19'!D12="✓")*1+('สัปดาห์ที่ 20'!D12="✓")*1)) -> 0 | E10: =SUMPRODUCT((('สัปดาห์ที่ 1'!E12="✓")*1+('สัปดาห์ที่ 2'!E12="✓")*1+('สัปดาห์ที่ 3'!E12="✓")*1+('สัปดาห์ที่ 4'!E12="✓")*1+('สัปดาห์ที่ 5'!E12="✓")*1+('สัปดาห์ที่ 6'!E12="✓")*1+('สัปดาห์ที่ 7'!E12="✓")*1+('สัปดาห์ที่ 8'!E12="✓")*1+('สัปดาห์ที่ 9'!E12="✓")*1+('สัปดาห์ที่ 10'!E12="✓")*1+('สัปดาห์ที่ 11'!E12="✓")*1+('สัปดาห์ที่ 12'!E12="✓")*1+('สัปดาห์ที่ 13'!E12="✓")*1+('สัปดาห์ที่ 14'!E12="✓")*1+('สัปดาห์ที่ 15'!E12="✓")*1+('สัปดาห์ที่ 16'!E12="✓")*1+('สัปดาห์ที่ 17'!E12="✓")*1+('สัปดาห์ที่ 18'!E12="✓")*1+('สัปดาห์ที่ 19'!E12="✓")*1+('สัปดาห์ที่ 20'!E12="✓")*1)) -> 0 | F10: =SUMPRODUCT((('สัปดาห์ที่ 1'!F12="✓")*1+('สัปดาห์ที่ 2'!F12="✓")*1+('สัปดาห์ที่ 3'!F12="✓")*1+('สัปดาห์ที่ 4'!F12="✓")*1+('สัปดาห์ที่ 5'!F12="✓")*1+('สัปดาห์ที่ 6'!F12="✓")*1+('สัปดาห์ที่ 7'!F12="✓")*1+('สัปดาห์ที่ 8'!F12="✓")*1+('สัปดาห์ที่ 9'!F12="✓")*1+('สัปดาห์ที่ 10'!F12="✓")*1+('สัปดาห์ที่ 11'!F12="✓")*1+('สัปดาห์ที่ 12'!F12="✓")*1+('สัปดาห์ที่ 13'!F12="✓")*1+('สัปดาห์ที่ 14'!F12="✓")*1+('สัปดาห์ที่ 15'!F12="✓")*1+('สัปดาห์ที่ 16'!F12="✓")*1+('สัปดาห์ที่ 17'!F12="✓")*1+('สัปดาห์ที่ 18'!F12="✓")*1+('สัปดาห์ที่ 19'!F12="✓")*1+('สัปดาห์ที่ 20'!F12="✓")*1)) -> 0 | G10: =SUMPRODUCT((('สัปดาห์ที่ 1'!G12="✓")*1+('สัปดาห์ที่ 2'!G12="✓")*1+('สัปดาห์ที่ 3'!G12="✓")*1+('สัปดาห์ที่ 4'!G12="✓")*1+('สัปดาห์ที่ 5'!G12="✓")*1+('สัปดาห์ที่ 6'!G12="✓")*1+('สัปดาห์ที่ 7'!G12="✓")*1+('สัปดาห์ที่ 8'!G12="✓")*1+('สัปดาห์ที่ 9'!G12="✓")*1+('สัปดาห์ที่ 10'!G12="✓")*1+('สัปดาห์ที่ 11'!G12="✓")*1+('สัปดาห์ที่ 12'!G12="✓")*1+('สัปดาห์ที่ 13'!G12="✓")*1+('สัปดาห์ที่ 14'!G12="✓")*1+('สัปดาห์ที่ 15'!G12="✓")*1+('สัปดาห์ที่ 16'!G12="✓")*1+('สัปดาห์ที่ 17'!G12="✓")*1+('สัปดาห์ที่ 18'!G12="✓")*1+('สัปดาห์ที่ 19'!G12="✓")*1+('สัปดาห์ที่ 20'!G12="✓")*1)) -> 0 | H10: =SUMPRODUCT((('สัปดาห์ที่ 1'!H12="✓")*1+('สัปดาห์ที่ 2'!H12="✓")*1+('สัปดาห์ที่ 3'!H12="✓")*1+('สัปดาห์ที่ 4'!H12="✓")*1+('สัปดาห์ที่ 5'!H12="✓")*1+('สัปดาห์ที่ 6'!H12="✓")*1+('สัปดาห์ที่ 7'!H12="✓")*1+('สัปดาห์ที่ 8'!H12="✓")*1+('สัปดาห์ที่ 9'!H12="✓")*1+('สัปดาห์ที่ 10'!H12="✓")*1+('สัปดาห์ที่ 11'!H12="✓")*1+('สัปดาห์ที่ 12'!H12="✓")*1+('สัปดาห์ที่ 13'!H12="✓")*1+('สัปดาห์ที่ 14'!H12="✓")*1+('สัปดาห์ที่ 15'!H12="✓")*1+('สัปดาห์ที่ 16'!H12="✓")*1+('สัปดาห์ที่ 17'!H12="✓")*1+('สัปดาห์ที่ 18'!H12="✓")*1+('สัปดาห์ที่ 19'!H12="✓")*1+('สัปดาห์ที่ 20'!H12="✓")*1)) -> 0 | I10: =SUMPRODUCT((('สัปดาห์ที่ 1'!I12="✓")*1+('สัปดาห์ที่ 2'!I12="✓")*1+('สัปดาห์ที่ 3'!I12="✓")*1+('สัปดาห์ที่ 4'!I12="✓")*1+('สัปดาห์ที่ 5'!I12="✓")*1+('สัปดาห์ที่ 6'!I12="✓")*1+('สัปดาห์ที่ 7'!I12="✓")*1+('สัปดาห์ที่ 8'!I12="✓")*1+('สัปดาห์ที่ 9'!I12="✓")*1+('สัปดาห์ที่ 10'!I12="✓")*1+('สัปดาห์ที่ 11'!I12="✓")*1+('สัปดาห์ที่ 12'!I12="✓")*1+('สัปดาห์ที่ 13'!I12="✓")*1+('สัปดาห์ที่ 14'!I12="✓")*1+('สัปดาห์ที่ 15'!I12="✓")*1+('สัปดาห์ที่ 16'!I12="✓")*1+('สัปดาห์ที่ 17'!I12="✓")*1+('สัปดาห์ที่ 18'!I12="✓")*1+('สัปดาห์ที่ 19'!I12="✓")*1+('สัปดาห์ที่ 20'!I12="✓")*1)) -> 0 | J10: =SUMPRODUCT((('สัปดาห์ที่ 1'!J12="✓")*1+('สัปดาห์ที่ 2'!J12="✓")*1+('สัปดาห์ที่ 3'!J12="✓")*1+('สัปดาห์ที่ 4'!J12="✓")*1+('สัปดาห์ที่ 5'!J12="✓")*1+('สัปดาห์ที่ 6'!J12="✓")*1+('สัปดาห์ที่ 7'!J12="✓")*1+('สัปดาห์ที่ 8'!J12="✓")*1+('สัปดาห์ที่ 9'!J12="✓")*1+('สัปดาห์ที่ 10'!J12="✓")*1+('สัปดาห์ที่ 11'!J12="✓")*1+('สัปดาห์ที่ 12'!J12="✓")*1+('สัปดาห์ที่ 13'!J12="✓")*1+('สัปดาห์ที่ 14'!J12="✓")*1+('สัปดาห์ที่ 15'!J12="✓")*1+('สัปดาห์ที่ 16'!J12="✓")*1+('สัปดาห์ที่ 17'!J12="✓")*1+('สัปดาห์ที่ 18'!J12="✓")*1+('สัปดาห์ที่ 19'!J12="✓")*1+('สัปดาห์ที่ 20'!J12="✓")*1)) -> 0 | K10: =SUMPRODUCT((('สัปดาห์ที่ 1'!K12="✓")*1+('สัปดาห์ที่ 2'!K12="✓")*1+('สัปดาห์ที่ 3'!K12="✓")*1+('สัปดาห์ที่ 4'!K12="✓")*1+('สัปดาห์ที่ 5'!K12="✓")*1+('สัปดาห์ที่ 6'!K12="✓")*1+('สัปดาห์ที่ 7'!K12="✓")*1+('สัปดาห์ที่ 8'!K12="✓")*1+('สัปดาห์ที่ 9'!K12="✓")*1+('สัปดาห์ที่ 10'!K12="✓")*1+('สัปดาห์ที่ 11'!K12="✓")*1+('สัปดาห์ที่ 12'!K12="✓")*1+('สัปดาห์ที่ 13'!K12="✓")*1+('สัปดาห์ที่ 14'!K12="✓")*1+('สัปดาห์ที่ 15'!K12="✓")*1+('สัปดาห์ที่ 16'!K12="✓")*1+('สัปดาห์ที่ 17'!K12="✓")*1+('สัปดาห์ที่ 18'!K12="✓")*1+('สัปดาห์ที่ 19'!K12="✓")*1+('สัปดาห์ที่ 20'!K12="✓")*1)) -> 0 | L10: =SUMPRODUCT((('สัปดาห์ที่ 1'!L12="✓")*1+('สัปดาห์ที่ 2'!L12="✓")*1+('สัปดาห์ที่ 3'!L12="✓")*1+('สัปดาห์ที่ 4'!L12="✓")*1+('สัปดาห์ที่ 5'!L12="✓")*1+('สัปดาห์ที่ 6'!L12="✓")*1+('สัปดาห์ที่ 7'!L12="✓")*1+('สัปดาห์ที่ 8'!L12="✓")*1+('สัปดาห์ที่ 9'!L12="✓")*1+('สัปดาห์ที่ 10'!L12="✓")*1+('สัปดาห์ที่ 11'!L12="✓")*1+('สัปดาห์ที่ 12'!L12="✓")*1+('สัปดาห์ที่ 13'!L12="✓")*1+('สัปดาห์ที่ 14'!L12="✓")*1+('สัปดาห์ที่ 15'!L12="✓")*1+('สัปดาห์ที่ 16'!L12="✓")*1+('สัปดาห์ที่ 17'!L12="✓")*1+('สัปดาห์ที่ 18'!L12="✓")*1+('สัปดาห์ที่ 19'!L12="✓")*1+('สัปดาห์ที่ 20'!L12="✓")*1)) -> 0 | M10: =SUM(D10:L10) -> 0
A11: 8 | B11: เด็กหญิงรัญจิดา | C11: แสนเจริญ | D11: =SUMPRODUCT((('สัปดาห์ที่ 1'!D13="✓")*1+('สัปดาห์ที่ 2'!D13="✓")*1+('สัปดาห์ที่ 3'!D13="✓")*1+('สัปดาห์ที่ 4'!D13="✓")*1+('สัปดาห์ที่ 5'!D13="✓")*1+('สัปดาห์ที่ 6'!D13="✓")*1+('สัปดาห์ที่ 7'!D13="✓")*1+('สัปดาห์ที่ 8'!D13="✓")*1+('สัปดาห์ที่ 9'!D13="✓")*1+('สัปดาห์ที่ 10'!D13="✓")*1+('สัปดาห์ที่ 11'!D13="✓")*1+('สัปดาห์ที่ 12'!D13="✓")*1+('สัปดาห์ที่ 13'!D13="✓")*1+('สัปดาห์ที่ 14'!D13="✓")*1+('สัปดาห์ที่ 15'!D13="✓")*1+('สัปดาห์ที่ 16'!D13="✓")*1+('สัปดาห์ที่ 17'!D13="✓")*1+('สัปดาห์ที่ 18'!D13="✓")*1+('สัปดาห์ที่ 19'!D13="✓")*1+('สัปดาห์ที่ 20'!D13="✓")*1)) -> 0 | E11: =SUMPRODUCT((('สัปดาห์ที่ 1'!E13="✓")*1+('สัปดาห์ที่ 2'!E13="✓")*1+('สัปดาห์ที่ 3'!E13="✓")*1+('สัปดาห์ที่ 4'!E13="✓")*1+('สัปดาห์ที่ 5'!E13="✓")*1+('สัปดาห์ที่ 6'!E13="✓")*1+('สัปดาห์ที่ 7'!E13="✓")*1+('สัปดาห์ที่ 8'!E13="✓")*1+('สัปดาห์ที่ 9'!E13="✓")*1+('สัปดาห์ที่ 10'!E13="✓")*1+('สัปดาห์ที่ 11'!E13="✓")*1+('สัปดาห์ที่ 12'!E13="✓")*1+('สัปดาห์ที่ 13'!E13="✓")*1+('สัปดาห์ที่ 14'!E13="✓")*1+('สัปดาห์ที่ 15'!E13="✓")*1+('สัปดาห์ที่ 16'!E13="✓")*1+('สัปดาห์ที่ 17'!E13="✓")*1+('สัปดาห์ที่ 18'!E13="✓")*1+('สัปดาห์ที่ 19'!E13="✓")*1+('สัปดาห์ที่ 20'!E13="✓")*1)) -> 0 | F11: =SUMPRODUCT((('สัปดาห์ที่ 1'!F13="✓")*1+('สัปดาห์ที่ 2'!F13="✓")*1+('สัปดาห์ที่ 3'!F13="✓")*1+('สัปดาห์ที่ 4'!F13="✓")*1+('สัปดาห์ที่ 5'!F13="✓")*1+('สัปดาห์ที่ 6'!F13="✓")*1+('สัปดาห์ที่ 7'!F13="✓")*1+('สัปดาห์ที่ 8'!F13="✓")*1+('สัปดาห์ที่ 9'!F13="✓")*1+('สัปดาห์ที่ 10'!F13="✓")*1+('สัปดาห์ที่ 11'!F13="✓")*1+('สัปดาห์ที่ 12'!F13="✓")*1+('สัปดาห์ที่ 13'!F13="✓")*1+('สัปดาห์ที่ 14'!F13="✓")*1+('สัปดาห์ที่ 15'!F13="✓")*1+('สัปดาห์ที่ 16'!F13="✓")*1+('สัปดาห์ที่ 17'!F13="✓")*1+('สัปดาห์ที่ 18'!F13="✓")*1+('สัปดาห์ที่ 19'!F13="✓")*1+('สัปดาห์ที่ 20'!F13="✓")*1)) -> 0 | G11: =SUMPRODUCT((('สัปดาห์ที่ 1'!G13="✓")*1+('สัปดาห์ที่ 2'!G13="✓")*1+('สัปดาห์ที่ 3'!G13="✓")*1+('สัปดาห์ที่ 4'!G13="✓")*1+('สัปดาห์ที่ 5'!G13="✓")*1+('สัปดาห์ที่ 6'!G13="✓")*1+('สัปดาห์ที่ 7'!G13="✓")*1+('สัปดาห์ที่ 8'!G13="✓")*1+('สัปดาห์ที่ 9'!G13="✓")*1+('สัปดาห์ที่ 10'!G13="✓")*1+('สัปดาห์ที่ 11'!G13="✓")*1+('สัปดาห์ที่ 12'!G13="✓")*1+('สัปดาห์ที่ 13'!G13="✓")*1+('สัปดาห์ที่ 14'!G13="✓")*1+('สัปดาห์ที่ 15'!G13="✓")*1+('สัปดาห์ที่ 16'!G13="✓")*1+('สัปดาห์ที่ 17'!G13="✓")*1+('สัปดาห์ที่ 18'!G13="✓")*1+('สัปดาห์ที่ 19'!G13="✓")*1+('สัปดาห์ที่ 20'!G13="✓")*1)) -> 0 | H11: =SUMPRODUCT((('สัปดาห์ที่ 1'!H13="✓")*1+('สัปดาห์ที่ 2'!H13="✓")*1+('สัปดาห์ที่ 3'!H13="✓")*1+('สัปดาห์ที่ 4'!H13="✓")*1+('สัปดาห์ที่ 5'!H13="✓")*1+('สัปดาห์ที่ 6'!H13="✓")*1+('สัปดาห์ที่ 7'!H13="✓")*1+('สัปดาห์ที่ 8'!H13="✓")*1+('สัปดาห์ที่ 9'!H13="✓")*1+('สัปดาห์ที่ 10'!H13="✓")*1+('สัปดาห์ที่ 11'!H13="✓")*1+('สัปดาห์ที่ 12'!H13="✓")*1+('สัปดาห์ที่ 13'!H13="✓")*1+('สัปดาห์ที่ 14'!H13="✓")*1+('สัปดาห์ที่ 15'!H13="✓")*1+('สัปดาห์ที่ 16'!H13="✓")*1+('สัปดาห์ที่ 17'!H13="✓")*1+('สัปดาห์ที่ 18'!H13="✓")*1+('สัปดาห์ที่ 19'!H13="✓")*1+('สัปดาห์ที่ 20'!H13="✓")*1)) -> 0 | I11: =SUMPRODUCT((('สัปดาห์ที่ 1'!I13="✓")*1+('สัปดาห์ที่ 2'!I13="✓")*1+('สัปดาห์ที่ 3'!I13="✓")*1+('สัปดาห์ที่ 4'!I13="✓")*1+('สัปดาห์ที่ 5'!I13="✓")*1+('สัปดาห์ที่ 6'!I13="✓")*1+('สัปดาห์ที่ 7'!I13="✓")*1+('สัปดาห์ที่ 8'!I13="✓")*1+('สัปดาห์ที่ 9'!I13="✓")*1+('สัปดาห์ที่ 10'!I13="✓")*1+('สัปดาห์ที่ 11'!I13="✓")*1+('สัปดาห์ที่ 12'!I13="✓")*1+('สัปดาห์ที่ 13'!I13="✓")*1+('สัปดาห์ที่ 14'!I13="✓")*1+('สัปดาห์ที่ 15'!I13="✓")*1+('สัปดาห์ที่ 16'!I13="✓")*1+('สัปดาห์ที่ 17'!I13="✓")*1+('สัปดาห์ที่ 18'!I13="✓")*1+('สัปดาห์ที่ 19'!I13="✓")*1+('สัปดาห์ที่ 20'!I13="✓")*1)) -> 0 | J11: =SUMPRODUCT((('สัปดาห์ที่ 1'!J13="✓")*1+('สัปดาห์ที่ 2'!J13="✓")*1+('สัปดาห์ที่ 3'!J13="✓")*1+('สัปดาห์ที่ 4'!J13="✓")*1+('สัปดาห์ที่ 5'!J13="✓")*1+('สัปดาห์ที่ 6'!J13="✓")*1+('สัปดาห์ที่ 7'!J13="✓")*1+('สัปดาห์ที่ 8'!J13="✓")*1+('สัปดาห์ที่ 9'!J13="✓")*1+('สัปดาห์ที่ 10'!J13="✓")*1+('สัปดาห์ที่ 11'!J13="✓")*1+('สัปดาห์ที่ 12'!J13="✓")*1+('สัปดาห์ที่ 13'!J13="✓")*1+('สัปดาห์ที่ 14'!J13="✓")*1+('สัปดาห์ที่ 15'!J13="✓")*1+('สัปดาห์ที่ 16'!J13="✓")*1+('สัปดาห์ที่ 17'!J13="✓")*1+('สัปดาห์ที่ 18'!J13="✓")*1+('สัปดาห์ที่ 19'!J13="✓")*1+('สัปดาห์ที่ 20'!J13="✓")*1)) -> 0 | K11: =SUMPRODUCT((('สัปดาห์ที่ 1'!K13="✓")*1+('สัปดาห์ที่ 2'!K13="✓")*1+('สัปดาห์ที่ 3'!K13="✓")*1+('สัปดาห์ที่ 4'!K13="✓")*1+('สัปดาห์ที่ 5'!K13="✓")*1+('สัปดาห์ที่ 6'!K13="✓")*1+('สัปดาห์ที่ 7'!K13="✓")*1+('สัปดาห์ที่ 8'!K13="✓")*1+('สัปดาห์ที่ 9'!K13="✓")*1+('สัปดาห์ที่ 10'!K13="✓")*1+('สัปดาห์ที่ 11'!K13="✓")*1+('สัปดาห์ที่ 12'!K13="✓")*1+('สัปดาห์ที่ 13'!K13="✓")*1+('สัปดาห์ที่ 14'!K13="✓")*1+('สัปดาห์ที่ 15'!K13="✓")*1+('สัปดาห์ที่ 16'!K13="✓")*1+('สัปดาห์ที่ 17'!K13="✓")*1+('สัปดาห์ที่ 18'!K13="✓")*1+('สัปดาห์ที่ 19'!K13="✓")*1+('สัปดาห์ที่ 20'!K13="✓")*1)) -> 0 | L11: =SUMPRODUCT((('สัปดาห์ที่ 1'!L13="✓")*1+('สัปดาห์ที่ 2'!L13="✓")*1+('สัปดาห์ที่ 3'!L13="✓")*1+('สัปดาห์ที่ 4'!L13="✓")*1+('สัปดาห์ที่ 5'!L13="✓")*1+('สัปดาห์ที่ 6'!L13="✓")*1+('สัปดาห์ที่ 7'!L13="✓")*1+('สัปดาห์ที่ 8'!L13="✓")*1+('สัปดาห์ที่ 9'!L13="✓")*1+('สัปดาห์ที่ 10'!L13="✓")*1+('สัปดาห์ที่ 11'!L13="✓")*1+('สัปดาห์ที่ 12'!L13="✓")*1+('สัปดาห์ที่ 13'!L13="✓")*1+('สัปดาห์ที่ 14'!L13="✓")*1+('สัปดาห์ที่ 15'!L13="✓")*1+('สัปดาห์ที่ 16'!L13="✓")*1+('สัปดาห์ที่ 17'!L13="✓")*1+('สัปดาห์ที่ 18'!L13="✓")*1+('สัปดาห์ที่ 19'!L13="✓")*1+('สัปดาห์ที่ 20'!L13="✓")*1)) -> 0 | M11: =SUM(D11:L11) -> 0
A12: 9 | B12: เด็กหญิงพรนัชชา | C12: เปลื้องกลาง | D12: =SUMPRODUCT((('สัปดาห์ที่ 1'!D14="✓")*1+('สัปดาห์ที่ 2'!D14="✓")*1+('สัปดาห์ที่ 3'!D14="✓")*1+('สัปดาห์ที่ 4'!D14="✓")*1+('สัปดาห์ที่ 5'!D14="✓")*1+('สัปดาห์ที่ 6'!D14="✓")*1+('สัปดาห์ที่ 7'!D14="✓")*1+('สัปดาห์ที่ 8'!D14="✓")*1+('สัปดาห์ที่ 9'!D14="✓")*1+('สัปดาห์ที่ 10'!D14="✓")*1+('สัปดาห์ที่ 11'!D14="✓")*1+('สัปดาห์ที่ 12'!D14="✓")*1+('สัปดาห์ที่ 13'!D14="✓")*1+('สัปดาห์ที่ 14'!D14="✓")*1+('สัปดาห์ที่ 15'!D14="✓")*1+('สัปดาห์ที่ 16'!D14="✓")*1+('สัปดาห์ที่ 17'!D14="✓")*1+('สัปดาห์ที่ 18'!D14="✓")*1+('สัปดาห์ที่ 19'!D14="✓")*1+('สัปดาห์ที่ 20'!D14="✓")*1)) -> 0 | E12: =SUMPRODUCT((('สัปดาห์ที่ 1'!E14="✓")*1+('สัปดาห์ที่ 2'!E14="✓")*1+('สัปดาห์ที่ 3'!E14="✓")*1+('สัปดาห์ที่ 4'!E14="✓")*1+('สัปดาห์ที่ 5'!E14="✓")*1+('สัปดาห์ที่ 6'!E14="✓")*1+('สัปดาห์ที่ 7'!E14="✓")*1+('สัปดาห์ที่ 8'!E14="✓")*1+('สัปดาห์ที่ 9'!E14="✓")*1+('สัปดาห์ที่ 10'!E14="✓")*1+('สัปดาห์ที่ 11'!E14="✓")*1+('สัปดาห์ที่ 12'!E14="✓")*1+('สัปดาห์ที่ 13'!E14="✓")*1+('สัปดาห์ที่ 14'!E14="✓")*1+('สัปดาห์ที่ 15'!E14="✓")*1+('สัปดาห์ที่ 16'!E14="✓")*1+('สัปดาห์ที่ 17'!E14="✓")*1+('สัปดาห์ที่ 18'!E14="✓")*1+('สัปดาห์ที่ 19'!E14="✓")*1+('สัปดาห์ที่ 20'!E14="✓")*1)) -> 0 | F12: =SUMPRODUCT((('สัปดาห์ที่ 1'!F14="✓")*1+('สัปดาห์ที่ 2'!F14="✓")*1+('สัปดาห์ที่ 3'!F14="✓")*1+('สัปดาห์ที่ 4'!F14="✓")*1+('สัปดาห์ที่ 5'!F14="✓")*1+('สัปดาห์ที่ 6'!F14="✓")*1+('สัปดาห์ที่ 7'!F14="✓")*1+('สัปดาห์ที่ 8'!F14="✓")*1+('สัปดาห์ที่ 9'!F14="✓")*1+('สัปดาห์ที่ 10'!F14="✓")*1+('สัปดาห์ที่ 11'!F14="✓")*1+('สัปดาห์ที่ 12'!F14="✓")*1+('สัปดาห์ที่ 13'!F14="✓")*1+('สัปดาห์ที่ 14'!F14="✓")*1+('สัปดาห์ที่ 15'!F14="✓")*1+('สัปดาห์ที่ 16'!F14="✓")*1+('สัปดาห์ที่ 17'!F14="✓")*1+('สัปดาห์ที่ 18'!F14="✓")*1+('สัปดาห์ที่ 19'!F14="✓")*1+('สัปดาห์ที่ 20'!F14="✓")*1)) -> 0 | G12: =SUMPRODUCT((('สัปดาห์ที่ 1'!G14="✓")*1+('สัปดาห์ที่ 2'!G14="✓")*1+('สัปดาห์ที่ 3'!G14="✓")*1+('สัปดาห์ที่ 4'!G14="✓")*1+('สัปดาห์ที่ 5'!G14="✓")*1+('สัปดาห์ที่ 6'!G14="✓")*1+('สัปดาห์ที่ 7'!G14="✓")*1+('สัปดาห์ที่ 8'!G14="✓")*1+('สัปดาห์ที่ 9'!G14="✓")*1+('สัปดาห์ที่ 10'!G14="✓")*1+('สัปดาห์ที่ 11'!G14="✓")*1+('สัปดาห์ที่ 12'!G14="✓")*1+('สัปดาห์ที่ 13'!G14="✓")*1+('สัปดาห์ที่ 14'!G14="✓")*1+('สัปดาห์ที่ 15'!G14="✓")*1+('สัปดาห์ที่ 16'!G14="✓")*1+('สัปดาห์ที่ 17'!G14="✓")*1+('สัปดาห์ที่ 18'!G14="✓")*1+('สัปดาห์ที่ 19'!G14="✓")*1+('สัปดาห์ที่ 20'!G14="✓")*1)) -> 0 | H12: =SUMPRODUCT((('สัปดาห์ที่ 1'!H14="✓")*1+('สัปดาห์ที่ 2'!H14="✓")*1+('สัปดาห์ที่ 3'!H14="✓")*1+('สัปดาห์ที่ 4'!H14="✓")*1+('สัปดาห์ที่ 5'!H14="✓")*1+('สัปดาห์ที่ 6'!H14="✓")*1+('สัปดาห์ที่ 7'!H14="✓")*1+('สัปดาห์ที่ 8'!H14="✓")*1+('สัปดาห์ที่ 9'!H14="✓")*1+('สัปดาห์ที่ 10'!H14="✓")*1+('สัปดาห์ที่ 11'!H14="✓")*1+('สัปดาห์ที่ 12'!H14="✓")*1+('สัปดาห์ที่ 13'!H14="✓")*1+('สัปดาห์ที่ 14'!H14="✓")*1+('สัปดาห์ที่ 15'!H14="✓")*1+('สัปดาห์ที่ 16'!H14="✓")*1+('สัปดาห์ที่ 17'!H14="✓")*1+('สัปดาห์ที่ 18'!H14="✓")*1+('สัปดาห์ที่ 19'!H14="✓")*1+('สัปดาห์ที่ 20'!H14="✓")*1)) -> 0 | I12: =SUMPRODUCT((('สัปดาห์ที่ 1'!I14="✓")*1+('สัปดาห์ที่ 2'!I14="✓")*1+('สัปดาห์ที่ 3'!I14="✓")*1+('สัปดาห์ที่ 4'!I14="✓")*1+('สัปดาห์ที่ 5'!I14="✓")*1+('สัปดาห์ที่ 6'!I14="✓")*1+('สัปดาห์ที่ 7'!I14="✓")*1+('สัปดาห์ที่ 8'!I14="✓")*1+('สัปดาห์ที่ 9'!I14="✓")*1+('สัปดาห์ที่ 10'!I14="✓")*1+('สัปดาห์ที่ 11'!I14="✓")*1+('สัปดาห์ที่ 12'!I14="✓")*1+('สัปดาห์ที่ 13'!I14="✓")*1+('สัปดาห์ที่ 14'!I14="✓")*1+('สัปดาห์ที่ 15'!I14="✓")*1+('สัปดาห์ที่ 16'!I14="✓")*1+('สัปดาห์ที่ 17'!I14="✓")*1+('สัปดาห์ที่ 18'!I14="✓")*1+('สัปดาห์ที่ 19'!I14="✓")*1+('สัปดาห์ที่ 20'!I14="✓")*1)) -> 0 | J12: =SUMPRODUCT((('สัปดาห์ที่ 1'!J14="✓")*1+('สัปดาห์ที่ 2'!J14="✓")*1+('สัปดาห์ที่ 3'!J14="✓")*1+('สัปดาห์ที่ 4'!J14="✓")*1+('สัปดาห์ที่ 5'!J14="✓")*1+('สัปดาห์ที่ 6'!J14="✓")*1+('สัปดาห์ที่ 7'!J14="✓")*1+('สัปดาห์ที่ 8'!J14="✓")*1+('สัปดาห์ที่ 9'!J14="✓")*1+('สัปดาห์ที่ 10'!J14="✓")*1+('สัปดาห์ที่ 11'!J14="✓")*1+('สัปดาห์ที่ 12'!J14="✓")*1+('สัปดาห์ที่ 13'!J14="✓")*1+('สัปดาห์ที่ 14'!J14="✓")*1+('สัปดาห์ที่ 15'!J14="✓")*1+('สัปดาห์ที่ 16'!J14="✓")*1+('สัปดาห์ที่ 17'!J14="✓")*1+('สัปดาห์ที่ 18'!J14="✓")*1+('สัปดาห์ที่ 19'!J14="✓")*1+('สัปดาห์ที่ 20'!J14="✓")*1)) -> 0 | K12: =SUMPRODUCT((('สัปดาห์ที่ 1'!K14="✓")*1+('สัปดาห์ที่ 2'!K14="✓")*1+('สัปดาห์ที่ 3'!K14="✓")*1+('สัปดาห์ที่ 4'!K14="✓")*1+('สัปดาห์ที่ 5'!K14="✓")*1+('สัปดาห์ที่ 6'!K14="✓")*1+('สัปดาห์ที่ 7'!K14="✓")*1+('สัปดาห์ที่ 8'!K14="✓")*1+('สัปดาห์ที่ 9'!K14="✓")*1+('สัปดาห์ที่ 10'!K14="✓")*1+('สัปดาห์ที่ 11'!K14="✓")*1+('สัปดาห์ที่ 12'!K14="✓")*1+('สัปดาห์ที่ 13'!K14="✓")*1+('สัปดาห์ที่ 14'!K14="✓")*1+('สัปดาห์ที่ 15'!K14="✓")*1+('สัปดาห์ที่ 16'!K14="✓")*1+('สัปดาห์ที่ 17'!K14="✓")*1+('สัปดาห์ที่ 18'!K14="✓")*1+('สัปดาห์ที่ 19'!K14="✓")*1+('สัปดาห์ที่ 20'!K14="✓")*1)) -> 0 | L12: =SUMPRODUCT((('สัปดาห์ที่ 1'!L14="✓")*1+('สัปดาห์ที่ 2'!L14="✓")*1+('สัปดาห์ที่ 3'!L14="✓")*1+('สัปดาห์ที่ 4'!L14="✓")*1+('สัปดาห์ที่ 5'!L14="✓")*1+('สัปดาห์ที่ 6'!L14="✓")*1+('สัปดาห์ที่ 7'!L14="✓")*1+('สัปดาห์ที่ 8'!L14="✓")*1+('สัปดาห์ที่ 9'!L14="✓")*1+('สัปดาห์ที่ 10'!L14="✓")*1+('สัปดาห์ที่ 11'!L14="✓")*1+('สัปดาห์ที่ 12'!L14="✓")*1+('สัปดาห์ที่ 13'!L14="✓")*1+('สัปดาห์ที่ 14'!L14="✓")*1+('สัปดาห์ที่ 15'!L14="✓")*1+('สัปดาห์ที่ 16'!L14="✓")*1+('สัปดาห์ที่ 17'!L14="✓")*1+('สัปดาห์ที่ 18'!L14="✓")*1+('สัปดาห์ที่ 19'!L14="✓")*1+('สัปดาห์ที่ 20'!L14="✓")*1)) -> 0 | M12: =SUM(D12:L12) -> 0
A13: 10 | B13: เด็กหญิงจันเอย | C13: ทน | D13: =SUMPRODUCT((('สัปดาห์ที่ 1'!D15="✓")*1+('สัปดาห์ที่ 2'!D15="✓")*1+('สัปดาห์ที่ 3'!D15="✓")*1+('สัปดาห์ที่ 4'!D15="✓")*1+('สัปดาห์ที่ 5'!D15="✓")*1+('สัปดาห์ที่ 6'!D15="✓")*1+('สัปดาห์ที่ 7'!D15="✓")*1+('สัปดาห์ที่ 8'!D15="✓")*1+('สัปดาห์ที่ 9'!D15="✓")*1+('สัปดาห์ที่ 10'!D15="✓")*1+('สัปดาห์ที่ 11'!D15="✓")*1+('สัปดาห์ที่ 12'!D15="✓")*1+('สัปดาห์ที่ 13'!D15="✓")*1+('สัปดาห์ที่ 14'!D15="✓")*1+('สัปดาห์ที่ 15'!D15="✓")*1+('สัปดาห์ที่ 16'!D15="✓")*1+('สัปดาห์ที่ 17'!D15="✓")*1+('สัปดาห์ที่ 18'!D15="✓")*1+('สัปดาห์ที่ 19'!D15="✓")*1+('สัปดาห์ที่ 20'!D15="✓")*1)) -> 0 | E13: =SUMPRODUCT((('สัปดาห์ที่ 1'!E15="✓")*1+('สัปดาห์ที่ 2'!E15="✓")*1+('สัปดาห์ที่ 3'!E15="✓")*1+('สัปดาห์ที่ 4'!E15="✓")*1+('สัปดาห์ที่ 5'!E15="✓")*1+('สัปดาห์ที่ 6'!E15="✓")*1+('สัปดาห์ที่ 7'!E15="✓")*1+('สัปดาห์ที่ 8'!E15="✓")*1+('สัปดาห์ที่ 9'!E15="✓")*1+('สัปดาห์ที่ 10'!E15="✓")*1+('สัปดาห์ที่ 11'!E15="✓")*1+('สัปดาห์ที่ 12'!E15="✓")*1+('สัปดาห์ที่ 13'!E15="✓")*1+('สัปดาห์ที่ 14'!E15="✓")*1+('สัปดาห์ที่ 15'!E15="✓")*1+('สัปดาห์ที่ 16'!E15="✓")*1+('สัปดาห์ที่ 17'!E15="✓")*1+('สัปดาห์ที่ 18'!E15="✓")*1+('สัปดาห์ที่ 19'!E15="✓")*1+('สัปดาห์ที่ 20'!E15="✓")*1)) -> 0 | F13: =SUMPRODUCT((('สัปดาห์ที่ 1'!F15="✓")*1+('สัปดาห์ที่ 2'!F15="✓")*1+('สัปดาห์ที่ 3'!F15="✓")*1+('สัปดาห์ที่ 4'!F15="✓")*1+('สัปดาห์ที่ 5'!F15="✓")*1+('สัปดาห์ที่ 6'!F15="✓")*1+('สัปดาห์ที่ 7'!F15="✓")*1+('สัปดาห์ที่ 8'!F15="✓")*1+('สัปดาห์ที่ 9'!F15="✓")*1+('สัปดาห์ที่ 10'!F15="✓")*1+('สัปดาห์ที่ 11'!F15="✓")*1+('สัปดาห์ที่ 12'!F15="✓")*1+('สัปดาห์ที่ 13'!F15="✓")*1+('สัปดาห์ที่ 14'!F15="✓")*1+('สัปดาห์ที่ 15'!F15="✓")*1+('สัปดาห์ที่ 16'!F15="✓")*1+('สัปดาห์ที่ 17'!F15="✓")*1+('สัปดาห์ที่ 18'!F15="✓")*1+('สัปดาห์ที่ 19'!F15="✓")*1+('สัปดาห์ที่ 20'!F15="✓")*1)) -> 0 | G13: =SUMPRODUCT((('สัปดาห์ที่ 1'!G15="✓")*1+('สัปดาห์ที่ 2'!G15="✓")*1+('สัปดาห์ที่ 3'!G15="✓")*1+('สัปดาห์ที่ 4'!G15="✓")*1+('สัปดาห์ที่ 5'!G15="✓")*1+('สัปดาห์ที่ 6'!G15="✓")*1+('สัปดาห์ที่ 7'!G15="✓")*1+('สัปดาห์ที่ 8'!G15="✓")*1+('สัปดาห์ที่ 9'!G15="✓")*1+('สัปดาห์ที่ 10'!G15="✓")*1+('สัปดาห์ที่ 11'!G15="✓")*1+('สัปดาห์ที่ 12'!G15="✓")*1+('สัปดาห์ที่ 13'!G15="✓")*1+('สัปดาห์ที่ 14'!G15="✓")*1+('สัปดาห์ที่ 15'!G15="✓")*1+('สัปดาห์ที่ 16'!G15="✓")*1+('สัปดาห์ที่ 17'!G15="✓")*1+('สัปดาห์ที่ 18'!G15="✓")*1+('สัปดาห์ที่ 19'!G15="✓")*1+('สัปดาห์ที่ 20'!G15="✓")*1)) -> 0 | H13: =SUMPRODUCT((('สัปดาห์ที่ 1'!H15="✓")*1+('สัปดาห์ที่ 2'!H15="✓")*1+('สัปดาห์ที่ 3'!H15="✓")*1+('สัปดาห์ที่ 4'!H15="✓")*1+('สัปดาห์ที่ 5'!H15="✓")*1+('สัปดาห์ที่ 6'!H15="✓")*1+('สัปดาห์ที่ 7'!H15="✓")*1+('สัปดาห์ที่ 8'!H15="✓")*1+('สัปดาห์ที่ 9'!H15="✓")*1+('สัปดาห์ที่ 10'!H15="✓")*1+('สัปดาห์ที่ 11'!H15="✓")*1+('สัปดาห์ที่ 12'!H15="✓")*1+('สัปดาห์ที่ 13'!H15="✓")*1+('สัปดาห์ที่ 14'!H15="✓")*1+('สัปดาห์ที่ 15'!H15="✓")*1+('สัปดาห์ที่ 16'!H15="✓")*1+('สัปดาห์ที่ 17'!H15="✓")*1+('สัปดาห์ที่ 18'!H15="✓")*1+('สัปดาห์ที่ 19'!H15="✓")*1+('สัปดาห์ที่ 20'!H15="✓")*1)) -> 0 | I13: =SUMPRODUCT((('สัปดาห์ที่ 1'!I15="✓")*1+('สัปดาห์ที่ 2'!I15="✓")*1+('สัปดาห์ที่ 3'!I15="✓")*1+('สัปดาห์ที่ 4'!I15="✓")*1+('สัปดาห์ที่ 5'!I15="✓")*1+('สัปดาห์ที่ 6'!I15="✓")*1+('สัปดาห์ที่ 7'!I15="✓")*1+('สัปดาห์ที่ 8'!I15="✓")*1+('สัปดาห์ที่ 9'!I15="✓")*1+('สัปดาห์ที่ 10'!I15="✓")*1+('สัปดาห์ที่ 11'!I15="✓")*1+('สัปดาห์ที่ 12'!I15="✓")*1+('สัปดาห์ที่ 13'!I15="✓")*1+('สัปดาห์ที่ 14'!I15="✓")*1+('สัปดาห์ที่ 15'!I15="✓")*1+('สัปดาห์ที่ 16'!I15="✓")*1+('สัปดาห์ที่ 17'!I15="✓")*1+('สัปดาห์ที่ 18'!I15="✓")*1+('สัปดาห์ที่ 19'!I15="✓")*1+('สัปดาห์ที่ 20'!I15="✓")*1)) -> 0 | J13: =SUMPRODUCT((('สัปดาห์ที่ 1'!J15="✓")*1+('สัปดาห์ที่ 2'!J15="✓")*1+('สัปดาห์ที่ 3'!J15="✓")*1+('สัปดาห์ที่ 4'!J15="✓")*1+('สัปดาห์ที่ 5'!J15="✓")*1+('สัปดาห์ที่ 6'!J15="✓")*1+('สัปดาห์ที่ 7'!J15="✓")*1+('สัปดาห์ที่ 8'!J15="✓")*1+('สัปดาห์ที่ 9'!J15="✓")*1+('สัปดาห์ที่ 10'!J15="✓")*1+('สัปดาห์ที่ 11'!J15="✓")*1+('สัปดาห์ที่ 12'!J15="✓")*1+('สัปดาห์ที่ 13'!J15="✓")*1+('สัปดาห์ที่ 14'!J15="✓")*1+('สัปดาห์ที่ 15'!J15="✓")*1+('สัปดาห์ที่ 16'!J15="✓")*1+('สัปดาห์ที่ 17'!J15="✓")*1+('สัปดาห์ที่ 18'!J15="✓")*1+('สัปดาห์ที่ 19'!J15="✓")*1+('สัปดาห์ที่ 20'!J15="✓")*1)) -> 0 | K13: =SUMPRODUCT((('สัปดาห์ที่ 1'!K15="✓")*1+('สัปดาห์ที่ 2'!K15="✓")*1+('สัปดาห์ที่ 3'!K15="✓")*1+('สัปดาห์ที่ 4'!K15="✓")*1+('สัปดาห์ที่ 5'!K15="✓")*1+('สัปดาห์ที่ 6'!K15="✓")*1+('สัปดาห์ที่ 7'!K15="✓")*1+('สัปดาห์ที่ 8'!K15="✓")*1+('สัปดาห์ที่ 9'!K15="✓")*1+('สัปดาห์ที่ 10'!K15="✓")*1+('สัปดาห์ที่ 11'!K15="✓")*1+('สัปดาห์ที่ 12'!K15="✓")*1+('สัปดาห์ที่ 13'!K15="✓")*1+('สัปดาห์ที่ 14'!K15="✓")*1+('สัปดาห์ที่ 15'!K15="✓")*1+('สัปดาห์ที่ 16'!K15="✓")*1+('สัปดาห์ที่ 17'!K15="✓")*1+('สัปดาห์ที่ 18'!K15="✓")*1+('สัปดาห์ที่ 19'!K15="✓")*1+('สัปดาห์ที่ 20'!K15="✓")*1)) -> 0 | L13: =SUMPRODUCT((('สัปดาห์ที่ 1'!L15="✓")*1+('สัปดาห์ที่ 2'!L15="✓")*1+('สัปดาห์ที่ 3'!L15="✓")*1+('สัปดาห์ที่ 4'!L15="✓")*1+('สัปดาห์ที่ 5'!L15="✓")*1+('สัปดาห์ที่ 6'!L15="✓")*1+('สัปดาห์ที่ 7'!L15="✓")*1+('สัปดาห์ที่ 8'!L15="✓")*1+('สัปดาห์ที่ 9'!L15="✓")*1+('สัปดาห์ที่ 10'!L15="✓")*1+('สัปดาห์ที่ 11'!L15="✓")*1+('สัปดาห์ที่ 12'!L15="✓")*1+('สัปดาห์ที่ 13'!L15="✓")*1+('สัปดาห์ที่ 14'!L15="✓")*1+('สัปดาห์ที่ 15'!L15="✓")*1+('สัปดาห์ที่ 16'!L15="✓")*1+('สัปดาห์ที่ 17'!L15="✓")*1+('สัปดาห์ที่ 18'!L15="✓")*1+('สัปดาห์ที่ 19'!L15="✓")*1+('สัปดาห์ที่ 20'!L15="✓")*1)) -> 0 | M13: =SUM(D13:L13) -> 0
A14: 11 | B14: เด็กชายศริตวรรธน์ | C14: การดี | D14: =SUMPRODUCT((('สัปดาห์ที่ 1'!D16="✓")*1+('สัปดาห์ที่ 2'!D16="✓")*1+('สัปดาห์ที่ 3'!D16="✓")*1+('สัปดาห์ที่ 4'!D16="✓")*1+('สัปดาห์ที่ 5'!D16="✓")*1+('สัปดาห์ที่ 6'!D16="✓")*1+('สัปดาห์ที่ 7'!D16="✓")*1+('สัปดาห์ที่ 8'!D16="✓")*1+('สัปดาห์ที่ 9'!D16="✓")*1+('สัปดาห์ที่ 10'!D16="✓")*1+('สัปดาห์ที่ 11'!D16="✓")*1+('สัปดาห์ที่ 12'!D16="✓")*1+('สัปดาห์ที่ 13'!D16="✓")*1+('สัปดาห์ที่ 14'!D16="✓")*1+('สัปดาห์ที่ 15'!D16="✓")*1+('สัปดาห์ที่ 16'!D16="✓")*1+('สัปดาห์ที่ 17'!D16="✓")*1+('สัปดาห์ที่ 18'!D16="✓")*1+('สัปดาห์ที่ 19'!D16="✓")*1+('สัปดาห์ที่ 20'!D16="✓")*1)) -> 0 | E14: =SUMPRODUCT((('สัปดาห์ที่ 1'!E16="✓")*1+('สัปดาห์ที่ 2'!E16="✓")*1+('สัปดาห์ที่ 3'!E16="✓")*1+('สัปดาห์ที่ 4'!E16="✓")*1+('สัปดาห์ที่ 5'!E16="✓")*1+('สัปดาห์ที่ 6'!E16="✓")*1+('สัปดาห์ที่ 7'!E16="✓")*1+('สัปดาห์ที่ 8'!E16="✓")*1+('สัปดาห์ที่ 9'!E16="✓")*1+('สัปดาห์ที่ 10'!E16="✓")*1+('สัปดาห์ที่ 11'!E16="✓")*1+('สัปดาห์ที่ 12'!E16="✓")*1+('สัปดาห์ที่ 13'!E16="✓")*1+('สัปดาห์ที่ 14'!E16="✓")*1+('สัปดาห์ที่ 15'!E16="✓")*1+('สัปดาห์ที่ 16'!E16="✓")*1+('สัปดาห์ที่ 17'!E16="✓")*1+('สัปดาห์ที่ 18'!E16="✓")*1+('สัปดาห์ที่ 19'!E16="✓")*1+('สัปดาห์ที่ 20'!E16="✓")*1)) -> 0 | F14: =SUMPRODUCT((('สัปดาห์ที่ 1'!F16="✓")*1+('สัปดาห์ที่ 2'!F16="✓")*1+('สัปดาห์ที่ 3'!F16="✓")*1+('สัปดาห์ที่ 4'!F16="✓")*1+('สัปดาห์ที่ 5'!F16="✓")*1+('สัปดาห์ที่ 6'!F16="✓")*1+('สัปดาห์ที่ 7'!F16="✓")*1+('สัปดาห์ที่ 8'!F16="✓")*1+('สัปดาห์ที่ 9'!F16="✓")*1+('สัปดาห์ที่ 10'!F16="✓")*1+('สัปดาห์ที่ 11'!F16="✓")*1+('สัปดาห์ที่ 12'!F16="✓")*1+('สัปดาห์ที่ 13'!F16="✓")*1+('สัปดาห์ที่ 14'!F16="✓")*1+('สัปดาห์ที่ 15'!F16="✓")*1+('สัปดาห์ที่ 16'!F16="✓")*1+('สัปดาห์ที่ 17'!F16="✓")*1+('สัปดาห์ที่ 18'!F16="✓")*1+('สัปดาห์ที่ 19'!F16="✓")*1+('สัปดาห์ที่ 20'!F16="✓")*1)) -> 0 | G14: =SUMPRODUCT((('สัปดาห์ที่ 1'!G16="✓")*1+('สัปดาห์ที่ 2'!G16="✓")*1+('สัปดาห์ที่ 3'!G16="✓")*1+('สัปดาห์ที่ 4'!G16="✓")*1+('สัปดาห์ที่ 5'!G16="✓")*1+('สัปดาห์ที่ 6'!G16="✓")*1+('สัปดาห์ที่ 7'!G16="✓")*1+('สัปดาห์ที่ 8'!G16="✓")*1+('สัปดาห์ที่ 9'!G16="✓")*1+('สัปดาห์ที่ 10'!G16="✓")*1+('สัปดาห์ที่ 11'!G16="✓")*1+('สัปดาห์ที่ 12'!G16="✓")*1+('สัปดาห์ที่ 13'!G16="✓")*1+('สัปดาห์ที่ 14'!G16="✓")*1+('สัปดาห์ที่ 15'!G16="✓")*1+('สัปดาห์ที่ 16'!G16="✓")*1+('สัปดาห์ที่ 17'!G16="✓")*1+('สัปดาห์ที่ 18'!G16="✓")*1+('สัปดาห์ที่ 19'!G16="✓")*1+('สัปดาห์ที่ 20'!G16="✓")*1)) -> 0 | H14: =SUMPRODUCT((('สัปดาห์ที่ 1'!H16="✓")*1+('สัปดาห์ที่ 2'!H16="✓")*1+('สัปดาห์ที่ 3'!H16="✓")*1+('สัปดาห์ที่ 4'!H16="✓")*1+('สัปดาห์ที่ 5'!H16="✓")*1+('สัปดาห์ที่ 6'!H16="✓")*1+('สัปดาห์ที่ 7'!H16="✓")*1+('สัปดาห์ที่ 8'!H16="✓")*1+('สัปดาห์ที่ 9'!H16="✓")*1+('สัปดาห์ที่ 10'!H16="✓")*1+('สัปดาห์ที่ 11'!H16="✓")*1+('สัปดาห์ที่ 12'!H16="✓")*1+('สัปดาห์ที่ 13'!H16="✓")*1+('สัปดาห์ที่ 14'!H16="✓")*1+('สัปดาห์ที่ 15'!H16="✓")*1+('สัปดาห์ที่ 16'!H16="✓")*1+('สัปดาห์ที่ 17'!H16="✓")*1+('สัปดาห์ที่ 18'!H16="✓")*1+('สัปดาห์ที่ 19'!H16="✓")*1+('สัปดาห์ที่ 20'!H16="✓")*1)) -> 0 | I14: =SUMPRODUCT((('สัปดาห์ที่ 1'!I16="✓")*1+('สัปดาห์ที่ 2'!I16="✓")*1+('สัปดาห์ที่ 3'!I16="✓")*1+('สัปดาห์ที่ 4'!I16="✓")*1+('สัปดาห์ที่ 5'!I16="✓")*1+('สัปดาห์ที่ 6'!I16="✓")*1+('สัปดาห์ที่ 7'!I16="✓")*1+('สัปดาห์ที่ 8'!I16="✓")*1+('สัปดาห์ที่ 9'!I16="✓")*1+('สัปดาห์ที่ 10'!I16="✓")*1+('สัปดาห์ที่ 11'!I16="✓")*1+('สัปดาห์ที่ 12'!I16="✓")*1+('สัปดาห์ที่ 13'!I16="✓")*1+('สัปดาห์ที่ 14'!I16="✓")*1+('สัปดาห์ที่ 15'!I16="✓")*1+('สัปดาห์ที่ 16'!I16="✓")*1+('สัปดาห์ที่ 17'!I16="✓")*1+('สัปดาห์ที่ 18'!I16="✓")*1+('สัปดาห์ที่ 19'!I16="✓")*1+('สัปดาห์ที่ 20'!I16="✓")*1)) -> 0 | J14: =SUMPRODUCT((('สัปดาห์ที่ 1'!J16="✓")*1+('สัปดาห์ที่ 2'!J16="✓")*1+('สัปดาห์ที่ 3'!J16="✓")*1+('สัปดาห์ที่ 4'!J16="✓")*1+('สัปดาห์ที่ 5'!J16="✓")*1+('สัปดาห์ที่ 6'!J16="✓")*1+('สัปดาห์ที่ 7'!J16="✓")*1+('สัปดาห์ที่ 8'!J16="✓")*1+('สัปดาห์ที่ 9'!J16="✓")*1+('สัปดาห์ที่ 10'!J16="✓")*1+('สัปดาห์ที่ 11'!J16="✓")*1+('สัปดาห์ที่ 12'!J16="✓")*1+('สัปดาห์ที่ 13'!J16="✓")*1+('สัปดาห์ที่ 14'!J16="✓")*1+('สัปดาห์ที่ 15'!J16="✓")*1+('สัปดาห์ที่ 16'!J16="✓")*1+('สัปดาห์ที่ 17'!J16="✓")*1+('สัปดาห์ที่ 18'!J16="✓")*1+('สัปดาห์ที่ 19'!J16="✓")*1+('สัปดาห์ที่ 20'!J16="✓")*1)) -> 0 | K14: =SUMPRODUCT((('สัปดาห์ที่ 1'!K16="✓")*1+('สัปดาห์ที่ 2'!K16="✓")*1+('สัปดาห์ที่ 3'!K16="✓")*1+('สัปดาห์ที่ 4'!K16="✓")*1+('สัปดาห์ที่ 5'!K16="✓")*1+('สัปดาห์ที่ 6'!K16="✓")*1+('สัปดาห์ที่ 7'!K16="✓")*1+('สัปดาห์ที่ 8'!K16="✓")*1+('สัปดาห์ที่ 9'!K16="✓")*1+('สัปดาห์ที่ 10'!K16="✓")*1+('สัปดาห์ที่ 11'!K16="✓")*1+('สัปดาห์ที่ 12'!K16="✓")*1+('สัปดาห์ที่ 13'!K16="✓")*1+('สัปดาห์ที่ 14'!K16="✓")*1+('สัปดาห์ที่ 15'!K16="✓")*1+('สัปดาห์ที่ 16'!K16="✓")*1+('สัปดาห์ที่ 17'!K16="✓")*1+('สัปดาห์ที่ 18'!K16="✓")*1+('สัปดาห์ที่ 19'!K16="✓")*1+('สัปดาห์ที่ 20'!K16="✓")*1)) -> 0 | L14: =SUMPRODUCT((('สัปดาห์ที่ 1'!L16="✓")*1+('สัปดาห์ที่ 2'!L16="✓")*1+('สัปดาห์ที่ 3'!L16="✓")*1+('สัปดาห์ที่ 4'!L16="✓")*1+('สัปดาห์ที่ 5'!L16="✓")*1+('สัปดาห์ที่ 6'!L16="✓")*1+('สัปดาห์ที่ 7'!L16="✓")*1+('สัปดาห์ที่ 8'!L16="✓")*1+('สัปดาห์ที่ 9'!L16="✓")*1+('สัปดาห์ที่ 10'!L16="✓")*1+('สัปดาห์ที่ 11'!L16="✓")*1+('สัปดาห์ที่ 12'!L16="✓")*1+('สัปดาห์ที่ 13'!L16="✓")*1+('สัปดาห์ที่ 14'!L16="✓")*1+('สัปดาห์ที่ 15'!L16="✓")*1+('สัปดาห์ที่ 16'!L16="✓")*1+('สัปดาห์ที่ 17'!L16="✓")*1+('สัปดาห์ที่ 18'!L16="✓")*1+('สัปดาห์ที่ 19'!L16="✓")*1+('สัปดาห์ที่ 20'!L16="✓")*1)) -> 0 | M14: =SUM(D14:L14) -> 0
A15: 12 | B15: เด็กหญิงมนัสนันท์ | C15: เหลืองอร่าม | D15: =SUMPRODUCT((('สัปดาห์ที่ 1'!D17="✓")*1+('สัปดาห์ที่ 2'!D17="✓")*1+('สัปดาห์ที่ 3'!D17="✓")*1+('สัปดาห์ที่ 4'!D17="✓")*1+('สัปดาห์ที่ 5'!D17="✓")*1+('สัปดาห์ที่ 6'!D17="✓")*1+('สัปดาห์ที่ 7'!D17="✓")*1+('สัปดาห์ที่ 8'!D17="✓")*1+('สัปดาห์ที่ 9'!D17="✓")*1+('สัปดาห์ที่ 10'!D17="✓")*1+('สัปดาห์ที่ 11'!D17="✓")*1+('สัปดาห์ที่ 12'!D17="✓")*1+('สัปดาห์ที่ 13'!D17="✓")*1+('สัปดาห์ที่ 14'!D17="✓")*1+('สัปดาห์ที่ 15'!D17="✓")*1+('สัปดาห์ที่ 16'!D17="✓")*1+('สัปดาห์ที่ 17'!D17="✓")*1+('สัปดาห์ที่ 18'!D17="✓")*1+('สัปดาห์ที่ 19'!D17="✓")*1+('สัปดาห์ที่ 20'!D17="✓")*1)) -> 0 | E15: =SUMPRODUCT((('สัปดาห์ที่ 1'!E17="✓")*1+('สัปดาห์ที่ 2'!E17="✓")*1+('สัปดาห์ที่ 3'!E17="✓")*1+('สัปดาห์ที่ 4'!E17="✓")*1+('สัปดาห์ที่ 5'!E17="✓")*1+('สัปดาห์ที่ 6'!E17="✓")*1+('สัปดาห์ที่ 7'!E17="✓")*1+('สัปดาห์ที่ 8'!E17="✓")*1+('สัปดาห์ที่ 9'!E17="✓")*1+('สัปดาห์ที่ 10'!E17="✓")*1+('สัปดาห์ที่ 11'!E17="✓")*1+('สัปดาห์ที่ 12'!E17="✓")*1+('สัปดาห์ที่ 13'!E17="✓")*1+('สัปดาห์ที่ 14'!E17="✓")*1+('สัปดาห์ที่ 15'!E17="✓")*1+('สัปดาห์ที่ 16'!E17="✓")*1+('สัปดาห์ที่ 17'!E17="✓")*1+('สัปดาห์ที่ 18'!E17="✓")*1+('สัปดาห์ที่ 19'!E17="✓")*1+('สัปดาห์ที่ 20'!E17="✓")*1)) -> 0 | F15: =SUMPRODUCT((('สัปดาห์ที่ 1'!F17="✓")*1+('สัปดาห์ที่ 2'!F17="✓")*1+('สัปดาห์ที่ 3'!F17="✓")*1+('สัปดาห์ที่ 4'!F17="✓")*1+('สัปดาห์ที่ 5'!F17="✓")*1+('สัปดาห์ที่ 6'!F17="✓")*1+('สัปดาห์ที่ 7'!F17="✓")*1+('สัปดาห์ที่ 8'!F17="✓")*1+('สัปดาห์ที่ 9'!F17="✓")*1+('สัปดาห์ที่ 10'!F17="✓")*1+('สัปดาห์ที่ 11'!F17="✓")*1+('สัปดาห์ที่ 12'!F17="✓")*1+('สัปดาห์ที่ 13'!F17="✓")*1+('สัปดาห์ที่ 14'!F17="✓")*1+('สัปดาห์ที่ 15'!F17="✓")*1+('สัปดาห์ที่ 16'!F17="✓")*1+('สัปดาห์ที่ 17'!F17="✓")*1+('สัปดาห์ที่ 18'!F17="✓")*1+('สัปดาห์ที่ 19'!F17="✓")*1+('สัปดาห์ที่ 20'!F17="✓")*1)) -> 0 | G15: =SUMPRODUCT((('สัปดาห์ที่ 1'!G17="✓")*1+('สัปดาห์ที่ 2'!G17="✓")*1+('สัปดาห์ที่ 3'!G17="✓")*1+('สัปดาห์ที่ 4'!G17="✓")*1+('สัปดาห์ที่ 5'!G17="✓")*1+('สัปดาห์ที่ 6'!G17="✓")*1+('สัปดาห์ที่ 7'!G17="✓")*1+('สัปดาห์ที่ 8'!G17="✓")*1+('สัปดาห์ที่ 9'!G17="✓")*1+('สัปดาห์ที่ 10'!G17="✓")*1+('สัปดาห์ที่ 11'!G17="✓")*1+('สัปดาห์ที่ 12'!G17="✓")*1+('สัปดาห์ที่ 13'!G17="✓")*1+('สัปดาห์ที่ 14'!G17="✓")*1+('สัปดาห์ที่ 15'!G17="✓")*1+('สัปดาห์ที่ 16'!G17="✓")*1+('สัปดาห์ที่ 17'!G17="✓")*1+('สัปดาห์ที่ 18'!G17="✓")*1+('สัปดาห์ที่ 19'!G17="✓")*1+('สัปดาห์ที่ 20'!G17="✓")*1)) -> 0 | H15: =SUMPRODUCT((('สัปดาห์ที่ 1'!H17="✓")*1+('สัปดาห์ที่ 2'!H17="✓")*1+('สัปดาห์ที่ 3'!H17="✓")*1+('สัปดาห์ที่ 4'!H17="✓")*1+('สัปดาห์ที่ 5'!H17="✓")*1+('สัปดาห์ที่ 6'!H17="✓")*1+('สัปดาห์ที่ 7'!H17="✓")*1+('สัปดาห์ที่ 8'!H17="✓")*1+('สัปดาห์ที่ 9'!H17="✓")*1+('สัปดาห์ที่ 10'!H17="✓")*1+('สัปดาห์ที่ 11'!H17="✓")*1+('สัปดาห์ที่ 12'!H17="✓")*1+('สัปดาห์ที่ 13'!H17="✓")*1+('สัปดาห์ที่ 14'!H17="✓")*1+('สัปดาห์ที่ 15'!H17="✓")*1+('สัปดาห์ที่ 16'!H17="✓")*1+('สัปดาห์ที่ 17'!H17="✓")*1+('สัปดาห์ที่ 18'!H17="✓")*1+('สัปดาห์ที่ 19'!H17="✓")*1+('สัปดาห์ที่ 20'!H17="✓")*1)) -> 0 | I15: =SUMPRODUCT((('สัปดาห์ที่ 1'!I17="✓")*1+('สัปดาห์ที่ 2'!I17="✓")*1+('สัปดาห์ที่ 3'!I17="✓")*1+('สัปดาห์ที่ 4'!I17="✓")*1+('สัปดาห์ที่ 5'!I17="✓")*1+('สัปดาห์ที่ 6'!I17="✓")*1+('สัปดาห์ที่ 7'!I17="✓")*1+('สัปดาห์ที่ 8'!I17="✓")*1+('สัปดาห์ที่ 9'!I17="✓")*1+('สัปดาห์ที่ 10'!I17="✓")*1+('สัปดาห์ที่ 11'!I17="✓")*1+('สัปดาห์ที่ 12'!I17="✓")*1+('สัปดาห์ที่ 13'!I17="✓")*1+('สัปดาห์ที่ 14'!I17="✓")*1+('สัปดาห์ที่ 15'!I17="✓")*1+('สัปดาห์ที่ 16'!I17="✓")*1+('สัปดาห์ที่ 17'!I17="✓")*1+('สัปดาห์ที่ 18'!I17="✓")*1+('สัปดาห์ที่ 19'!I17="✓")*1+('สัปดาห์ที่ 20'!I17="✓")*1)) -> 0 | J15: =SUMPRODUCT((('สัปดาห์ที่ 1'!J17="✓")*1+('สัปดาห์ที่ 2'!J17="✓")*1+('สัปดาห์ที่ 3'!J17="✓")*1+('สัปดาห์ที่ 4'!J17="✓")*1+('สัปดาห์ที่ 5'!J17="✓")*1+('สัปดาห์ที่ 6'!J17="✓")*1+('สัปดาห์ที่ 7'!J17="✓")*1+('สัปดาห์ที่ 8'!J17="✓")*1+('สัปดาห์ที่ 9'!J17="✓")*1+('สัปดาห์ที่ 10'!J17="✓")*1+('สัปดาห์ที่ 11'!J17="✓")*1+('สัปดาห์ที่ 12'!J17="✓")*1+('สัปดาห์ที่ 13'!J17="✓")*1+('สัปดาห์ที่ 14'!J17="✓")*1+('สัปดาห์ที่ 15'!J17="✓")*1+('สัปดาห์ที่ 16'!J17="✓")*1+('สัปดาห์ที่ 17'!J17="✓")*1+('สัปดาห์ที่ 18'!J17="✓")*1+('สัปดาห์ที่ 19'!J17="✓")*1+('สัปดาห์ที่ 20'!J17="✓")*1)) -> 0 | K15: =SUMPRODUCT((('สัปดาห์ที่ 1'!K17="✓")*1+('สัปดาห์ที่ 2'!K17="✓")*1+('สัปดาห์ที่ 3'!K17="✓")*1+('สัปดาห์ที่ 4'!K17="✓")*1+('สัปดาห์ที่ 5'!K17="✓")*1+('สัปดาห์ที่ 6'!K17="✓")*1+('สัปดาห์ที่ 7'!K17="✓")*1+('สัปดาห์ที่ 8'!K17="✓")*1+('สัปดาห์ที่ 9'!K17="✓")*1+('สัปดาห์ที่ 10'!K17="✓")*1+('สัปดาห์ที่ 11'!K17="✓")*1+('สัปดาห์ที่ 12'!K17="✓")*1+('สัปดาห์ที่ 13'!K17="✓")*1+('สัปดาห์ที่ 14'!K17="✓")*1+('สัปดาห์ที่ 15'!K17="✓")*1+('สัปดาห์ที่ 16'!K17="✓")*1+('สัปดาห์ที่ 17'!K17="✓")*1+('สัปดาห์ที่ 18'!K17="✓")*1+('สัปดาห์ที่ 19'!K17="✓")*1+('สัปดาห์ที่ 20'!K17="✓")*1)) -> 0 | L15: =SUMPRODUCT((('สัปดาห์ที่ 1'!L17="✓")*1+('สัปดาห์ที่ 2'!L17="✓")*1+('สัปดาห์ที่ 3'!L17="✓")*1+('สัปดาห์ที่ 4'!L17="✓")*1+('สัปดาห์ที่ 5'!L17="✓")*1+('สัปดาห์ที่ 6'!L17="✓")*1+('สัปดาห์ที่ 7'!L17="✓")*1+('สัปดาห์ที่ 8'!L17="✓")*1+('สัปดาห์ที่ 9'!L17="✓")*1+('สัปดาห์ที่ 10'!L17="✓")*1+('สัปดาห์ที่ 11'!L17="✓")*1+('สัปดาห์ที่ 12'!L17="✓")*1+('สัปดาห์ที่ 13'!L17="✓")*1+('สัปดาห์ที่ 14'!L17="✓")*1+('สัปดาห์ที่ 15'!L17="✓")*1+('สัปดาห์ที่ 16'!L17="✓")*1+('สัปดาห์ที่ 17'!L17="✓")*1+('สัปดาห์ที่ 18'!L17="✓")*1+('สัปดาห์ที่ 19'!L17="✓")*1+('สัปดาห์ที่ 20'!L17="✓")*1)) -> 0 | M15: =SUM(D15:L15) -> 0
... A18: 15 | B18: เด็กชายต้นกล้า | C18: ลิทธิศักดิ์ | D18: =SUMPRODUCT((('สัปดาห์ที่ 1'!D20="✓")*1+('สัปดาห์ที่ 2'!D20="✓")*1+('สัปดาห์ที่ 3'!D20="✓")*1+('สัปดาห์ที่ 4'!D20="✓")*1+('สัปดาห์ที่ 5'!D20="✓")*1+('สัปดาห์ที่ 6'!D20="✓")*1+('สัปดาห์ที่ 7'!D20="✓")*1+('สัปดาห์ที่ 8'!D20="✓")*1+('สัปดาห์ที่ 9'!D20="✓")*1+('สัปดาห์ที่ 10'!D20="✓")*1+('สัปดาห์ที่ 11'!D20="✓")*1+('สัปดาห์ที่ 12'!D20="✓")*1+('สัปดาห์ที่ 13'!D20="✓")*1+('สัปดาห์ที่ 14'!D20="✓")*1+('สัปดาห์ที่ 15'!D20="✓")*1+('สัปดาห์ที่ 16'!D20="✓")*1+('สัปดาห์ที่ 17'!D20="✓")*1+('สัปดาห์ที่ 18'!D20="✓")*1+('สัปดาห์ที่ 19'!D20="✓")*1+('สัปดาห์ที่ 20'!D20="✓")*1)) -> 0 | E18: =SUMPRODUCT((('สัปดาห์ที่ 1'!E20="✓")*1+('สัปดาห์ที่ 2'!E20="✓")*1+('สัปดาห์ที่ 3'!E20="✓")*1+('สัปดาห์ที่ 4'!E20="✓")*1+('สัปดาห์ที่ 5'!E20="✓")*1+('สัปดาห์ที่ 6'!E20="✓")*1+('สัปดาห์ที่ 7'!E20="✓")*1+('สัปดาห์ที่ 8'!E20="✓")*1+('สัปดาห์ที่ 9'!E20="✓")*1+('สัปดาห์ที่ 10'!E20="✓")*1+('สัปดาห์ที่ 11'!E20="✓")*1+('สัปดาห์ที่ 12'!E20="✓")*1+('สัปดาห์ที่ 13'!E20="✓")*1+('สัปดาห์ที่ 14'!E20="✓")*1+('สัปดาห์ที่ 15'!E20="✓")*1+('สัปดาห์ที่ 16'!E20="✓")*1+('สัปดาห์ที่ 17'!E20="✓")*1+('สัปดาห์ที่ 18'!E20="✓")*1+('สัปดาห์ที่ 19'!E20="✓")*1+('สัปดาห์ที่ 20'!E20="✓")*1)) -> 0 | F18: =SUMPRODUCT((('สัปดาห์ที่ 1'!F20="✓")*1+('สัปดาห์ที่ 2'!F20="✓")*1+('สัปดาห์ที่ 3'!F20="✓")*1+('สัปดาห์ที่ 4'!F20="✓")*1+('สัปดาห์ที่ 5'!F20="✓")*1+('สัปดาห์ที่ 6'!F20="✓")*1+('สัปดาห์ที่ 7'!F20="✓")*1+('สัปดาห์ที่ 8'!F20="✓")*1+('สัปดาห์ที่ 9'!F20="✓")*1+('สัปดาห์ที่ 10'!F20="✓")*1+('สัปดาห์ที่ 11'!F20="✓")*1+('สัปดาห์ที่ 12'!F20="✓")*1+('สัปดาห์ที่ 13'!F20="✓")*1+('สัปดาห์ที่ 14'!F20="✓")*1+('สัปดาห์ที่ 15'!F20="✓")*1+('สัปดาห์ที่ 16'!F20="✓")*1+('สัปดาห์ที่ 17'!F20="✓")*1+('สัปดาห์ที่ 18'!F20="✓")*1+('สัปดาห์ที่ 19'!F20="✓")*1+('สัปดาห์ที่ 20'!F20="✓")*1)) -> 0 | G18: =SUMPRODUCT((('สัปดาห์ที่ 1'!G20="✓")*1+('สัปดาห์ที่ 2'!G20="✓")*1+('สัปดาห์ที่ 3'!G20="✓")*1+('สัปดาห์ที่ 4'!G20="✓")*1+('สัปดาห์ที่ 5'!G20="✓")*1+('สัปดาห์ที่ 6'!G20="✓")*1+('สัปดาห์ที่ 7'!G20="✓")*1+('สัปดาห์ที่ 8'!G20="✓")*1+('สัปดาห์ที่ 9'!G20="✓")*1+('สัปดาห์ที่ 10'!G20="✓")*1+('สัปดาห์ที่ 11'!G20="✓")*1+('สัปดาห์ที่ 12'!G20="✓")*1+('สัปดาห์ที่ 13'!G20="✓")*1+('สัปดาห์ที่ 14'!G20="✓")*1+('สัปดาห์ที่ 15'!G20="✓")*1+('สัปดาห์ที่ 16'!G20="✓")*1+('สัปดาห์ที่ 17'!G20="✓")*1+('สัปดาห์ที่ 18'!G20="✓")*1+('สัปดาห์ที่ 19'!G20="✓")*1+('สัปดาห์ที่ 20'!G20="✓")*1)) -> 0 | H18: =SUMPRODUCT((('สัปดาห์ที่ 1'!H20="✓")*1+('สัปดาห์ที่ 2'!H20="✓")*1+('สัปดาห์ที่ 3'!H20="✓")*1+('สัปดาห์ที่ 4'!H20="✓")*1+('สัปดาห์ที่ 5'!H20="✓")*1+('สัปดาห์ที่ 6'!H20="✓")*1+('สัปดาห์ที่ 7'!H20="✓")*1+('สัปดาห์ที่ 8'!H20="✓")*1+('สัปดาห์ที่ 9'!H20="✓")*1+('สัปดาห์ที่ 10'!H20="✓")*1+('สัปดาห์ที่ 11'!H20="✓")*1+('สัปดาห์ที่ 12'!H20="✓")*1+('สัปดาห์ที่ 13'!H20="✓")*1+('สัปดาห์ที่ 14'!H20="✓")*1+('สัปดาห์ที่ 15'!H20="✓")*1+('สัปดาห์ที่ 16'!H20="✓")*1+('สัปดาห์ที่ 17'!H20="✓")*1+('สัปดาห์ที่ 18'!H20="✓")*1+('สัปดาห์ที่ 19'!H20="✓")*1+('สัปดาห์ที่ 20'!H20="✓")*1)) -> 0 | I18: =SUMPRODUCT((('สัปดาห์ที่ 1'!I20="✓")*1+('สัปดาห์ที่ 2'!I20="✓")*1+('สัปดาห์ที่ 3'!I20="✓")*1+('สัปดาห์ที่ 4'!I20="✓")*1+('สัปดาห์ที่ 5'!I20="✓")*1+('สัปดาห์ที่ 6'!I20="✓")*1+('สัปดาห์ที่ 7'!I20="✓")*1+('สัปดาห์ที่ 8'!I20="✓")*1+('สัปดาห์ที่ 9'!I20="✓")*1+('สัปดาห์ที่ 10'!I20="✓")*1+('สัปดาห์ที่ 11'!I20="✓")*1+('สัปดาห์ที่ 12'!I20="✓")*1+('สัปดาห์ที่ 13'!I20="✓")*1+('สัปดาห์ที่ 14'!I20="✓")*1+('สัปดาห์ที่ 15'!I20="✓")*1+('สัปดาห์ที่ 16'!I20="✓")*1+('สัปดาห์ที่ 17'!I20="✓")*1+('สัปดาห์ที่ 18'!I20="✓")*1+('สัปดาห์ที่ 19'!I20="✓")*1+('สัปดาห์ที่ 20'!I20="✓")*1)) -> 0 | J18: =SUMPRODUCT((('สัปดาห์ที่ 1'!J20="✓")*1+('สัปดาห์ที่ 2'!J20="✓")*1+('สัปดาห์ที่ 3'!J20="✓")*1+('สัปดาห์ที่ 4'!J20="✓")*1+('สัปดาห์ที่ 5'!J20="✓")*1+('สัปดาห์ที่ 6'!J20="✓")*1+('สัปดาห์ที่ 7'!J20="✓")*1+('สัปดาห์ที่ 8'!J20="✓")*1+('สัปดาห์ที่ 9'!J20="✓")*1+('สัปดาห์ที่ 10'!J20="✓")*1+('สัปดาห์ที่ 11'!J20="✓")*1+('สัปดาห์ที่ 12'!J20="✓")*1+('สัปดาห์ที่ 13'!J20="✓")*1+('สัปดาห์ที่ 14'!J20="✓")*1+('สัปดาห์ที่ 15'!J20="✓")*1+('สัปดาห์ที่ 16'!J20="✓")*1+('สัปดาห์ที่ 17'!J20="✓")*1+('สัปดาห์ที่ 18'!J20="✓")*1+('สัปดาห์ที่ 19'!J20="✓")*1+('สัปดาห์ที่ 20'!J20="✓")*1)) -> 0 | K18: =SUMPRODUCT((('สัปดาห์ที่ 1'!K20="✓")*1+('สัปดาห์ที่ 2'!K20="✓")*1+('สัปดาห์ที่ 3'!K20="✓")*1+('สัปดาห์ที่ 4'!K20="✓")*1+('สัปดาห์ที่ 5'!K20="✓")*1+('สัปดาห์ที่ 6'!K20="✓")*1+('สัปดาห์ที่ 7'!K20="✓")*1+('สัปดาห์ที่ 8'!K20="✓")*1+('สัปดาห์ที่ 9'!K20="✓")*1+('สัปดาห์ที่ 10'!K20="✓")*1+('สัปดาห์ที่ 11'!K20="✓")*1+('สัปดาห์ที่ 12'!K20="✓")*1+('สัปดาห์ที่ 13'!K20="✓")*1+('สัปดาห์ที่ 14'!K20="✓")*1+('สัปดาห์ที่ 15'!K20="✓")*1+('สัปดาห์ที่ 16'!K20="✓")*1+('สัปดาห์ที่ 17'!K20="✓")*1+('สัปดาห์ที่ 18'!K20="✓")*1+('สัปดาห์ที่ 19'!K20="✓")*1+('สัปดาห์ที่ 20'!K20="✓")*1)) -> 0 | L18: =SUMPRODUCT((('สัปดาห์ที่ 1'!L20="✓")*1+('สัปดาห์ที่ 2'!L20="✓")*1+('สัปดาห์ที่ 3'!L20="✓")*1+('สัปดาห์ที่ 4'!L20="✓")*1+('สัปดาห์ที่ 5'!L20="✓")*1+('สัปดาห์ที่ 6'!L20="✓")*1+('สัปดาห์ที่ 7'!L20="✓")*1+('สัปดาห์ที่ 8'!L20="✓")*1+('สัปดาห์ที่ 9'!L20="✓")*1+('สัปดาห์ที่ 10'!L20="✓")*1+('สัปดาห์ที่ 11'!L20="✓")*1+('สัปดาห์ที่ 12'!L20="✓")*1+('สัปดาห์ที่ 13'!L20="✓")*1+('สัปดาห์ที่ 14'!L20="✓")*1+('สัปดาห์ที่ 15'!L20="✓")*1+('สัปดาห์ที่ 16'!L20="✓")*1+('สัปดาห์ที่ 17'!L20="✓")*1+('สัปดาห์ที่ 18'!L20="✓")*1+('สัปดาห์ที่ 19'!L20="✓")*1+('สัปดาห์ที่ 20'!L20="✓")*1)) -> 0 | M18: =SUM(D18:L18) -> 0

Sheet วิธีใช้งาน
A1: คำอธิบายการใช้งาน
B2: หัวข้อ | C2: รายละเอียด
B3: วิธีบันทึก | C3: พิมพ์ ✓ ในช่องมุมที่เด็กเล่นในสัปดาห์นั้น
B4: Sheet สัปดาห์ที่ 1-20 | C4: บันทึกรายสัปดาห์ มีให้ครบ 20 สัปดาห์
B5: แถวรวม (ล่างสุด) | C5: นับจำนวนนักเรียนที่เล่นแต่ละมุมโดยอัตโนมัติ
B6: คอลัมน์ จำนวนมุม | C6: นับจำนวนมุมที่เด็กแต่ละคนเล่นในสัปดาห์นั้น
B7: Sheet สรุปรายภาคเรียน | C7: รวมผลจากทุกสัปดาห์โดยอัตโนมัติ
B8: มุมภายในห้องเรียน (6 มุม) | C8: บล็อก / นิทาน / แต่งตัว / สร้างสรรค์ / บทบาทสมมติ / สื่อ
B9: มุมนอกห้องเรียน (3 มุม) | C9: ทราย-น้ำ / ธรรมชาติ / ออกกำลังกาย
