Workbook

Sheet ภาคเรียนที่ 1
A1: แบบบันทึกผลการประเมินพัฒนาการ การศึกษาปฐมวัย อายุ 3-4 ปี
A2: ภาคเรียนที่ 1 • ปีการศึกษา 2568 • โรงเรียนเทศบาลบ้านเนพ 1 • ชั้นอนุบาล 1 • ห้อง 1
A3: เลขที่ | B3: พัฒนาการด้านร่างกาย (มาตรฐาน 1-2) | J3: พัฒนาการด้านสังคม (มาตรฐาน 3-8) | AH3: พัฒนาการด้านสติปัญญา (มาตรฐาน 9-12) | AT3: สรุปผลการประเมิน
B4: มาตรฐาน 1 ร่างกายเจริญเติบโตตามวัยและมีสุขนิสัยที่ดี | F4: มาตรฐาน 2 กล้ามเนื้อใหญ่และกล้ามเนื้อเล็กแข็งแรง | J4: มาตรฐาน 3 มีทักษะชีวิตและ ปฏิบัติตนตามหลัก | N4: มาตรฐาน 4 มีวินัย คุณธรรม และจริยธรรม | R4: มาตรฐาน 5 มีจิตสำนึก และค่านิยมที่ดี | V4: มาตรฐาน 6 มีสุนทรียภาพ ทางศิลปะ ดนตรี | Z4: มาตรฐาน 7 รักธรรมชาติ สิ่งแวดล้อม | AD4: มาตรฐาน 8 อยู่ร่วมกับผู้อื่น ได้อย่างมีความสุข | AH4: มาตรฐาน 9 ใช้ภาษาสื่อสาร ได้เหมาะสมกับวัย | AK4: มาตรฐาน 10 มีความสามารถ ในการคิด | AO4: มาตรฐาน 11 มีจินตนาการ และความคิดสร้างสรรค์ | AR4: มาตรฐาน 12 มีเจตคติที่ดีต่อ การเรียนรู้ | AT4: ด้านร่างกาย (ตัวบ่งชี้ 1+2) | AU4: ด้านสังคม (ตัวบ่งชี้ 3-8) | AV4: ด้านสติปัญญา (ตัวบ่งชี้ 9-12) | AW4: สรุปรวม | AX4: หมายเหตุ
B5: ครั้งที่ 1 | C5: ครั้งที่ 2 | D5: สรุปตัวบ่งชี้ | E5: สรุปมาตรฐาน | F5: ครั้งที่ 1 | G5: ครั้งที่ 2 | H5: สรุปตัวบ่งชี้ | I5: สรุปมาตรฐาน | J5: ครั้งที่ 1 | K5: ครั้งที่ 2 | L5: สรุปตัวบ่งชี้ | M5: สรุปมาตรฐาน | N5: ครั้งที่ 1 | O5: ครั้งที่ 2 | P5: สรุปตัวบ่งชี้ | Q5: สรุปมาตรฐาน | R5: ครั้งที่ 1 | S5: ครั้งที่ 2 | T5: สรุปตัวบ่งชี้ | U5: สรุปมาตรฐาน | V5: ครั้งที่ 1 | W5: ครั้งที่ 2 | X5: สรุปตัวบ่งชี้ | Y5: สรุปมาตรฐาน | Z5: ครั้งที่ 1 | AA5: ครั้งที่ 2 | AB5: สรุปตัวบ่งชี้ | AC5: สรุปมาตรฐาน | AD5: ครั้งที่ 1 | AE5: ครั้งที่ 2 | AF5: สรุปตัวบ่งชี้ | AG5: สรุปมาตรฐาน | AH5: ครั้งที่ 1 | AI5: ครั้งที่ 2 | AJ5: สรุป | AK5: ครั้งที่ 1 | AL5: ครั้งที่ 2 | AM5: สรุปตัวบ่งชี้ | AN5: สรุปมาตรฐาน | AO5: ครั้งที่ 1 | AP5: ครั้งที่ 2 | AQ5: สรุป | AR5: สรุปตัวบ่งชี้ | AS5: สรุปมาตรฐาน
A6: 1 | D6: =IFERROR(AVERAGE(B6:C6),"") | E6: =IFERROR(AVERAGE(B6:C6),"") | H6: =IFERROR(AVERAGE(F6:G6),"") | I6: =IFERROR(AVERAGE(F6:G6),"") | L6: =IFERROR(AVERAGE(J6:K6),"") | M6: =IFERROR(AVERAGE(J6:K6),"") | P6: =IFERROR(AVERAGE(N6:O6),"") | Q6: =IFERROR(AVERAGE(N6:O6),"") | T6: =IFERROR(AVERAGE(R6:S6),"") | U6: =IFERROR(AVERAGE(R6:S6),"") | X6: =IFERROR(AVERAGE(V6:W6),"") | Y6: =IFERROR(AVERAGE(V6:W6),"") | AB6: =IFERROR(AVERAGE(Z6:AA6),"") | AC6: =IFERROR(AVERAGE(Z6:AA6),"") | AF6: =IFERROR(AVERAGE(AD6:AE6),"") | AG6: =IFERROR(AVERAGE(AD6:AE6),"") | AJ6: =IFERROR(AVERAGE(AH6:AI6),"") | AM6: =IFERROR(AVERAGE(AK6:AL6),"") | AN6: =IFERROR(AVERAGE(AK6:AL6),"") | AQ6: =IFERROR(AVERAGE(AO6:AP6),"") | AS6: =IFERROR(AR6,"") -> 0 | AT6: =IFERROR(AVERAGE(E6,I6),"") | AU6: =IFERROR(AVERAGE(M6,Q6,U6,Y6,AC6,AG6),"") | AV6: =IFERROR(AVERAGE(AJ6,AN6,AQ6,AS6),"") -> 0 | AW6: =IFERROR(AVERAGE(AT6:AV6),"") -> 0
A7: 2 | D7: =IFERROR(AVERAGE(B7:C7),"") | E7: =IFERROR(AVERAGE(B7:C7),"") | H7: =IFERROR(AVERAGE(F7:G7),"") | I7: =IFERROR(AVERAGE(F7:G7),"") | L7: =IFERROR(AVERAGE(J7:K7),"") | M7: =IFERROR(AVERAGE(J7:K7),"") | P7: =IFERROR(AVERAGE(N7:O7),"") | Q7: =IFERROR(AVERAGE(N7:O7),"") | T7: =IFERROR(AVERAGE(R7:S7),"") | U7: =IFERROR(AVERAGE(R7:S7),"") | X7: =IFERROR(AVERAGE(V7:W7),"") | Y7: =IFERROR(AVERAGE(V7:W7),"") | AB7: =IFERROR(AVERAGE(Z7:AA7),"") | AC7: =IFERROR(AVERAGE(Z7:AA7),"") | AF7: =IFERROR(AVERAGE(AD7:AE7),"") | AG7: =IFERROR(AVERAGE(AD7:AE7),"") | AJ7: =IFERROR(AVERAGE(AH7:AI7),"") | AM7: =IFERROR(AVERAGE(AK7:AL7),"") | AN7: =IFERROR(AVERAGE(AK7:AL7),"") | AQ7: =IFERROR(AVERAGE(AO7:AP7),"") | AS7: =IFERROR(AR7,"") -> 0 | AT7: =IFERROR(AVERAGE(E7,I7),"") | AU7: =IFERROR(AVERAGE(M7,Q7,U7,Y7,AC7,AG7),"") | AV7: =IFERROR(AVERAGE(AJ7,AN7,AQ7,AS7),"") -> 0 | AW7: =IFERROR(AVERAGE(AT7:AV7),"") -> 0
A8: 3 | D8: =IFERROR(AVERAGE(B8:C8),"") | E8: =IFERROR(AVERAGE(B8:C8),"") | H8: =IFERROR(AVERAGE(F8:G8),"") | I8: =IFERROR(AVERAGE(F8:G8),"") | L8: =IFERROR(AVERAGE(J8:K8),"") | M8: =IFERROR(AVERAGE(J8:K8),"") | P8: =IFERROR(AVERAGE(N8:O8),"") | Q8: =IFERROR(AVERAGE(N8:O8),"") | T8: =IFERROR(AVERAGE(R8:S8),"") | U8: =IFERROR(AVERAGE(R8:S8),"") | X8: =IFERROR(AVERAGE(V8:W8),"") | Y8: =IFERROR(AVERAGE(V8:W8),"") | AB8: =IFERROR(AVERAGE(Z8:AA8),"") | AC8: =IFERROR(AVERAGE(Z8:AA8),"") | AF8: =IFERROR(AVERAGE(AD8:AE8),"") | AG8: =IFERROR(AVERAGE(AD8:AE8),"") | AJ8: =IFERROR(AVERAGE(AH8:AI8),"") | AM8: =IFERROR(AVERAGE(AK8:AL8),"") | AN8: =IFERROR(AVERAGE(AK8:AL8),"") | AQ8: =IFERROR(AVERAGE(AO8:AP8),"") | AS8: =IFERROR(AR8,"") -> 0 | AT8: =IFERROR(AVERAGE(E8,I8),"") | AU8: =IFERROR(AVERAGE(M8,Q8,U8,Y8,AC8,AG8),"") | AV8: =IFERROR(AVERAGE(AJ8,AN8,AQ8,AS8),"") -> 0 | AW8: =IFERROR(AVERAGE(AT8:AV8),"") -> 0
A9: 4 | D9: =IFERROR(AVERAGE(B9:C9),"") | E9: =IFERROR(AVERAGE(B9:C9),"") | H9: =IFERROR(AVERAGE(F9:G9),"") | I9: =IFERROR(AVERAGE(F9:G9),"") | L9: =IFERROR(AVERAGE(J9:K9),"") | M9: =IFERROR(AVERAGE(J9:K9),"") | P9: =IFERROR(AVERAGE(N9:O9),"") | Q9: =IFERROR(AVERAGE(N9:O9),"") | T9: =IFERROR(AVERAGE(R9:S9),"") | U9: =IFERROR(AVERAGE(R9:S9),"") | X9: =IFERROR(AVERAGE(V9:W9),"") | Y9: =IFERROR(AVERAGE(V9:W9),"") | AB9: =IFERROR(AVERAGE(Z9:AA9),"") | AC9: =IFERROR(AVERAGE(Z9:AA9),"") | AF9: =IFERROR(AVERAGE(AD9:AE9),"") | AG9: =IFERROR(AVERAGE(AD9:AE9),"") | AJ9: =IFERROR(AVERAGE(AH9:AI9),"") | AM9: =IFERROR(AVERAGE(AK9:AL9),"") | AN9: =IFERROR(AVERAGE(AK9:AL9),"") | AQ9: =IFERROR(AVERAGE(AO9:AP9),"") | AS9: =IFERROR(AR9,"") -> 0 | AT9: =IFERROR(AVERAGE(E9,I9),"") | AU9: =IFERROR(AVERAGE(M9,Q9,U9,Y9,AC9,AG9),"") | AV9: =IFERROR(AVERAGE(AJ9,AN9,AQ9,AS9),"") -> 0 | AW9: =IFERROR(AVERAGE(AT9:AV9),"") -> 0
A10: 5 | D10: =IFERROR(AVERAGE(B10:C10),"") | E10: =IFERROR(AVERAGE(B10:C10),"") | H10: =IFERROR(AVERAGE(F10:G10),"") | I10: =IFERROR(AVERAGE(F10:G10),"") | L10: =IFERROR(AVERAGE(J10:K10),"") | M10: =IFERROR(AVERAGE(J10:K10),"") | P10: =IFERROR(AVERAGE(N10:O10),"") | Q10: =IFERROR(AVERAGE(N10:O10),"") | T10: =IFERROR(AVERAGE(R10:S10),"") | U10: =IFERROR(AVERAGE(R10:S10),"") | X10: =IFERROR(AVERAGE(V10:W10),"") | Y10: =IFERROR(AVERAGE(V10:W10),"") | AB10: =IFERROR(AVERAGE(Z10:AA10),"") | AC10: =IFERROR(AVERAGE(Z10:AA10),"") | AF10: =IFERROR(AVERAGE(AD10:AE10),"") | AG10: =IFERROR(AVERAGE(AD10:AE10),"") | AJ10: =IFERROR(AVERAGE(AH10:AI10),"") | AM10: =IFERROR(AVERAGE(AK10:AL10),"") | AN10: =IFERROR(AVERAGE(AK10:AL10),"") | AQ10: =IFERROR(AVERAGE(AO10:AP10),"") | AS10: =IFERROR(AR10,"") -> 0 | AT10: =IFERROR(AVERAGE(E10,I10),"") | AU10: =IFERROR(AVERAGE(M10,Q10,U10,Y10,AC10,AG10),"") | AV10: =IFERROR(AVERAGE(AJ10,AN10,AQ10,AS10),"") -> 0 | AW10: =IFERROR(AVERAGE(AT10:AV10),"") -> 0
A11: 6 | D11: =IFERROR(AVERAGE(B11:C11),"") | E11: =IFERROR(AVERAGE(B11:C11),"") | H11: =IFERROR(AVERAGE(F11:G11),"") | I11: =IFERROR(AVERAGE(F11:G11),"") | L11: =IFERROR(AVERAGE(J11:K11),"") | M11: =IFERROR(AVERAGE(J11:K11),"") | P11: =IFERROR(AVERAGE(N11:O11),"") | Q11: =IFERROR(AVERAGE(N11:O11),"") | T11: =IFERROR(AVERAGE(R11:S11),"") | U11: =IFERROR(AVERAGE(R11:S11),"") | X11: =IFERROR(AVERAGE(V11:W11),"") | Y11: =IFERROR(AVERAGE(V11:W11),"") | AB11: =IFERROR(AVERAGE(Z11:AA11),"") | AC11: =IFERROR(AVERAGE(Z11:AA11),"") | AF11: =IFERROR(AVERAGE(AD11:AE11),"") | AG11: =IFERROR(AVERAGE(AD11:AE11),"") | AJ11: =IFERROR(AVERAGE(AH11:AI11),"") | AM11: =IFERROR(AVERAGE(AK11:AL11),"") | AN11: =IFERROR(AVERAGE(AK11:AL11),"") | AQ11: =IFERROR(AVERAGE(AO11:AP11),"") | AS11: =IFERROR(AR11,"") -> 0 | AT11: =IFERROR(AVERAGE(E11,I11),"") | AU11: =IFERROR(AVERAGE(M11,Q11,U11,Y11,AC11,AG11),"") | AV11: =IFERROR(AVERAGE(AJ11,AN11,AQ11,AS11),"") -> 0 | AW11: =IFERROR(AVERAGE(AT11:AV11),"") -> 0
A12: 7 | D12: =IFERROR(AVERAGE(B12:C12),"") | E12: =IFERROR(AVERAGE(B12:C12),"") | H12: =IFERROR(AVERAGE(F12:G12),"") | I12: =IFERROR(AVERAGE(F12:G12),"") | L12: =IFERROR(AVERAGE(J12:K12),"") | M12: =IFERROR(AVERAGE(J12:K12),"") | P12: =IFERROR(AVERAGE(N12:O12),"") | Q12: =IFERROR(AVERAGE(N12:O12),"") | T12: =IFERROR(AVERAGE(R12:S12),"") | U12: =IFERROR(AVERAGE(R12:S12),"") | X12: =IFERROR(AVERAGE(V12:W12),"") | Y12: =IFERROR(AVERAGE(V12:W12),"") | AB12: =IFERROR(AVERAGE(Z12:AA12),"") | AC12: =IFERROR(AVERAGE(Z12:AA12),"") | AF12: =IFERROR(AVERAGE(AD12:AE12),"") | AG12: =IFERROR(AVERAGE(AD12:AE12),"") | AJ12: =IFERROR(AVERAGE(AH12:AI12),"") | AM12: =IFERROR(AVERAGE(AK12:AL12),"") | AN12: =IFERROR(AVERAGE(AK12:AL12),"") | AQ12: =IFERROR(AVERAGE(AO12:AP12),"") | AS12: =IFERROR(AR12,"") -> 0 | AT12: =IFERROR(AVERAGE(E12,I12),"") | AU12: =IFERROR(AVERAGE(M12,Q12,U12,Y12,AC12,AG12),"") | AV12: =IFERROR(AVERAGE(AJ12,AN12,AQ12,AS12),"") -> 0 | AW12: =IFERROR(AVERAGE(AT12:AV12),"") -> 0
A13: 8 | D13: =IFERROR(AVERAGE(B13:C13),"") | E13: =IFERROR(AVERAGE(B13:C13),"") | H13: =IFERROR(AVERAGE(F13:G13),"") | I13: =IFERROR(AVERAGE(F13:G13),"") | L13: =IFERROR(AVERAGE(J13:K13),"") | M13: =IFERROR(AVERAGE(J13:K13),"") | P13: =IFERROR(AVERAGE(N13:O13),"") | Q13: =IFERROR(AVERAGE(N13:O13),"") | T13: =IFERROR(AVERAGE(R13:S13),"") | U13: =IFERROR(AVERAGE(R13:S13),"") | X13: =IFERROR(AVERAGE(V13:W13),"") | Y13: =IFERROR(AVERAGE(V13:W13),"") | AB13: =IFERROR(AVERAGE(Z13:AA13),"") | AC13: =IFERROR(AVERAGE(Z13:AA13),"") | AF13: =IFERROR(AVERAGE(AD13:AE13),"") | AG13: =IFERROR(AVERAGE(AD13:AE13),"") | AJ13: =IFERROR(AVERAGE(AH13:AI13),"") | AM13: =IFERROR(AVERAGE(AK13:AL13),"") | AN13: =IFERROR(AVERAGE(AK13:AL13),"") | AQ13: =IFERROR(AVERAGE(AO13:AP13),"") | AS13: =IFERROR(AR13,"") -> 0 | AT13: =IFERROR(AVERAGE(E13,I13),"") | AU13: =IFERROR(AVERAGE(M13,Q13,U13,Y13,AC13,AG13),"") | AV13: =IFERROR(AVERAGE(AJ13,AN13,AQ13,AS13),"") -> 0 | AW13: =IFERROR(AVERAGE(AT13:AV13),"") -> 0
A14: 9 | D14: =IFERROR(AVERAGE(B14:C14),"") | E14: =IFERROR(AVERAGE(B14:C14),"") | H14: =IFERROR(AVERAGE(F14:G14),"") | I14: =IFERROR(AVERAGE(F14:G14),"") | L14: =IFERROR(AVERAGE(J14:K14),"") | M14: =IFERROR(AVERAGE(J14:K14),"") | P14: =IFERROR(AVERAGE(N14:O14),"") | Q14: =IFERROR(AVERAGE(N14:O14),"") | T14: =IFERROR(AVERAGE(R14:S14),"") | U14: =IFERROR(AVERAGE(R14:S14),"") | X14: =IFERROR(AVERAGE(V14:W14),"") | Y14: =IFERROR(AVERAGE(V14:W14),"") | AB14: =IFERROR(AVERAGE(Z14:AA14),"") | AC14: =IFERROR(AVERAGE(Z14:AA14),"") | AF14: =IFERROR(AVERAGE(AD14:AE14),"") | AG14: =IFERROR(AVERAGE(AD14:AE14),"") | AJ14: =IFERROR(AVERAGE(AH14:AI14),"") | AM14: =IFERROR(AVERAGE(AK14:AL14),"") | AN14: =IFERROR(AVERAGE(AK14:AL14),"") | AQ14: =IFERROR(AVERAGE(AO14:AP14),"") | AS14: =IFERROR(AR14,"") -> 0 | AT14: =IFERROR(AVERAGE(E14,I14),"") | AU14: =IFERROR(AVERAGE(M14,Q14,U14,Y14,AC14,AG14),"") | AV14: =IFERROR(AVERAGE(AJ14,AN14,AQ14,AS14),"") -> 0 | AW14: =IFERROR(AVERAGE(AT14:AV14),"") -> 0
A15: 10 | D15: =IFERROR(AVERAGE(B15:C15),"") | E15: =IFERROR(AVERAGE(B15:C15),"") | H15: =IFERROR(AVERAGE(F15:G15),"") | I15: =IFERROR(AVERAGE(F15:G15),"") | L15: =IFERROR(AVERAGE(J15:K15),"") | M15: =IFERROR(AVERAGE(J15:K15),"") | P15: =IFERROR(AVERAGE(N15:O15),"") | Q15: =IFERROR(AVERAGE(N15:O15),"") | T15: =IFERROR(AVERAGE(R15:S15),"") | U15: =IFERROR(AVERAGE(R15:S15),"") | X15: =IFERROR(AVERAGE(V15:W15),"") | Y15: =IFERROR(AVERAGE(V15:W15),"") | AB15: =IFERROR(AVERAGE(Z15:AA15),"") | AC15: =IFERROR(AVERAGE(Z15:AA15),"") | AF15: =IFERROR(AVERAGE(AD15:AE15),"") | AG15: =IFERROR(AVERAGE(AD15:AE15),"") | AJ15: =IFERROR(AVERAGE(AH15:AI15),"") | AM15: =IFERROR(AVERAGE(AK15:AL15),"") | AN15: =IFERROR(AVERAGE(AK15:AL15),"") | AQ15: =IFERROR(AVERAGE(AO15:AP15),"") | AS15: =IFERROR(AR15,"") -> 0 | AT15: =IFERROR(AVERAGE(E15,I15),"") | AU15: =IFERROR(AVERAGE(M15,Q15,U15,Y15,AC15,AG15),"") | AV15: =IFERROR(AVERAGE(AJ15,AN15,AQ15,AS15),"") -> 0 | AW15: =IFERROR(AVERAGE(AT15:AV15),"") -> 0
A16: 11 | D16: =IFERROR(AVERAGE(B16:C16),"") | E16: =IFERROR(AVERAGE(B16:C16),"") | H16: =IFERROR(AVERAGE(F16:G16),"") | I16: =IFERROR(AVERAGE(F16:G16),"") | L16: =IFERROR(AVERAGE(J16:K16),"") | M16: =IFERROR(AVERAGE(J16:K16),"") | P16: =IFERROR(AVERAGE(N16:O16),"") | Q16: =IFERROR(AVERAGE(N16:O16),"") | T16: =IFERROR(AVERAGE(R16:S16),"") | U16: =IFERROR(AVERAGE(R16:S16),"") | X16: =IFERROR(AVERAGE(V16:W16),"") | Y16: =IFERROR(AVERAGE(V16:W16),"") | AB16: =IFERROR(AVERAGE(Z16:AA16),"") | AC16: =IFERROR(AVERAGE(Z16:AA16),"") | AF16: =IFERROR(AVERAGE(AD16:AE16),"") | AG16: =IFERROR(AVERAGE(AD16:AE16),"") | AJ16: =IFERROR(AVERAGE(AH16:AI16),"") | AM16: =IFERROR(AVERAGE(AK16:AL16),"") | AN16: =IFERROR(AVERAGE(AK16:AL16),"") | AQ16: =IFERROR(AVERAGE(AO16:AP16),"") | AS16: =IFERROR(AR16,"") -> 0 | AT16: =IFERROR(AVERAGE(E16,I16),"") | AU16: =IFERROR(AVERAGE(M16,Q16,U16,Y16,AC16,AG16),"") | AV16: =IFERROR(AVERAGE(AJ16,AN16,AQ16,AS16),"") -> 0 | AW16: =IFERROR(AVERAGE(AT16:AV16),"") -> 0
A17: 12 | D17: =IFERROR(AVERAGE(B17:C17),"") | E17: =IFERROR(AVERAGE(B17:C17),"") | H17: =IFERROR(AVERAGE(F17:G17),"") | I17: =IFERROR(AVERAGE(F17:G17),"") | L17: =IFERROR(AVERAGE(J17:K17),"") | M17: =IFERROR(AVERAGE(J17:K17),"") | P17: =IFERROR(AVERAGE(N17:O17),"") | Q17: =IFERROR(AVERAGE(N17:O17),"") | T17: =IFERROR(AVERAGE(R17:S17),"") | U17: =IFERROR(AVERAGE(R17:S17),"") | X17: =IFERROR(AVERAGE(V17:W17),"") | Y17: =IFERROR(AVERAGE(V17:W17),"") | AB17: =IFERROR(AVERAGE(Z17:AA17),"") | AC17: =IFERROR(AVERAGE(Z17:AA17),"") | AF17: =IFERROR(AVERAGE(AD17:AE17),"") | AG17: =IFERROR(AVERAGE(AD17:AE17),"") | AJ17: =IFERROR(AVERAGE(AH17:AI17),"") | AM17: =IFERROR(AVERAGE(AK17:AL17),"") | AN17: =IFERROR(AVERAGE(AK17:AL17),"") | AQ17: =IFERROR(AVERAGE(AO17:AP17),"") | AS17: =IFERROR(AR17,"") -> 0 | AT17: =IFERROR(AVERAGE(E17,I17),"") | AU17: =IFERROR(AVERAGE(M17,Q17,U17,Y17,AC17,AG17),"") | AV17: =IFERROR(AVERAGE(AJ17,AN17,AQ17,AS17),"") -> 0 | AW17: =IFERROR(AVERAGE(AT17:AV17),"") -> 0
... A25: 20 | D25: =IFERROR(AVERAGE(B25:C25),"") | E25: =IFERROR(AVERAGE(B25:C25),"") | H25: =IFERROR(AVERAGE(F25:G25),"") | I25: =IFERROR(AVERAGE(F25:G25),"") | L25: =IFERROR(AVERAGE(J25:K25),"") | M25: =IFERROR(AVERAGE(J25:K25),"") | P25: =IFERROR(AVERAGE(N25:O25),"") | Q25: =IFERROR(AVERAGE(N25:O25),"") | T25: =IFERROR(AVERAGE(R25:S25),"") | U25: =IFERROR(AVERAGE(R25:S25),"") | X25: =IFERROR(AVERAGE(V25:W25),"") | Y25: =IFERROR(AVERAGE(V25:W25),"") | AB25: =IFERROR(AVERAGE(Z25:AA25),"") | AC25: =IFERROR(AVERAGE(Z25:AA25),"") | AF25: =IFERROR(AVERAGE(AD25:AE25),"") | AG25: =IFERROR(AVERAGE(AD25:AE25),"") | AJ25: =IFERROR(AVERAGE(AH25:AI25),"") | AM25: =IFERROR(AVERAGE(AK25:AL25),"") | AN25: =IFERROR(AVERAGE(AK25:AL25),"") | AQ25: =IFERROR(AVERAGE(AO25:AP25),"") | AS25: =IFERROR(AR25,"") -> 0 | AT25: =IFERROR(AVERAGE(E25,I25),"") | AU25: =IFERROR(AVERAGE(M25,Q25,U25,Y25,AC25,AG25),"") | AV25: =IFERROR(AVERAGE(AJ25,AN25,AQ25,AS25),"") -> 0 | AW25: =IFERROR(AVERAGE(AT25:AV25),"") -> 0

Sheet ภาคเรียนที่ 2
A1: แบบบันทึกผลการประเมินพัฒนาการ การศึกษาปฐมวัย อายุ 3-4 ปี
A2: ภาคเรียนที่ 2 • ปีการศึกษา 2568 • โรงเรียนเทศบาลบ้านเนพ 1 • ชั้นอนุบาล 1 • ห้อง 1
A3: เลขที่ | B3: พัฒนาการด้านร่างกาย (มาตรฐาน 1-2) | J3: พัฒนาการด้านสังคม (มาตรฐาน 3-8) | AH3: พัฒนาการด้านสติปัญญา (มาตรฐาน 9-12) | AT3: สรุปผลการประเมิน
B4: มาตรฐาน 1 ร่างกายเจริญเติบโตตามวัยและมีสุขนิสัยที่ดี | F4: มาตรฐาน 2 กล้ามเนื้อใหญ่และกล้ามเนื้อเล็กแข็งแรง | J4: มาตรฐาน 3 มีทักษะชีวิตและ ปฏิบัติตนตามหลัก | N4: มาตรฐาน 4 มีวินัย คุณธรรม และจริยธรรม | R4: มาตรฐาน 5 มีจิตสำนึก และค่านิยมที่ดี | V4: มาตรฐาน 6 มีสุนทรียภาพ ทางศิลปะ ดนตรี | Z4: มาตรฐาน 7 รักธรรมชาติ สิ่งแวดล้อม | AD4: มาตรฐาน 8 อยู่ร่วมกับผู้อื่น ได้อย่างมีความสุข | AH4: มาตรฐาน 9 ใช้ภาษาสื่อสาร ได้เหมาะสมกับวัย | AK4: มาตรฐาน 10 มีความสามารถ ในการคิด | AO4: มาตรฐาน 11 มีจินตนาการ และความคิดสร้างสรรค์ | AR4: มาตรฐาน 12 มีเจตคติที่ดีต่อ การเรียนรู้ | AT4: ด้านร่างกาย (ตัวบ่งชี้ 1+2) | AU4: ด้านสังคม (ตัวบ่งชี้ 3-8) | AV4: ด้านสติปัญญา (ตัวบ่งชี้ 9-12) | AW4: สรุปรวม | AX4: หมายเหตุ
B5: ครั้งที่ 1 | C5: ครั้งที่ 2 | D5: สรุปตัวบ่งชี้ | E5: สรุปมาตรฐาน | F5: ครั้งที่ 1 | G5: ครั้งที่ 2 | H5: สรุปตัวบ่งชี้ | I5: สรุปมาตรฐาน | J5: ครั้งที่ 1 | K5: ครั้งที่ 2 | L5: สรุปตัวบ่งชี้ | M5: สรุปมาตรฐาน | N5: ครั้งที่ 1 | O5: ครั้งที่ 2 | P5: สรุปตัวบ่งชี้ | Q5: สรุปมาตรฐาน | R5: ครั้งที่ 1 | S5: ครั้งที่ 2 | T5: สรุปตัวบ่งชี้ | U5: สรุปมาตรฐาน | V5: ครั้งที่ 1 | W5: ครั้งที่ 2 | X5: สรุปตัวบ่งชี้ | Y5: สรุปมาตรฐาน | Z5: ครั้งที่ 1 | AA5: ครั้งที่ 2 | AB5: สรุปตัวบ่งชี้ | AC5: สรุปมาตรฐาน | AD5: ครั้งที่ 1 | AE5: ครั้งที่ 2 | AF5: สรุปตัวบ่งชี้ | AG5: สรุปมาตรฐาน | AH5: ครั้งที่ 1 | AI5: ครั้งที่ 2 | AJ5: สรุป | AK5: ครั้งที่ 1 | AL5: ครั้งที่ 2 | AM5: สรุปตัวบ่งชี้ | AN5: สรุปมาตรฐาน | AO5: ครั้งที่ 1 | AP5: ครั้งที่ 2 | AQ5: สรุป | AR5: สรุปตัวบ่งชี้ | AS5: สรุปมาตรฐาน
A6: 1 | D6: =IFERROR(AVERAGE(B6:C6),"") | E6: =IFERROR(AVERAGE(B6:C6),"") | H6: =IFERROR(AVERAGE(F6:G6),"") | I6: =IFERROR(AVERAGE(F6:G6),"") | L6: =IFERROR(AVERAGE(J6:K6),"") | M6: =IFERROR(AVERAGE(J6:K6),"") | P6: =IFERROR(AVERAGE(N6:O6),"") | Q6: =IFERROR(AVERAGE(N6:O6),"") | T6: =IFERROR(AVERAGE(R6:S6),"") | U6: =IFERROR(AVERAGE(R6:S6),"") | X6: =IFERROR(AVERAGE(V6:W6),"") | Y6: =IFERROR(AVERAGE(V6:W6),"") | AB6: =IFERROR(AVERAGE(Z6:AA6),"") | AC6: =IFERROR(AVERAGE(Z6:AA6),"") | AF6: =IFERROR(AVERAGE(AD6:AE6),"") | AG6: =IFERROR(AVERAGE(AD6:AE6),"") | AJ6: =IFERROR(AVERAGE(AH6:AI6),"") | AM6: =IFERROR(AVERAGE(AK6:AL6),"") | AN6: =IFERROR(AVERAGE(AK6:AL6),"") | AQ6: =IFERROR(AVERAGE(AO6:AP6),"") | AS6: =IFERROR(AR6,"") -> 0 | AT6: =IFERROR(AVERAGE(E6,I6),"") | AU6: =IFERROR(AVERAGE(M6,Q6,U6,Y6,AC6,AG6),"") | AV6: =IFERROR(AVERAGE(AJ6,AN6,AQ6,AS6),"") -> 0 | AW6: =IFERROR(AVERAGE(AT6:AV6),"") -> 0
A7: 2 | D7: =IFERROR(AVERAGE(B7:C7),"") | E7: =IFERROR(AVERAGE(B7:C7),"") | H7: =IFERROR(AVERAGE(F7:G7),"") | I7: =IFERROR(AVERAGE(F7:G7),"") | L7: =IFERROR(AVERAGE(J7:K7),"") | M7: =IFERROR(AVERAGE(J7:K7),"") | P7: =IFERROR(AVERAGE(N7:O7),"") | Q7: =IFERROR(AVERAGE(N7:O7),"") | T7: =IFERROR(AVERAGE(R7:S7),"") | U7: =IFERROR(AVERAGE(R7:S7),"") | X7: =IFERROR(AVERAGE(V7:W7),"") | Y7: =IFERROR(AVERAGE(V7:W7),"") | AB7: =IFERROR(AVERAGE(Z7:AA7),"") | AC7: =IFERROR(AVERAGE(Z7:AA7),"") | AF7: =IFERROR(AVERAGE(AD7:AE7),"") | AG7: =IFERROR(AVERAGE(AD7:AE7),"") | AJ7: =IFERROR(AVERAGE(AH7:AI7),"") | AM7: =IFERROR(AVERAGE(AK7:AL7),"") | AN7: =IFERROR(AVERAGE(AK7:AL7),"") | AQ7: =IFERROR(AVERAGE(AO7:AP7),"") | AS7: =IFERROR(AR7,"") -> 0 | AT7: =IFERROR(AVERAGE(E7,I7),"") | AU7: =IFERROR(AVERAGE(M7,Q7,U7,Y7,AC7,AG7),"") | AV7: =IFERROR(AVERAGE(AJ7,AN7,AQ7,AS7),"") -> 0 | AW7: =IFERROR(AVERAGE(AT7:AV7),"") -> 0
A8: 3 | D8: =IFERROR(AVERAGE(B8:C8),"") | E8: =IFERROR(AVERAGE(B8:C8),"") | H8: =IFERROR(AVERAGE(F8:G8),"") | I8: =IFERROR(AVERAGE(F8:G8),"") | L8: =IFERROR(AVERAGE(J8:K8),"") | M8: =IFERROR(AVERAGE(J8:K8),"") | P8: =IFERROR(AVERAGE(N8:O8),"") | Q8: =IFERROR(AVERAGE(N8:O8),"") | T8: =IFERROR(AVERAGE(R8:S8),"") | U8: =IFERROR(AVERAGE(R8:S8),"") | X8: =IFERROR(AVERAGE(V8:W8),"") | Y8: =IFERROR(AVERAGE(V8:W8),"") | AB8: =IFERROR(AVERAGE(Z8:AA8),"") | AC8: =IFERROR(AVERAGE(Z8:AA8),"") | AF8: =IFERROR(AVERAGE(AD8:AE8),"") | AG8: =IFERROR(AVERAGE(AD8:AE8),"") | AJ8: =IFERROR(AVERAGE(AH8:AI8),"") | AM8: =IFERROR(AVERAGE(AK8:AL8),"") | AN8: =IFERROR(AVERAGE(AK8:AL8),"") | AQ8: =IFERROR(AVERAGE(AO8:AP8),"") | AS8: =IFERROR(AR8,"") -> 0 | AT8: =IFERROR(AVERAGE(E8,I8),"") | AU8: =IFERROR(AVERAGE(M8,Q8,U8,Y8,AC8,AG8),"") | AV8: =IFERROR(AVERAGE(AJ8,AN8,AQ8,AS8),"") -> 0 | AW8: =IFERROR(AVERAGE(AT8:AV8),"") -> 0
A9: 4 | D9: =IFERROR(AVERAGE(B9:C9),"") | E9: =IFERROR(AVERAGE(B9:C9),"") | H9: =IFERROR(AVERAGE(F9:G9),"") | I9: =IFERROR(AVERAGE(F9:G9),"") | L9: =IFERROR(AVERAGE(J9:K9),"") | M9: =IFERROR(AVERAGE(J9:K9),"") | P9: =IFERROR(AVERAGE(N9:O9),"") | Q9: =IFERROR(AVERAGE(N9:O9),"") | T9: =IFERROR(AVERAGE(R9:S9),"") | U9: =IFERROR(AVERAGE(R9:S9),"") | X9: =IFERROR(AVERAGE(V9:W9),"") | Y9: =IFERROR(AVERAGE(V9:W9),"") | AB9: =IFERROR(AVERAGE(Z9:AA9),"") | AC9: =IFERROR(AVERAGE(Z9:AA9),"") | AF9: =IFERROR(AVERAGE(AD9:AE9),"") | AG9: =IFERROR(AVERAGE(AD9:AE9),"") | AJ9: =IFERROR(AVERAGE(AH9:AI9),"") | AM9: =IFERROR(AVERAGE(AK9:AL9),"") | AN9: =IFERROR(AVERAGE(AK9:AL9),"") | AQ9: =IFERROR(AVERAGE(AO9:AP9),"") | AS9: =IFERROR(AR9,"") -> 0 | AT9: =IFERROR(AVERAGE(E9,I9),"") | AU9: =IFERROR(AVERAGE(M9,Q9,U9,Y9,AC9,AG9),"") | AV9: =IFERROR(AVERAGE(AJ9,AN9,AQ9,AS9),"") -> 0 | AW9: =IFERROR(AVERAGE(AT9:AV9),"") -> 0
A10: 5 | D10: =IFERROR(AVERAGE(B10:C10),"") | E10: =IFERROR(AVERAGE(B10:C10),"") | H10: =IFERROR(AVERAGE(F10:G10),"") | I10: =IFERROR(AVERAGE(F10:G10),"") | L10: =IFERROR(AVERAGE(J10:K10),"") | M10: =IFERROR(AVERAGE(J10:K10),"") | P10: =IFERROR(AVERAGE(N10:O10),"") | Q10: =IFERROR(AVERAGE(N10:O10),"") | T10: =IFERROR(AVERAGE(R10:S10),"") | U10: =IFERROR(AVERAGE(R10:S10),"") | X10: =IFERROR(AVERAGE(V10:W10),"") | Y10: =IFERROR(AVERAGE(V10:W10),"") | AB10: =IFERROR(AVERAGE(Z10:AA10),"") | AC10: =IFERROR(AVERAGE(Z10:AA10),"") | AF10: =IFERROR(AVERAGE(AD10:AE10),"") | AG10: =IFERROR(AVERAGE(AD10:AE10),"") | AJ10: =IFERROR(AVERAGE(AH10:AI10),"") | AM10: =IFERROR(AVERAGE(AK10:AL10),"") | AN10: =IFERROR(AVERAGE(AK10:AL10),"") | AQ10: =IFERROR(AVERAGE(AO10:AP10),"") | AS10: =IFERROR(AR10,"") -> 0 | AT10: =IFERROR(AVERAGE(E10,I10),"") | AU10: =IFERROR(AVERAGE(M10,Q10,U10,Y10,AC10,AG10),"") | AV10: =IFERROR(AVERAGE(AJ10,AN10,AQ10,AS10),"") -> 0 | AW10: =IFERROR(AVERAGE(AT10:AV10),"") -> 0
A11: 6 | D11: =IFERROR(AVERAGE(B11:C11),"") | E11: =IFERROR(AVERAGE(B11:C11),"") | H11: =IFERROR(AVERAGE(F11:G11),"") | I11: =IFERROR(AVERAGE(F11:G11),"") | L11: =IFERROR(AVERAGE(J11:K11),"") | M11: =IFERROR(AVERAGE(J11:K11),"") | P11: =IFERROR(AVERAGE(N11:O11),"") | Q11: =IFERROR(AVERAGE(N11:O11),"") | T11: =IFERROR(AVERAGE(R11:S11),"") | U11: =IFERROR(AVERAGE(R11:S11),"") | X11: =IFERROR(AVERAGE(V11:W11),"") | Y11: =IFERROR(AVERAGE(V11:W11),"") | AB11: =IFERROR(AVERAGE(Z11:AA11),"") | AC11: =IFERROR(AVERAGE(Z11:AA11),"") | AF11: =IFERROR(AVERAGE(AD11:AE11),"") | AG11: =IFERROR(AVERAGE(AD11:AE11),"") | AJ11: =IFERROR(AVERAGE(AH11:AI11),"") | AM11: =IFERROR(AVERAGE(AK11:AL11),"") | AN11: =IFERROR(AVERAGE(AK11:AL11),"") | AQ11: =IFERROR(AVERAGE(AO11:AP11),"") | AS11: =IFERROR(AR11,"") -> 0 | AT11: =IFERROR(AVERAGE(E11,I11),"") | AU11: =IFERROR(AVERAGE(M11,Q11,U11,Y11,AC11,AG11),"") | AV11: =IFERROR(AVERAGE(AJ11,AN11,AQ11,AS11),"") -> 0 | AW11: =IFERROR(AVERAGE(AT11:AV11),"") -> 0
A12: 7 | D12: =IFERROR(AVERAGE(B12:C12),"") | E12: =IFERROR(AVERAGE(B12:C12),"") | H12: =IFERROR(AVERAGE(F12:G12),"") | I12: =IFERROR(AVERAGE(F12:G12),"") | L12: =IFERROR(AVERAGE(J12:K12),"") | M12: =IFERROR(AVERAGE(J12:K12),"") | P12: =IFERROR(AVERAGE(N12:O12),"") | Q12: =IFERROR(AVERAGE(N12:O12),"") | T12: =IFERROR(AVERAGE(R12:S12),"") | U12: =IFERROR(AVERAGE(R12:S12),"") | X12: =IFERROR(AVERAGE(V12:W12),"") | Y12: =IFERROR(AVERAGE(V12:W12),"") | AB12: =IFERROR(AVERAGE(Z12:AA12),"") | AC12: =IFERROR(AVERAGE(Z12:AA12),"") | AF12: =IFERROR(AVERAGE(AD12:AE12),"") | AG12: =IFERROR(AVERAGE(AD12:AE12),"") | AJ12: =IFERROR(AVERAGE(AH12:AI12),"") | AM12: =IFERROR(AVERAGE(AK12:AL12),"") | AN12: =IFERROR(AVERAGE(AK12:AL12),"") | AQ12: =IFERROR(AVERAGE(AO12:AP12),"") | AS12: =IFERROR(AR12,"") -> 0 | AT12: =IFERROR(AVERAGE(E12,I12),"") | AU12: =IFERROR(AVERAGE(M12,Q12,U12,Y12,AC12,AG12),"") | AV12: =IFERROR(AVERAGE(AJ12,AN12,AQ12,AS12),"") -> 0 | AW12: =IFERROR(AVERAGE(AT12:AV12),"") -> 0
A13: 8 | D13: =IFERROR(AVERAGE(B13:C13),"") | E13: =IFERROR(AVERAGE(B13:C13),"") | H13: =IFERROR(AVERAGE(F13:G13),"") | I13: =IFERROR(AVERAGE(F13:G13),"") | L13: =IFERROR(AVERAGE(J13:K13),"") | M13: =IFERROR(AVERAGE(J13:K13),"") | P13: =IFERROR(AVERAGE(N13:O13),"") | Q13: =IFERROR(AVERAGE(N13:O13),"") | T13: =IFERROR(AVERAGE(R13:S13),"") | U13: =IFERROR(AVERAGE(R13:S13),"") | X13: =IFERROR(AVERAGE(V13:W13),"") | Y13: =IFERROR(AVERAGE(V13:W13),"") | AB13: =IFERROR(AVERAGE(Z13:AA13),"") | AC13: =IFERROR(AVERAGE(Z13:AA13),"") | AF13: =IFERROR(AVERAGE(AD13:AE13),"") | AG13: =IFERROR(AVERAGE(AD13:AE13),"") | AJ13: =IFERROR(AVERAGE(AH13:AI13),"") | AM13: =IFERROR(AVERAGE(AK13:AL13),"") | AN13: =IFERROR(AVERAGE(AK13:AL13),"") | AQ13: =IFERROR(AVERAGE(AO13:AP13),"") | AS13: =IFERROR(AR13,"") -> 0 | AT13: =IFERROR(AVERAGE(E13,I13),"") | AU13: =IFERROR(AVERAGE(M13,Q13,U13,Y13,AC13,AG13),"") | AV13: =IFERROR(AVERAGE(AJ13,AN13,AQ13,AS13),"") -> 0 | AW13: =IFERROR(AVERAGE(AT13:AV13),"") -> 0
A14: 9 | D14: =IFERROR(AVERAGE(B14:C14),"") | E14: =IFERROR(AVERAGE(B14:C14),"") | H14: =IFERROR(AVERAGE(F14:G14),"") | I14: =IFERROR(AVERAGE(F14:G14),"") | L14: =IFERROR(AVERAGE(J14:K14),"") | M14: =IFERROR(AVERAGE(J14:K14),"") | P14: =IFERROR(AVERAGE(N14:O14),"") | Q14: =IFERROR(AVERAGE(N14:O14),"") | T14: =IFERROR(AVERAGE(R14:S14),"") | U14: =IFERROR(AVERAGE(R14:S14),"") | X14: =IFERROR(AVERAGE(V14:W14),"") | Y14: =IFERROR(AVERAGE(V14:W14),"") | AB14: =IFERROR(AVERAGE(Z14:AA14),"") | AC14: =IFERROR(AVERAGE(Z14:AA14),"") | AF14: =IFERROR(AVERAGE(AD14:AE14),"") | AG14: =IFERROR(AVERAGE(AD14:AE14),"") | AJ14: =IFERROR(AVERAGE(AH14:AI14),"") | AM14: =IFERROR(AVERAGE(AK14:AL14),"") | AN14: =IFERROR(AVERAGE(AK14:AL14),"") | AQ14: =IFERROR(AVERAGE(AO14:AP14),"") | AS14: =IFERROR(AR14,"") -> 0 | AT14: =IFERROR(AVERAGE(E14,I14),"") | AU14: =IFERROR(AVERAGE(M14,Q14,U14,Y14,AC14,AG14),"") | AV14: =IFERROR(AVERAGE(AJ14,AN14,AQ14,AS14),"") -> 0 | AW14: =IFERROR(AVERAGE(AT14:AV14),"") -> 0
A15: 10 | D15: =IFERROR(AVERAGE(B15:C15),"") | E15: =IFERROR(AVERAGE(B15:C15),"") | H15: =IFERROR(AVERAGE(F15:G15),"") | I15: =IFERROR(AVERAGE(F15:G15),"") | L15: =IFERROR(AVERAGE(J15:K15),"") | M15: =IFERROR(AVERAGE(J15:K15),"") | P15: =IFERROR(AVERAGE(N15:O15),"") | Q15: =IFERROR(AVERAGE(N15:O15),"") | T15: =IFERROR(AVERAGE(R15:S15),"") | U15: =IFERROR(AVERAGE(R15:S15),"") | X15: =IFERROR(AVERAGE(V15:W15),"") | Y15: =IFERROR(AVERAGE(V15:W15),"") | AB15: =IFERROR(AVERAGE(Z15:AA15),"") | AC15: =IFERROR(AVERAGE(Z15:AA15),"") | AF15: =IFERROR(AVERAGE(AD15:AE15),"") | AG15: =IFERROR(AVERAGE(AD15:AE15),"") | AJ15: =IFERROR(AVERAGE(AH15:AI15),"") | AM15: =IFERROR(AVERAGE(AK15:AL15),"") | AN15: =IFERROR(AVERAGE(AK15:AL15),"") | AQ15: =IFERROR(AVERAGE(AO15:AP15),"") | AS15: =IFERROR(AR15,"") -> 0 | AT15: =IFERROR(AVERAGE(E15,I15),"") | AU15: =IFERROR(AVERAGE(M15,Q15,U15,Y15,AC15,AG15),"") | AV15: =IFERROR(AVERAGE(AJ15,AN15,AQ15,AS15),"") -> 0 | AW15: =IFERROR(AVERAGE(AT15:AV15),"") -> 0
A16: 11 | D16: =IFERROR(AVERAGE(B16:C16),"") | E16: =IFERROR(AVERAGE(B16:C16),"") | H16: =IFERROR(AVERAGE(F16:G16),"") | I16: =IFERROR(AVERAGE(F16:G16),"") | L16: =IFERROR(AVERAGE(J16:K16),"") | M16: =IFERROR(AVERAGE(J16:K16),"") | P16: =IFERROR(AVERAGE(N16:O16),"") | Q16: =IFERROR(AVERAGE(N16:O16),"") | T16: =IFERROR(AVERAGE(R16:S16),"") | U16: =IFERROR(AVERAGE(R16:S16),"") | X16: =IFERROR(AVERAGE(V16:W16),"") | Y16: =IFERROR(AVERAGE(V16:W16),"") | AB16: =IFERROR(AVERAGE(Z16:AA16),"") | AC16: =IFERROR(AVERAGE(Z16:AA16),"") | AF16: =IFERROR(AVERAGE(AD16:AE16),"") | AG16: =IFERROR(AVERAGE(AD16:AE16),"") | AJ16: =IFERROR(AVERAGE(AH16:AI16),"") | AM16: =IFERROR(AVERAGE(AK16:AL16),"") | AN16: =IFERROR(AVERAGE(AK16:AL16),"") | AQ16: =IFERROR(AVERAGE(AO16:AP16),"") | AS16: =IFERROR(AR16,"") -> 0 | AT16: =IFERROR(AVERAGE(E16,I16),"") | AU16: =IFERROR(AVERAGE(M16,Q16,U16,Y16,AC16,AG16),"") | AV16: =IFERROR(AVERAGE(AJ16,AN16,AQ16,AS16),"") -> 0 | AW16: =IFERROR(AVERAGE(AT16:AV16),"") -> 0
A17: 12 | D17: =IFERROR(AVERAGE(B17:C17),"") | E17: =IFERROR(AVERAGE(B17:C17),"") | H17: =IFERROR(AVERAGE(F17:G17),"") | I17: =IFERROR(AVERAGE(F17:G17),"") | L17: =IFERROR(AVERAGE(J17:K17),"") | M17: =IFERROR(AVERAGE(J17:K17),"") | P17: =IFERROR(AVERAGE(N17:O17),"") | Q17: =IFERROR(AVERAGE(N17:O17),"") | T17: =IFERROR(AVERAGE(R17:S17),"") | U17: =IFERROR(AVERAGE(R17:S17),"") | X17: =IFERROR(AVERAGE(V17:W17),"") | Y17: =IFERROR(AVERAGE(V17:W17),"") | AB17: =IFERROR(AVERAGE(Z17:AA17),"") | AC17: =IFERROR(AVERAGE(Z17:AA17),"") | AF17: =IFERROR(AVERAGE(AD17:AE17),"") | AG17: =IFERROR(AVERAGE(AD17:AE17),"") | AJ17: =IFERROR(AVERAGE(AH17:AI17),"") | AM17: =IFERROR(AVERAGE(AK17:AL17),"") | AN17: =IFERROR(AVERAGE(AK17:AL17),"") | AQ17: =IFERROR(AVERAGE(AO17:AP17),"") | AS17: =IFERROR(AR17,"") -> 0 | AT17: =IFERROR(AVERAGE(E17,I17),"") | AU17: =IFERROR(AVERAGE(M17,Q17,U17,Y17,AC17,AG17),"") | AV17: =IFERROR(AVERAGE(AJ17,AN17,AQ17,AS17),"") -> 0 | AW17: =IFERROR(AVERAGE(AT17:AV17),"") -> 0
... A25: 20 | D25: =IFERROR(AVERAGE(B25:C25),"") | E25: =IFERROR(AVERAGE(B25:C25),"") | H25: =IFERROR(AVERAGE(F25:G25),"") | I25: =IFERROR(AVERAGE(F25:G25),"") | L25: =IFERROR(AVERAGE(J25:K25),"") | M25: =IFERROR(AVERAGE(J25:K25),"") | P25: =IFERROR(AVERAGE(N25:O25),"") | Q25: =IFERROR(AVERAGE(N25:O25),"") | T25: =IFERROR(AVERAGE(R25:S25),"") | U25: =IFERROR(AVERAGE(R25:S25),"") | X25: =IFERROR(AVERAGE(V25:W25),"") | Y25: =IFERROR(AVERAGE(V25:W25),"") | AB25: =IFERROR(AVERAGE(Z25:AA25),"") | AC25: =IFERROR(AVERAGE(Z25:AA25),"") | AF25: =IFERROR(AVERAGE(AD25:AE25),"") | AG25: =IFERROR(AVERAGE(AD25:AE25),"") | AJ25: =IFERROR(AVERAGE(AH25:AI25),"") | AM25: =IFERROR(AVERAGE(AK25:AL25),"") | AN25: =IFERROR(AVERAGE(AK25:AL25),"") | AQ25: =IFERROR(AVERAGE(AO25:AP25),"") | AS25: =IFERROR(AR25,"") -> 0 | AT25: =IFERROR(AVERAGE(E25,I25),"") | AU25: =IFERROR(AVERAGE(M25,Q25,U25,Y25,AC25,AG25),"") | AV25: =IFERROR(AVERAGE(AJ25,AN25,AQ25,AS25),"") -> 0 | AW25: =IFERROR(AVERAGE(AT25:AV25),"") -> 0

Sheet สรุปผลรายปี
A1: สรุปผลการประเมินพัฒนาการ รายปีการศึกษา 2568
A2: เลขที่ | B2: ด้านร่างกาย ภาค 1 | C2: ด้านร่างกาย ภาค 2 | D2: ด้านสังคม ภาค 1 | E2: ด้านสังคม ภาค 2 | F2: ด้านสติปัญญา ภาค 1 | G2: ด้านสติปัญญา ภาค 2 | H2: เฉลี่ยรวม ภาค 1 | I2: เฉลี่ยรวม ภาค 2 | J2: หมายเหตุ
A3: 1 | B3: ='ภาคเรียนที่ 1'!AT6 | C3: ='ภาคเรียนที่ 2'!AT6 | D3: ='ภาคเรียนที่ 1'!AU6 | E3: ='ภาคเรียนที่ 2'!AU6 | F3: ='ภาคเรียนที่ 1'!AV6 -> 0 | G3: ='ภาคเรียนที่ 2'!AV6 -> 0 | H3: ='ภาคเรียนที่ 1'!AW6 -> 0 | I3: ='ภาคเรียนที่ 2'!AW6 -> 0
A4: 2 | B4: ='ภาคเรียนที่ 1'!AT7 | C4: ='ภาคเรียนที่ 2'!AT7 | D4: ='ภาคเรียนที่ 1'!AU7 | E4: ='ภาคเรียนที่ 2'!AU7 | F4: ='ภาคเรียนที่ 1'!AV7 -> 0 | G4: ='ภาคเรียนที่ 2'!AV7 -> 0 | H4: ='ภาคเรียนที่ 1'!AW7 -> 0 | I4: ='ภาคเรียนที่ 2'!AW7 -> 0
A5: 3 | B5: ='ภาคเรียนที่ 1'!AT8 | C5: ='ภาคเรียนที่ 2'!AT8 | D5: ='ภาคเรียนที่ 1'!AU8 | E5: ='ภาคเรียนที่ 2'!AU8 | F5: ='ภาคเรียนที่ 1'!AV8 -> 0 | G5: ='ภาคเรียนที่ 2'!AV8 -> 0 | H5: ='ภาคเรียนที่ 1'!AW8 -> 0 | I5: ='ภาคเรียนที่ 2'!AW8 -> 0
A6: 4 | B6: ='ภาคเรียนที่ 1'!AT9 | C6: ='ภาคเรียนที่ 2'!AT9 | D6: ='ภาคเรียนที่ 1'!AU9 | E6: ='ภาคเรียนที่ 2'!AU9 | F6: ='ภาคเรียนที่ 1'!AV9 -> 0 | G6: ='ภาคเรียนที่ 2'!AV9 -> 0 | H6: ='ภาคเรียนที่ 1'!AW9 -> 0 | I6: ='ภาคเรียนที่ 2'!AW9 -> 0
A7: 5 | B7: ='ภาคเรียนที่ 1'!AT10 | C7: ='ภาคเรียนที่ 2'!AT10 | D7: ='ภาคเรียนที่ 1'!AU10 | E7: ='ภาคเรียนที่ 2'!AU10 | F7: ='ภาคเรียนที่ 1'!AV10 -> 0 | G7: ='ภาคเรียนที่ 2'!AV10 -> 0 | H7: ='ภาคเรียนที่ 1'!AW10 -> 0 | I7: ='ภาคเรียนที่ 2'!AW10 -> 0
A8: 6 | B8: ='ภาคเรียนที่ 1'!AT11 | C8: ='ภาคเรียนที่ 2'!AT11 | D8: ='ภาคเรียนที่ 1'!AU11 | E8: ='ภาคเรียนที่ 2'!AU11 | F8: ='ภาคเรียนที่ 1'!AV11 -> 0 | G8: ='ภาคเรียนที่ 2'!AV11 -> 0 | H8: ='ภาคเรียนที่ 1'!AW11 -> 0 | I8: ='ภาคเรียนที่ 2'!AW11 -> 0
A9: 7 | B9: ='ภาคเรียนที่ 1'!AT12 | C9: ='ภาคเรียนที่ 2'!AT12 | D9: ='ภาคเรียนที่ 1'!AU12 | E9: ='ภาคเรียนที่ 2'!AU12 | F9: ='ภาคเรียนที่ 1'!AV12 -> 0 | G9: ='ภาคเรียนที่ 2'!AV12 -> 0 | H9: ='ภาคเรียนที่ 1'!AW12 -> 0 | I9: ='ภาคเรียนที่ 2'!AW12 -> 0
A10: 8 | B10: ='ภาคเรียนที่ 1'!AT13 | C10: ='ภาคเรียนที่ 2'!AT13 | D10: ='ภาคเรียนที่ 1'!AU13 | E10: ='ภาคเรียนที่ 2'!AU13 | F10: ='ภาคเรียนที่ 1'!AV13 -> 0 | G10: ='ภาคเรียนที่ 2'!AV13 -> 0 | H10: ='ภาคเรียนที่ 1'!AW13 -> 0 | I10: ='ภาคเรียนที่ 2'!AW13 -> 0
A11: 9 | B11: ='ภาคเรียนที่ 1'!AT14 | C11: ='ภาคเรียนที่ 2'!AT14 | D11: ='ภาคเรียนที่ 1'!AU14 | E11: ='ภาคเรียนที่ 2'!AU14 | F11: ='ภาคเรียนที่ 1'!AV14 -> 0 | G11: ='ภาคเรียนที่ 2'!AV14 -> 0 | H11: ='ภาคเรียนที่ 1'!AW14 -> 0 | I11: ='ภาคเรียนที่ 2'!AW14 -> 0
A12: 10 | B12: ='ภาคเรียนที่ 1'!AT15 | C12: ='ภาคเรียนที่ 2'!AT15 | D12: ='ภาคเรียนที่ 1'!AU15 | E12: ='ภาคเรียนที่ 2'!AU15 | F12: ='ภาคเรียนที่ 1'!AV15 -> 0 | G12: ='ภาคเรียนที่ 2'!AV15 -> 0 | H12: ='ภาคเรียนที่ 1'!AW15 -> 0 | I12: ='ภาคเรียนที่ 2'!AW15 -> 0
A13: 11 | B13: ='ภาคเรียนที่ 1'!AT16 | C13: ='ภาคเรียนที่ 2'!AT16 | D13: ='ภาคเรียนที่ 1'!AU16 | E13: ='ภาคเรียนที่ 2'!AU16 | F13: ='ภาคเรียนที่ 1'!AV16 -> 0 | G13: ='ภาคเรียนที่ 2'!AV16 -> 0 | H13: ='ภาคเรียนที่ 1'!AW16 -> 0 | I13: ='ภาคเรียนที่ 2'!AW16 -> 0
A14: 12 | B14: ='ภาคเรียนที่ 1'!AT17 | C14: ='ภาคเรียนที่ 2'!AT17 | D14: ='ภาคเรียนที่ 1'!AU17 | E14: ='ภาคเรียนที่ 2'!AU17 | F14: ='ภาคเรียนที่ 1'!AV17 -> 0 | G14: ='ภาคเรียนที่ 2'!AV17 -> 0 | H14: ='ภาคเรียนที่ 1'!AW17 -> 0 | I14: ='ภาคเรียนที่ 2'!AW17 -> 0
... A22: 20 | B22: ='ภาคเรียนที่ 1'!AT25 | C22: ='ภาคเรียนที่ 2'!AT25 | D22: ='ภาคเรียนที่ 1'!AU25 | E22: ='ภาคเรียนที่ 2'!AU25 | F22: ='ภาคเรียนที่ 1'!AV25 -> 0 | G22: ='ภาคเรียนที่ 2'!AV25 -> 0 | H22: ='ภาคเรียนที่ 1'!AW25 -> 0 | I22: ='ภาคเรียนที่ 2'!AW25 -> 0

Sheet คำอธิบายการใช้งาน
A1: คำอธิบายการใช้งาน Template
B2: หัวข้อ | C2: รายละเอียด | D2: หมายเหตุ
B3: ระบบการให้คะแนน | C3: ระดับ 1 = ต้องปรับปรุง
C4: ระดับ 2 = พอใช้
C5: ระดับ 3 = ดี
B6: การกรอกข้อมูล | C6: กรอกค่า 1, 2 หรือ 3 ในช่องสีขาว | D6: ช่องสีเขียว/ส้ม = คำนวณอัตโนมัติ
B7: Sheet ภาคเรียนที่ 1 | C7: บันทึกผลการประเมินภาคเรียนที่ 1
B8: Sheet ภาคเรียนที่ 2 | C8: บันทึกผลการประเมินภาคเรียนที่ 2
B9: Sheet สรุปผลรายปี | C9: ดึงข้อมูลอัตโนมัติจากทั้ง 2 ภาคเรียน
B10: จำนวนนักเรียน | C10: รองรับสูงสุด 20 คนต่อห้อง | D10: เพิ่มแถวได้โดย copy format
B11: มาตรฐานที่ประเมิน | C11: มาตรฐาน 1-2 : ด้านร่างกาย
C12: มาตรฐาน 3-8 : ด้านสังคม
C13: มาตรฐาน 9-12 : ด้านสติปัญญา
